hex,red,green,blue,hue,saturation_v,saturation_l,value,lightness
#07544C,7,84,76,173.76623,0.91667,0.84615,0.32941,0.17843
#5129FF,81,41,255,251.21495,0.83922,1.0,1.0,0.58039
#B4F938,180,249,56,81.45078,0.7751,0.94146,0.97647,0.59804
#32BE3A,50,190,58,123.42857,0.73684,0.58333,0.7451,0.47059
#77C449,119,196,73,97.56098,0.62755,0.51037,0.76863,0.52745
#C92D98,201,45,152,318.84615,0.77612,0.63415,0.78824,0.48235
#716968,113,105,104,6.66667,0.07965,0.04147,0.44314,0.42549
#D258D5,210,88,213,298.56,0.58685,0.59809,0.83529,0.5902
#2CEB3F,44,235,63,125.96859,0.81277,0.82684,0.92157,0.54706
#DBEE89,219,238,137,71.28713,0.42437,0.74815,0.93333,0.73529
#5007BB,80,7,187,264.33333,0.96257,0.92784,0.73333,0.38039
#0B33E1,11,51,225,228.78505,0.95111,0.90678,0.88235,0.46275
#0C272C,12,39,44,189.375,0.72727,0.57143,0.17255,0.1098
#1018DD,16,24,221,237.65854,0.9276,0.86498,0.86667,0.46471
#D2BCDF,210,188,223,277.71429,0.15695,0.35354,0.87451,0.80588
#BB1C07,187,28,7,7.0,0.96257,0.92784,0.73333,0.38039
#3F8050,63,128,80,135.69231,0.50781,0.34031,0.50196,0.37451
#1DBA08,29,186,8,112.92135,0.95699,0.91753,0.72941,0.38039
#4DEB74,77,235,116,134.81013,0.67234,0.79798,0.92157,0.61176
#4C0A21,76,10,33,339.09091,0.86842,0.76744,0.29804,0.16863
#658546,101,133,70,90.47619,0.47368,0.31034,0.52157,0.39804
#4E1AFA,78,26,250,253.92857,0.896,0.95726,0.98039,0.54118
#E2E403,226,228,3,60.53333,0.98684,0.97403,0.89412,0.45294
#90764D,144,118,77,36.71642,0.46528,0.30317,0.56471,0.43333
#874F7F,135,79,127,308.57143,0.41481,0.26168,0.52941,0.41961
#F6DA41,246,218,65,50.71823,0.73577,0.90955,0.96471,0.6098
#E8918D,232,145,141,2.63736,0.39224,0.66423,0.9098,0.73137
#C0BBB7,192,187,183,26.66667,0.04687,0.06667,0.75294,0.73529
#D1D951,209,217,81,63.52941,0.62673,0.64151,0.85098,0.58431
#58ED4F,88,237,79,116.58228,0.66667,0.81443,0.92941,0.61961
#6D7E69,109,126,105,108.57143,0.16667,0.09091,0.49412,0.45294
#EDD18C,237,209,140,42.68041,0.40928,0.72932,0.92941,0.73922
#C0F1C1,192,241,193,121.22449,0.20332,0.63636,0.9451,0.84902
#2F1660,47,22,96,260.27027,0.77083,0.62712,0.37647,0.23137
#3C9EC7,60,158,199,197.69784,0.69849,0.55378,0.78039,0.50784
#1BDA14,27,218,20,117.87879,0.90826,0.83193,0.8549,0.46667
#08DCAF,8,220,175,167.26415,0.96364,0.92982,0.86275,0.44706
#591C2F,89,28,47,341.31148,0.68539,0.52137,0.34902,0.22941
#425777,66,87,119,216.22642,0.44538,0.28649,0.46667,0.36275
#24A5C7,36,165,199,192.51534,0.8191,0.69362,0.78039,0.46078
#B35273,179,82,115,339.58763,0.5419,0.38956,0.70196,0.51176
#A8C972,168,201,114,82.75862,0.43284,0.44615,0.78824,0.61765
#B492EA,180,146,234,263.18182,0.37607,0.67692,0.91765,0.7451
#674607,103,70,7,39.375,0.93204,0.87273,0.40392,0.21569
#44754C,68,117,76,129.79592,0.4188,0.26486,0.45882,0.36275
#98D179,152,209,121,98.86364,0.42105,0.48889,0.81961,0.64706
#21D6B8,33,214,184,170.05525,0.84579,0.73279,0.83922,0.48431
#DFE897,223,232,151,66.66667,0.34914,0.6378,0.9098,0.75098
#3E913F,62,145,63,120.72289,0.57241,0.40097,0.56863,0.40588
#74037A,116,3,122,296.97479,0.97541,0.952,0.47843,0.2451
#B04D17,176,77,23,21.17647,0.86932,0.76884,0.6902,0.3902
#DBC00E,219,192,14,52.09756,0.93607,0.87983,0.85882,0.45686
#5E2787,94,39,135,274.375,0.71111,0.55172,0.52941,0.34118
#BB46DA,187,70,218,287.43243,0.6789,0.66667,0.8549,0.56471
#246654,36,102,84,163.63636,0.64706,0.47826,0.4,0.27059
#56BD60,86,189,96,125.82524,0.54497,0.4383,0.74118,0.53922
#49D0E2,73,208,226,187.05882,0.67699,0.72512,0.88627,0.58627
#745014,116,80,20,37.5,0.82759,0.70588,0.4549,0.26667
#A89938,168,153,56,51.96429,0.66667,0.5,0.65882,0.43922
#B9793A,185,121,58,29.76378,0.68649,0.52263,0.72549,0.47647
#1B3414,27,52,20,106.875,0.61538,0.44444,0.20392,0.14118
#AA64FF,170,100,255,267.09677,0.60784,1.0,1.0,0.69608
#59C33F,89,195,63,108.18182,0.67692,0.52381,0.76471,0.50588
#347084,52,112,132,195.0,0.60606,0.43478,0.51765,0.36078
#3BA63F,59,166,63,122.24299,0.64458,0.47556,0.65098,0.44118
#D7C8C7,215,200,199,3.75,0.07442,0.16667,0.84314,0.81176
#2A7A89,42,122,137,189.47368,0.69343,0.53073,0.53725,0.35098
#307684,48,118,132,190.0,0.63636,0.46667,0.51765,0.35294
#B3057B,179,5,123,319.31034,0.97207,0.94565,0.70196,0.36078
#D34A79,211,74,121,339.41606,0.64929,0.60889,0.82745,0.55882
#92983C,146,152,60,63.91304,0.60526,0.43396,0.59608,0.41569
#C1B5EF,193,181,239,252.41379,0.24268,0.64444,0.93725,0.82353
#72357B,114,53,123,292.28571,0.56911,0.39773,0.48235,0.3451
#D1066A,209,6,106,330.44335,0.97129,0.94419,0.81961,0.42157
#FAD0F1,250,208,241,312.85714,0.168,0.80769,0.98039,0.89804
#45F314,69,243,20,106.81614,0.9177,0.90283,0.95294,0.51569
#E9BFDD,233,191,221,317.14286,0.18026,0.48837,0.91373,0.83137
#3EAC69,62,172,105,143.45455,0.63953,0.47009,0.67451,0.45882
#E93866,233,56,102,344.40678,0.75966,0.8009,0.91373,0.56667
#06E206,6,226,6,120.0,0.97345,0.94828,0.88627,0.4549
#B4FFCF,180,255,207,141.6,0.29412,1.0,1.0,0.85294
#588FB7,88,143,183,205.26316,0.51913,0.39749,0.71765,0.53137
#4C1C2C,76,28,44,340.0,0.63158,0.46154,0.29804,0.20392
#C061C3,192,97,195,298.16327,0.50256,0.44954,0.76471,0.57255
#958D08,149,141,8,56.59574,0.94631,0.89809,0.58431,0.30784
#0E537E,14,83,126,203.03571,0.88889,0.8,0.49412,0.27451
#153293,21,50,147,226.19048,0.85714,0.75,0.57647,0.32941
#B37CBA,179,124,186,293.22581,0.33333,0.31,0.72941,0.60784
#081B7D,8,27,125,230.25641,0.936,0.8797,0.4902,0.26078
#8473DC,132,115,220,249.71429,0.47727,0.6,0.86275,0.65686
#70F959,112,249,89,111.375,0.64257,0.93023,0.97647,0.66275
#C943B1,201,67,177,310.74627,0.66667,0.55372,0.78824,0.52549
#A4A9D6,164,169,214,234.0,0.23364,0.37879,0.83922,0.74118
#D2BB27,210,187,39,51.92982,0.81429,0.68675,0.82353,0.48824
#B0E3D8,176,227,216,167.05882,0.22467,0.47664,0.8902,0.7902
#DDB0AE,221,176,174,2.55319,0.21267,0.4087,0.86667,0.77451
#6E1B96,110,27,150,280.4878,0.82,0.69492,0.58824,0.34706
#B71BDC,183,27,220,288.49741,0.87727,0.78138,0.86275,0.48431
#295CAE,41,92,174,216.99248,0.76437,0.6186,0.68235,0.42157
#8890EA,136,144,234,235.10204,0.4188,0.7,0.91765,0.72549
#1E023D,30,2,61,268.47458,0.96721,0.93651,0.23922,0.12353
#DE05A0,222,5,160,317.14286,0.97748,0.95595,0.87059,0.4451
#FB3772,251,55,114,341.93878,0.78088,0.96078,0.98431,0.6
#535970,83,89,112,227.58621,0.25893,0.14872,0.43922,0.38235
#B297F8,178,151,248,256.70103,0.39113,0.87387,0.97255,0.78235
#50734A,80,115,74,111.21951,0.35652,0.21693,0.45098,0.37059
#BFB7BB,191,183,187,330.0,0.04188,0.05882,0.74902,0.73333
#C2C49F,194,196,159,63.24324,0.18878,0.23871,0.76863,0.69608
#00D106,0,209,6,121.72249,1.0,1.0,0.81961,0.4098
#43BB5A,67,187,90,131.5,0.64171,0.47244,0.73333,0.49804
#9DCFD5,157,207,213,186.42857,0.26291,0.4,0.83529,0.72549
#948DED,148,141,237,244.375,0.40506,0.72727,0.92941,0.74118
#3E77E8,62,119,232,219.88235,0.73276,0.78704,0.9098,0.57647
#9125D4,145,37,212,277.02857,0.82547,0.70281,0.83137,0.48824
#A46183,164,97,131,329.55224,0.40854,0.26908,0.64314,0.51176
#784C7F,120,76,127,291.76471,0.40157,0.25123,0.49804,0.39804
#B40189,180,1,137,314.41341,0.99444,0.98895,0.70588,0.3549
#FCF565,252,245,101,57.21854,0.59921,0.96178,0.98824,0.69216
#B50E58,181,14,88,333.41317,0.92265,0.85641,0.7098,0.38235
#D69FD7,214,159,215,298.92857,0.26047,0.41176,0.84314,0.73333
#AA35B3,170,53,179,295.71429,0.70391,0.5431,0.70196,0.4549
#FCD789,252,215,137,40.69565,0.45635,0.95041,0.98824,0.76275
#52271E,82,39,30,10.38462,0.63415,0.46429,0.32157,0.21961
#59DDFA,89,221,250,190.80745,0.644,0.94152,0.98039,0.66471
#E30630,227,6,48,348.59729,0.97357,0.9485,0.8902,0.45686
#403B5B,64,59,91,249.375,0.35165,0.21333,0.35686,0.29412
#5E7F5F,94,127,95,121.81818,0.25984,0.14932,0.49804,0.43333
#1906C7,25,6,199,245.90674,0.96985,0.94146,0.78039,0.40196
#06014A,6,1,74,244.10959,0.98649,0.97333,0.2902,0.14706
#E19BF4,225,155,244,287.19101,0.36475,0.8018,0.95686,0.78235
#51EA24,81,234,36,106.36364,0.84615,0.825,0.91765,0.52941
#7E42B7,126,66,183,270.76923,0.63934,0.46988,0.71765,0.48824
#405065,64,80,101,214.05405,0.36634,0.22424,0.39608,0.32353
#C648C0,198,72,192,302.85714,0.63636,0.525,0.77647,0.52941
#F7E8EC,247,232,236,344.0,0.06073,0.48387,0.96863,0.93922
#1CCFEE,28,207,238,188.85714,0.88235,0.86066,0.93333,0.52157
#836DF2,131,109,242,249.92481,0.54959,0.83648,0.94902,0.68824
#FD2F3D,253,47,61,355.92233,0.81423,0.98095,0.99216,0.58824
#43E5A3,67,229,163,155.55556,0.70742,0.75701,0.89804,0.58039
#5A2154,90,33,84,306.31579,0.63333,0.46341,0.35294,0.24118
#95F7BE,149,247,190,145.10204,0.39676,0.85965,0.96863,0.77647
#0C4F13,12,79,19,126.26866,0.8481,0.73626,0.3098,0.17843
#2CA7BA,44,167,186,188.02817,0.76344,0.61739,0.72941,0.45098
#75FF39,117,255,57,101.81818,0.77647,1.0,1.0,0.61176
#9320D0,147,32,208,279.20455,0.84615,0.73333,0.81569,0.47059
#6EAFFD,110,175,253,212.72727,0.56522,0.97279,0.99216,0.71176
#100ED8,16,14,216,240.59406,0.93519,0.87826,0.84706,0.45098
#790D0A,121,13,10,1.62162,0.91736,0.84733,0.47451,0.25686
#F9570A,249,87,10,19.33054,0.95984,0.95219,0.97647,0.50784
#5575BD,85,117,189,221.53846,0.55026,0.44068,0.74118,0.53725
#FDE63C,253,230,60,52.84974,0.76285,0.9797,0.99216,0.61373
#D08F7B,208,143,123,14.11765,0.40865,0.47486,0.81569,0.64902
#051EAD,5,30,173,231.07143,0.9711,0.94382,0.67843,0.34902
#21B752,33,183,82,139.6,0.81967,0.69444,0.71765,0.42353
#B12909,177,41,9,11.42857,0.94915,0.90323,0.69412,0.36471
#485957,72,89,87,172.94118,0.19101,0.10559,0.34902,0.31569
#A9A24F,169,162,79,55.33333,0.53254,0.3629,0.66275,0.48627
#D81461,216,20,97,336.42857,0.90741,0.83051,0.84706,0.46275
#6885DE,104,133,222,225.25424,0.53153,0.6413,0.87059,0.63922
#87D607,135,214,7,82.89855,0.96729,0.93665,0.83922,0.43333
#EF1F92,239,31,146,326.82692,0.87029,0.86667,0.93725,0.52941
#4EFC50,78,252,80,120.68966,0.69048,0.96667,0.98824,0.64706
#40C772,64,199,114,142.22222,0.67839,0.54656,0.78039,0.51569
#0B4716,11,71,22,131.0,0.84507,0.73171,0.27843,0.16078
#5185F4,81,133,244,220.8589,0.66803,0.88108,0.95686,0.63725
#1B9795,27,151,149,179.03226,0.82119,0.69663,0.59216,0.34902
#E28925,226,137,37,31.74603,0.83628,0.76518,0.88627,0.51569
#BB55E0,187,85,224,284.02878,0.62054,0.69154,0.87843,0.60588
#468F15,70,143,21,95.90164,0.85315,0.7439,0.56078,0.32157
#4901E9,73,1,233,258.62069,0.99571,0.99145,0.91373,0.45882
#C5F9E2,197,249,226,153.46154,0.20884,0.8125,0.97647,0.87451
#E9DD39,233,221,57,55.90909,0.75536,0.8,0.91373,0.56863
#9BA068,155,160,104,65.35714,0.35,0.22764,0.62745,0.51765
#75973F,117,151,63,83.18182,0.58278,0.41121,0.59216,0.41961
#3119BA,49,25,186,248.9441,0.86559,0.76303,0.72941,0.41373
#865639,134,86,57,22.5974,0.57463,0.40314,0.52549,0.37451
#5CDD03,92,221,3,95.50459,0.98643,0.97321,0.86667,0.43922
#94E082,148,224,130,108.51064,0.41964,0.60256,0.87843,0.69412
#39BFB8,57,191,184,176.86567,0.70157,0.54032,0.74902,0.48627
#62B0AF,98,176,175,179.23077,0.44318,0.33051,0.6902,0.53725
#3ED305,62,211,5,103.39806,0.9763,0.9537,0.82745,0.42353
#38D685,56,214,133,149.24051,0.73832,0.65833,0.83922,0.52941
#644BEE,100,75,238,249.20245,0.68487,0.82741,0.93333,0.61373
#88B526,136,181,38,78.88112,0.79006,0.65297,0.7098,0.42941
#8E10CD,142,16,205,280.0,0.92195,0.8552,0.80392,0.43333
#806BE1,128,107,225,250.67797,0.52444,0.66292,0.88235,0.65098
#5B8DFD,91,141,253,221.48148,0.64032,0.9759,0.99216,0.67451
#6A0C59,106,12,89,310.85106,0.88679,0.79661,0.41569,0.23137
#741687,116,22,135,289.9115,0.83704,0.71975,0.52941,0.30784
#5638A4,86,56,164,256.66667,0.65854,0.49091,0.64314,0.43137
#6F3803,111,56,3,29.44444,0.97297,0.94737,0.43529,0.22353
#CB3E74,203,62,116,337.02128,0.69458,0.57551,0.79608,0.51961
#849F59,132,159,89,83.14286,0.44025,0.28226,0.62353,0.48627
#8E72E1,142,114,225,255.13514,0.49333,0.64912,0.88235,0.66471
#EDC831,237,200,49,48.19149,0.79325,0.83929,0.92941,0.56078
#511AA0,81,26,160,264.62687,0.8375,0.72043,0.62745,0.36471
#EF9CFC,239,156,252,291.875,0.38095,0.94118,0.98824,0.8
#D01585,208,21,133,324.06417,0.89904,0.81659,0.81569,0.44902
#792347,121,35,71,334.88372,0.71074,0.55128,0.47451,0.30588
#9D295F,157,41,95,332.06897,0.73885,0.58586,0.61569,0.38824
#1AC818,26,200,24,119.31818,0.88,0.78571,0.78431,0.43922
#7FB2EF,127,178,239,212.67857,0.46862,0.77778,0.93725,0.71765
#38AD6F,56,173,111,148.20513,0.6763,0.51092,0.67843,0.44902
#5FDDD3,95,221,211,175.2381,0.57014,0.64948,0.86667,0.61961
#B13143,177,49,67,351.5625,0.72316,0.56637,0.69412,0.44314
#053C0E,5,60,14,129.81818,0.91667,0.84615,0.23529,0.12745
#FF2AC3,255,42,195,316.90141,0.83529,1.0,1.0,0.58235
#AAB7C5,170,183,197,211.11111,0.13706,0.18881,0.77255,0.71961
#5836B9,88,54,185,255.57252,0.70811,0.54812,0.72549,0.46863
#C55650,197,86,80,3.07692,0.59391,0.50215,0.77255,0.54314
#69EE80,105,238,128,130.37594,0.55882,0.79641,0.93333,0.67255
#50A37A,80,163,122,150.36145,0.5092,0.34156,0.63922,0.47647
#C3E76D,195,231,109,77.70492,0.52814,0.71765,0.90588,0.66667
#E290AE,226,144,174,338.04878,0.36283,0.58571,0.88627,0.72549
#09018A,9,1,138,243.50365,0.99275,0.98561,0.54118,0.27255
#A4302C,164,48,44,2.0,0.73171,0.57692,0.64314,0.40784
#8FCEAB,143,206,171,146.66667,0.30583,0.3913,0.80784,0.68431
#1323AB,19,35,171,233.68421,0.88889,0.8,0.67059,0.37255
#D5720C,213,114,12,30.44776,0.94366,0.89333,0.83529,0.44118
#D754D5,215,84,213,300.91603,0.6093,0.62085,0.84314,0.58627
#A6747B,166,116,123,351.6,0.3012,0.2193,0.65098,0.55294
#B8EB7E,184,235,126,88.07339,0.46383,0.73154,0.92157,0.70784
#034D50,3,77,80,182.33766,0.9625,0.92771,0.31373,0.16275
#F92C68,249,44,104,342.43902,0.82329,0.9447,0.97647,0.57451
#C898AB,200,152,171,336.25,0.24,0.3038,0.78431,0.6902
#C90F2A,201,15,42,351.29032,0.92537,0.86111,0.78824,0.42353
#66CEC5,102,206,197,174.80769,0.50485,0.51485,0.80784,0.60392
#F6994B,246,153,75,27.36842,0.69512,0.90476,0.96471,0.62941
#E145EC,225,69,236,296.0479,0.70763,0.81463,0.92549,0.59804
#90BD06,144,189,6,74.7541,0.96825,0.93846,0.74118,0.38235
#35649B,53,100,155,212.35294,0.65806,0.49038,0.60784,0.40784
#288549,40,133,73,141.29032,0.69925,0.53757,0.52157,0.33922
#CEF013,206,240,19,69.23077,0.92083,0.88048,0.94118,0.50784
#726A70,114,106,112,315.0,0.07018,0.03636,0.44706,0.43137
#377898,55,120,152,199.79381,0.63816,0.4686,0.59608,0.40588
#3825CA,56,37,202,246.90909,0.81683,0.69038,0.79216,0.46863
#C42DFB,196,45,251,283.98058,0.82072,0.96262,0.98431,0.58039
#7E8BAF,126,139,175,224.08163,0.28,0.23445,0.68627,0.5902
#A1B8DA,161,184,218,215.78947,0.26147,0.43511,0.8549,0.74314
#F73030,247,48,48,0.0,0.80567,0.92558,0.96863,0.57843
#6DD19C,109,209,156,148.2,0.47847,0.52083,0.81961,0.62353
#245D89,36,93,137,206.13861,0.73723,0.58382,0.53725,0.33922
#04C375,4,195,117,155.49738,0.97949,0.9598,0.76471,0.3902
#80D8E3,128,216,227,186.66667,0.43612,0.63871,0.8902,0.69608
#42954B,66,149,75,126.50602,0.55705,0.38605,0.58431,0.42157
#0FAE91,15,174,145,169.0566,0.91379,0.84127,0.68235,0.37059
#874694,135,70,148,290.0,0.52703,0.3578,0.58039,0.42745
#2349A5,35,73,165,222.46154,0.78788,0.65,0.64706,0.39216
#9C500D,156,80,13,28.11189,0.91667,0.84615,0.61176,0.33137
#6EBCA4,110,188,164,161.53846,0.41489,0.36792,0.73725,0.58431
#2B1B54,43,27,84,256.84211,0.67857,0.51351,0.32941,0.21765
#AF1375,175,19,117,322.30769,0.89143,0.80412,0.68627,0.38039
#0B74DA,11,116,218,209.56522,0.94954,0.90393,0.8549,0.44902
#9F8FB7,159,143,183,264.0,0.21858,0.21739,0.71765,0.63922
#491053,73,16,83,291.04478,0.80723,0.67677,0.32549,0.19412
#D1D82F,209,216,47,62.48521,0.78241,0.68421,0.84706,0.51569
#FD0584,253,5,132,329.27419,0.98024,0.98413,0.99216,0.50588
#0CB274,12,178,116,157.59036,0.93258,0.87368,0.69804,0.37255
#D01742,208,23,66,346.05405,0.88942,0.80087,0.81569,0.45294
#4AD2EE,74,210,238,190.2439,0.68908,0.82828,0.93333,0.61176
#A076A3,160,118,163,296.0,0.27607,0.19651,0.63922,0.55098
#9F74C1,159,116,193,273.50649,0.39896,0.38308,0.75686,0.60588
#F47252,244,114,82,11.85185,0.66393,0.88043,0.95686,0.63922
#3268B1,50,104,177,214.48819,0.71751,0.55947,0.69412,0.4451
#7E969C,126,150,156,192.0,0.19231,0.13158,0.61176,0.55294
#F0C314,240,195,20,47.72727,0.91667,0.88,0.94118,0.5098
#02B80D,2,184,13,123.62637,0.98913,0.97849,0.72157,0.36471
#8AE7A3,138,231,163,136.12903,0.4026,0.65957,0.90588,0.72353
#F6EDB0,246,237,176,52.28571,0.28455,0.79545,0.96471,0.82745
#62C257,98,194,87,113.83178,0.55155,0.46725,0.76078,0.55098
#A993AB,169,147,171,295.0,0.14035,0.125,0.67059,0.62353
#B84F67,184,79,103,346.28571,0.57065,0.4251,0.72157,0.51569
#C3E9E9,195,233,233,180.0,0.16309,0.46341,0.91373,0.83922
#8369E0,131,105,224,253.10924,0.53125,0.65746,0.87843,0.6451
#1E264E,30,38,78,230.0,0.61538,0.44444,0.30588,0.21176
#867902,134,121,2,54.09091,0.98507,0.97059,0.52549,0.26667
#FC1D68,252,29,104,339.82063,0.88492,0.9738,0.98824,0.55098
#6EA95C,110,169,92,105.97403,0.45562,0.30924,0.66275,0.51176
#4C2D5E,76,45,94,277.95918,0.52128,0.35252,0.36863,0.27255
#EDEB9B,237,235,155,58.53659,0.34599,0.69492,0.92941,0.76863
#46FC9E,70,252,158,149.01099,0.72222,0.96809,0.98824,0.63137
#FC6DEB,252,109,235,307.13287,0.56746,0.95973,0.98824,0.70784
#F8DFD1,248,223,209,21.53846,0.15726,0.73585,0.97255,0.89608
#2DBBA2,45,187,162,169.43662,0.75936,0.61207,0.73333,0.4549
#97F235,151,242,53,88.88889,0.78099,0.87907,0.94902,0.57843
#2BB1D4,43,177,212,192.42604,0.79717,0.66275,0.83137,0.5
#398116,57,129,22,100.37383,0.82946,0.70861,0.50588,0.29608
#3939FF,57,57,255,240.0,0.77647,1.0,1.0,0.61176
#4D975E,77,151,94,133.78378,0.49007,0.32456,0.59216,0.44706
#8BE208,139,226,8,83.94495,0.9646,0.93162,0.88627,0.45882
#956572,149,101,114,343.75,0.32215,0.192,0.58431,0.4902
#FDD0EF,253,208,239,318.66667,0.17787,0.91837,0.99216,0.90392
#28B628,40,182,40,120.0,0.78022,0.63964,0.71373,0.43529
#6CBD64,108,189,100,114.60674,0.4709,0.40271,0.74118,0.56667
#5838F8,88,56,248,250.0,0.77419,0.93204,0.97255,0.59608
#ED4877,237,72,119,342.90909,0.6962,0.8209,0.92941,0.60588
#06CABD,6,202,189,176.02041,0.9703,0.94231,0.79216,0.40784
#549DB7,84,157,183,195.75758,0.54098,0.40741,0.71765,0.52353
#EA0CA0,234,12,160,320.0,0.94872,0.90244,0.91765,0.48235
#C5BB3E,197,187,62,55.55556,0.68528,0.53785,0.77255,0.50784
#A2326E,162,50,110,327.85714,0.69136,0.5283,0.63529,0.41569
#25A695,37,166,149,172.09302,0.77711,0.63547,0.65098,0.39804
#F08342,240,131,66,22.41379,0.725,0.85294,0.94118,0.6
#082947,8,41,71,208.57143,0.88732,0.79747,0.27843,0.1549
#322511,50,37,17,36.36364,0.66,0.49254,0.19608,0.13137
#4C4637,76,70,55,42.85714,0.27632,0.16031,0.29804,0.25686
#BDE81A,189,232,26,72.52427,0.88793,0.81746,0.9098,0.50588
#A3FE26,163,254,38,85.27778,0.85039,0.99083,0.99608,0.57255
#94E8B0,148,232,176,140.0,0.36207,0.64615,0.9098,0.7451
#C64F90,198,79,144,327.22689,0.60101,0.51073,0.77647,0.54314
#4DE724,77,231,36,107.38462,0.84416,0.80247,0.90588,0.52353
#037549,3,117,73,156.84211,0.97436,0.95,0.45882,0.23529
#ABBFBD,171,191,189,174.0,0.10471,0.13514,0.74902,0.7098
#C9185F,201,24,95,335.9322,0.8806,0.78667,0.78824,0.44118
#34AC8F,52,172,143,165.5,0.69767,0.53571,0.67451,0.43922
#4BBACB,75,186,203,187.96875,0.63054,0.55172,0.79608,0.5451
#BF0FFC,191,15,252,284.55696,0.94048,0.97531,0.98824,0.52353
#4A6D65,74,109,101,166.28571,0.3211,0.19126,0.42745,0.35882
#D12503,209,37,3,9.90291,0.98565,0.9717,0.81961,0.41569
#B66FF6,182,111,246,271.55556,0.54878,0.88235,0.96471,0.7
#6F075A,111,7,90,312.11538,0.93694,0.88136,0.43529,0.23137
#4A5515,74,85,21,70.3125,0.75294,0.60377,0.33333,0.20784
#C3C1AE,195,193,174,54.28571,0.10769,0.14894,0.76471,0.72353
#8D7123,141,113,35,44.15094,0.75177,0.60227,0.55294,0.3451
#2423A0,36,35,160,240.48,0.78125,0.64103,0.62745,0.38235
#6F2B73,111,43,115,296.66667,0.62609,0.4557,0.45098,0.3098
#1BA6D6,27,166,214,195.40107,0.87383,0.77593,0.83922,0.47255
#CAC18E,202,193,142,51.0,0.29703,0.36145,0.79216,0.67451
#5C1BD2,92,27,210,261.31148,0.87143,0.77215,0.82353,0.46471
#6A08DD,106,8,221,267.60563,0.9638,0.93013,0.86667,0.44902
#5984DF,89,132,223,220.74627,0.6009,0.67677,0.87451,0.61176
#9D4366,157,67,102,336.66667,0.57325,0.40179,0.61569,0.43922
#E3BFD1,227,191,209,330.0,0.15859,0.3913,0.8902,0.81961
#EB67BF,235,103,191,320.0,0.5617,0.76744,0.92157,0.66275
#D4A79A,212,167,154,13.44828,0.27358,0.40278,0.83137,0.71765
#71A7C2,113,167,194,200.0,0.41753,0.39901,0.76078,0.60196
#7D7522,125,117,34,54.72527,0.728,0.57233,0.4902,0.31176
#EFE2A4,239,226,164,49.6,0.31381,0.70093,0.93725,0.7902
#66B7B7,102,183,183,180.0,0.44262,0.36,0.71765,0.55882
#4810A4,72,16,164,262.7027,0.90244,0.82222,0.64314,0.35294
#88F84F,136,248,79,99.76331,0.68145,0.9235,0.97255,0.64118
#59875E,89,135,94,126.52174,0.34074,0.20536,0.52941,0.43922
#0509B3,5,9,179,238.62069,0.97207,0.94565,0.70196,0.36078
#D2CA5C,210,202,92,55.9322,0.5619,0.56731,0.82353,0.59216
#905D46,144,93,70,18.64865,0.51389,0.34579,0.56471,0.41961
#2837A8,40,55,168,232.96875,0.7619,0.61538,0.65882,0.40784
#A82100,168,33,0,11.78571,1.0,1.0,0.65882,0.32941
#D1012D,209,1,45,347.30769,0.99522,0.99048,0.81961,0.41176
#3A18FC,58,24,252,248.94737,0.90476,0.97436,0.98824,0.54118
#9F7594,159,117,148,315.71429,0.26415,0.17949,0.62353,0.54118
#EB9329,235,147,41,32.78351,0.82553,0.82906,0.92157,0.54118
#71A52C,113,165,44,85.78512,0.73333,0.57895,0.64706,0.4098
#872185,135,33,133,301.17647,0.75556,0.60714,0.52941,0.32941
#238314,35,131,20,111.89189,0.84733,0.7351,0.51373,0.29608
#9FCA6E,159,202,110,88.04348,0.45545,0.46465,0.79216,0.61176
#FBDC1B,251,220,27,51.69643,0.89243,0.96552,0.98431,0.5451
#80CE47,128,206,71,94.66667,0.65534,0.5794,0.80784,0.54314
#C59E5A,197,158,90,38.13084,0.54315,0.47982,0.77255,0.56275
#77A929,119,169,41,83.4375,0.7574,0.60952,0.66275,0.41176
#749A45,116,154,69,86.82353,0.55195,0.38117,0.60392,0.43725
#EFFCA2,239,252,162,68.66667,0.35714,0.9375,0.98824,0.81176
#D00489,208,4,137,320.88235,0.98077,0.96226,0.81569,0.41569
#89FBC2,137,251,194,150.0,0.45418,0.93443,0.98431,0.76078
#E4B563,228,181,99,38.13953,0.56579,0.70492,0.89412,0.64118
#020365,2,3,101,239.39394,0.9802,0.96117,0.39608,0.20196
#9F21EA,159,33,234,277.61194,0.85897,0.82716,0.91765,0.52353
#EE5BA8,238,91,168,328.57143,0.61765,0.81215,0.93333,0.6451
#93A46A,147,164,106,77.58621,0.35366,0.24167,0.64314,0.52941
#A03EFC,160,62,252,270.94737,0.75397,0.96939,0.98824,0.61569
#A5C540,165,197,64,74.43609,0.67513,0.53414,0.77255,0.51176
#434907,67,73,7,65.45455,0.90411,0.825,0.28627,0.15686
#A4D020,164,208,32,75.0,0.84615,0.73333,0.81569,0.47059
#5CDDC5,92,221,197,168.83721,0.58371,0.65482,0.86667,0.61373
#3442A6,52,66,166,232.63158,0.68675,0.52294,0.65098,0.42745
#56486E,86,72,110,262.10526,0.34545,0.20879,0.43137,0.35686
#7127D0,113,39,208,266.27219,0.8125,0.68421,0.81569,0.48431
#20806A,32,128,106,166.25,0.75,0.6,0.50196,0.31373
#9F24C9,159,36,201,284.72727,0.8209,0.6962,0.78824,0.46471
#AFAAD7,175,170,215,246.66667,0.2093,0.36,0.84314,0.7549
#C7F73E,199,247,62,75.56757,0.74899,0.9204,0.96863,0.60588
#A881FB,168,129,251,259.18033,0.48606,0.93846,0.98431,0.7451
#0ADAFD,10,218,253,188.64198,0.96047,0.98381,0.99216,0.51569
#4E6905,78,105,5,76.2,0.95238,0.90909,0.41176,0.21569
#0F77E7,15,119,231,211.11111,0.93506,0.87805,0.90588,0.48235
#DCB405,220,180,5,48.83721,0.97727,0.95556,0.86275,0.44118
#22A41B,34,164,27,116.93431,0.83537,0.71728,0.64314,0.37451
#4F336B,79,51,107,270.0,0.52336,0.35443,0.41961,0.3098
#CE6034,206,96,52,17.14286,0.74757,0.61111,0.80784,0.50588
#6278A2,98,120,162,219.375,0.39506,0.256,0.63529,0.5098
#4296EF,66,150,239,210.86705,0.72385,0.8439,0.93725,0.59804
#525D29,82,93,41,72.69231,0.55914,0.38806,0.36471,0.26275
#4D8F79,77,143,121,160.0,0.46154,0.3,0.56078,0.43137
#12F397,18,243,151,155.46667,0.92593,0.90361,0.95294,0.51176
#40086E,64,8,110,272.94118,0.92727,0.86441,0.43137,0.23137
#F54478,245,68,120,342.37288,0.72245,0.89848,0.96078,0.61373
#F9050E,249,5,14,357.78689,0.97992,0.96063,0.97647,0.49804
#361C11,54,28,17,17.83784,0.68519,0.52113,0.21176,0.13922
#F685CF,246,133,207,320.70796,0.45935,0.8626,0.96471,0.74314
#5CF036,92,240,54,107.74194,0.775,0.86111,0.94118,0.57647
#1DFBB9,29,251,185,162.16216,0.88446,0.96522,0.98431,0.54902
#36EF65,54,239,101,135.24324,0.77406,0.85253,0.93725,0.57451
#9CDC80,156,220,128,101.73913,0.41818,0.5679,0.86275,0.68235
#881D9C,136,29,156,290.55118,0.8141,0.68649,0.61176,0.36275
#7B29EA,123,41,234,265.49223,0.82479,0.82128,0.91765,0.53922
#E9271C,233,39,28,3.21951,0.87983,0.82329,0.91373,0.51176
#E824BD,232,36,189,313.16327,0.84483,0.80992,0.9098,0.52549
#06C7EF,6,199,239,190.30043,0.9749,0.95102,0.93725,0.48039
#5397D1,83,151,209,207.61905,0.60287,0.57798,0.81961,0.57255
#672197,103,33,151,275.59322,0.78146,0.6413,0.59216,0.36078
#4BF47E,75,244,126,138.10651,0.69262,0.88482,0.95686,0.62549
#2095AE,32,149,174,190.56338,0.81609,0.68932,0.68235,0.40392
#73BD78,115,189,120,124.05405,0.39153,0.35922,0.74118,0.59608
#70484B,112,72,75,355.5,0.35714,0.21739,0.43922,0.36078
#812A6A,129,42,106,315.86207,0.67442,0.50877,0.50588,0.33529
#414A1D,65,74,29,72.0,0.60811,0.43689,0.2902,0.20196
#D63846,214,56,70,354.68354,0.73832,0.65833,0.83922,0.52941
#3753E4,55,83,228,230.28902,0.75877,0.76211,0.89412,0.5549
#6E18A0,110,24,160,277.94118,0.85,0.73913,0.62745,0.36078
#3E6D6A,62,109,106,176.17021,0.43119,0.27485,0.42745,0.33529
#0F1DA3,15,29,163,234.32432,0.90798,0.83146,0.63922,0.34902
#D4405D,212,64,93,348.24324,0.69811,0.63248,0.83137,0.54118
#456B22,69,107,34,91.23288,0.68224,0.51773,0.41961,0.27647
#DFF92C,223,249,44,67.60976,0.82329,0.9447,0.97647,0.57451
#5F2AE7,95,42,231,256.8254,0.81818,0.79747,0.90588,0.53529
#432538,67,37,56,322.0,0.44776,0.28846,0.26275,0.20392
#93DE20,147,222,32,83.68421,0.85586,0.74803,0.87059,0.49804
#B03BC0,176,59,192,292.78195,0.69271,0.52988,0.75294,0.49216
#F84296,248,66,150,332.30769,0.73387,0.92857,0.97255,0.61569
#6FB8FE,111,184,254,209.37063,0.56299,0.98621,0.99608,0.71569
#DAE0CA,218,224,202,76.36364,0.09821,0.2619,0.87843,0.83529
#BB115E,187,17,94,332.82353,0.90909,0.83333,0.73333,0.4
#0DA649,13,166,73,143.52941,0.92169,0.85475,0.65098,0.35098
#D57E32,213,126,50,27.97546,0.76526,0.65992,0.83529,0.51569
#55F3DF,85,243,223,172.40506,0.65021,0.86813,0.95294,0.64314
#1466F7,20,102,247,218.32599,0.91903,0.93416,0.96863,0.52353
#D35160,211,81,96,353.07692,0.61611,0.59633,0.82745,0.57255
#6FED03,111,237,3,92.30769,0.98734,0.975,0.92941,0.47059
#9821E5,152,33,229,276.42857,0.8559,0.79032,0.89804,0.51373
#277244,39,114,68,143.2,0.65789,0.4902,0.44706,0.3
#5FB2D6,95,178,214,198.15126,0.55607,0.59204,0.83922,0.60588
#AB5852,171,88,82,4.04494,0.52047,0.35178,0.67059,0.49608
#4FD13E,79,209,62,113.06122,0.70335,0.61506,0.81961,0.53137
#3B4A8C,59,74,140,228.88889,0.57857,0.40704,0.54902,0.3902
#420439,66,4,57,308.70968,0.93939,0.88571,0.25882,0.13725
#553BCB,85,59,203,250.83333,0.70936,0.58065,0.79608,0.51373
#B9E95E,185,233,94,80.71942,0.59657,0.75956,0.91373,0.64118
#BE398D,190,57,141,322.10526,0.7,0.53846,0.7451,0.48431
#3D86B6,61,134,182,203.80165,0.66484,0.49794,0.71373,0.47647
#E4DEF6,228,222,246,255.0,0.09756,0.57143,0.96471,0.91765
#7118E8,113,24,232,265.67308,0.89655,0.8189,0.9098,0.50196
#24C722,36,199,34,119.27273,0.82915,0.70815,0.78039,0.45686
#51C5DA,81,197,218,189.19708,0.62844,0.64929,0.8549,0.58627
#9A9E11,154,158,17,61.70213,0.89241,0.80571,0.61961,0.34314
#DBC643,219,198,67,51.71053,0.69406,0.67857,0.85882,0.56078
#68BE89,104,190,137,143.02326,0.45263,0.39815,0.7451,0.57647
#1C3841,28,56,65,194.59459,0.56923,0.39785,0.2549,0.18235
#4F98E0,79,152,224,209.7931,0.64732,0.70048,0.87843,0.59412
#CCE3D8,204,227,216,151.30435,0.10132,0.29114,0.8902,0.8451
#054DC0,5,77,192,216.8984,0.97396,0.94924,0.75294,0.38627
#802966,128,41,102,317.93103,0.67969,0.51479,0.50196,0.33137
#35521F,53,82,31,94.11765,0.62195,0.45133,0.32157,0.22157
#F1B224,241,178,36,41.56098,0.85062,0.87983,0.9451,0.54314
#62FB13,98,251,19,99.56897,0.9243,0.96667,0.98431,0.52941
#ED988D,237,152,141,6.875,0.40506,0.72727,0.92941,0.74118
#8A65CC,138,101,204,261.5534,0.5049,0.50244,0.8,0.59804
#B001B7,176,1,183,297.69231,0.99454,0.98913,0.71765,0.36078
#73F996,115,249,150,135.67164,0.53815,0.91781,0.97647,0.71373
#694605,105,70,5,39.0,0.95238,0.90909,0.41176,0.21569
#A97095,169,112,149,321.05263,0.33728,0.24891,0.66275,0.55098
#91FC68,145,252,104,103.37838,0.5873,0.96104,0.98824,0.69804
#02ACA7,2,172,167,178.23529,0.98837,0.97701,0.67451,0.34118
#506770,80,103,112,196.875,0.28571,0.16667,0.43922,0.37647
#F9FC7B,249,252,123,61.39535,0.5119,0.95556,0.98824,0.73529
#5B4BCE,91,75,206,247.32824,0.63592,0.57205,0.80784,0.55098
#245884,36,88,132,207.5,0.72727,0.57143,0.51765,0.32941
#D7B774,215,183,116,40.60606,0.46047,0.55307,0.84314,0.64902
#673F9C,103,63,156,265.80645,0.59615,0.42466,0.61176,0.42941
#69EFC0,105,239,192,158.95522,0.56067,0.80723,0.93725,0.67451
#09D8D3,9,216,211,178.55072,0.95833,0.92,0.84706,0.44118
#2ACE7B,42,206,123,149.63415,0.79612,0.66129,0.80784,0.48627
#D46AD4,212,106,212,300.0,0.5,0.55208,0.83137,0.62353
#3FEBB0,63,235,176,159.4186,0.73191,0.81132,0.92157,0.58431
#4C9289,76,146,137,172.28571,0.47945,0.31532,0.57255,0.43529
#FA8814,250,136,20,30.26087,0.92,0.95833,0.98039,0.52941
#0ACDB2,10,205,178,171.69231,0.95122,0.90698,0.80392,0.42157
#22C641,34,198,65,131.34146,0.82828,0.7069,0.77647,0.4549
#A4DA00,164,218,0,74.86239,1.0,1.0,0.8549,0.42745
#AB76E3,171,118,227,269.17431,0.48018,0.66061,0.8902,0.67647
#588286,88,130,134,185.21739,0.34328,0.20721,0.52549,0.43529
#FB2500,251,37,0,8.84462,1.0,1.0,0.98431,0.49216
#C0F70E,192,247,14,74.16309,0.94332,0.93574,0.96863,0.51176
#3ED0A3,62,208,163,161.50685,0.70192,0.60833,0.81569,0.52941
#EB19C5,235,25,197,310.85714,0.89362,0.84,0.92157,0.5098
#F11915,241,25,21,1.09091,0.91286,0.8871,0.9451,0.51373
#89F47F,137,244,127,114.87179,0.47951,0.84173,0.95686,0.72745
#56CEF0,86,206,240,193.24675,0.64167,0.83696,0.94118,0.63922
#804F10,128,79,16,33.75,0.875,0.77778,0.50196,0.28235
#334112,51,65,18,77.87234,0.72308,0.56627,0.2549,0.16275
#8001FF,128,1,255,270.0,0.99608,1.0,1.0,0.50196
#8EAA73,142,170,115,90.54545,0.32353,0.24444,0.66667,0.55882
#55558C,85,85,140,240.0,0.39286,0.24444,0.54902,0.44118
#4DB558,77,181,88,126.34615,0.57459,0.4127,0.7098,0.50588
#6E47C5,110,71,197,258.57143,0.63959,0.52066,0.77255,0.52549
#861FC2,134,31,194,277.91411,0.84021,0.72444,0.76078,0.44118
#22B7B6,34,183,182,179.59732,0.81421,0.68664,0.71765,0.42549
#B9422B,185,66,43,9.71831,0.76757,0.62281,0.72549,0.44706
#13BCB4,19,188,180,177.15976,0.89894,0.81643,0.73725,0.40588
#DD8006,221,128,6,34.04651,0.97285,0.94714,0.86667,0.4451
#306018,48,96,24,100.0,0.75,0.6,0.37647,0.23529
#75FB5B,117,251,91,110.25,0.63745,0.95238,0.98431,0.67059
#5C7580,92,117,128,198.33333,0.28125,0.16364,0.50196,0.43137
#7DE38B,125,227,139,128.23529,0.44934,0.64557,0.8902,0.6902
#BB4A89,187,74,137,326.54867,0.60428,0.45382,0.73333,0.51176
#64547C,100,84,124,264.0,0.32258,0.19231,0.48627,0.40784
#DFAA0F,223,170,15,44.71154,0.93274,0.87395,0.87451,0.46667
#A6F607,166,246,7,80.08368,0.97154,0.94466,0.96471,0.49608
#D9172C,217,23,44,353.50515,0.89401,0.80833,0.85098,0.47059
#C78717,199,135,23,38.18182,0.88442,0.79279,0.78039,0.43529
#3DAB48,61,171,72,126.0,0.64327,0.47414,0.67059,0.4549
#213AEF,33,58,239,232.71845,0.86192,0.86555,0.93725,0.53333
#360381,54,3,129,264.28571,0.97674,0.95455,0.50588,0.25882
#AF88D7,175,136,215,269.62025,0.36744,0.49686,0.84314,0.68824
#8A94F6,138,148,246,234.44444,0.43902,0.85714,0.96471,0.75294
#66AF4E,102,175,78,105.15464,0.55429,0.3834,0.68627,0.49608
#A845A8,168,69,168,300.0,0.58929,0.41772,0.65882,0.46471
#056F23,5,111,35,136.98113,0.95495,0.91379,0.43529,0.22745
#393AA7,57,58,167,239.45455,0.65868,0.49107,0.6549,0.43922
#D602E5,214,2,229,296.03524,0.99127,0.98268,0.89804,0.45294
#6AE956,106,233,86,111.83673,0.6309,0.76963,0.91373,0.62549
#26C568,38,197,104,144.90566,0.80711,0.6766,0.77255,0.46078
#DE9195,222,145,149,356.88312,0.34685,0.53846,0.87059,0.71961
#25AA1B,37,170,27,115.8042,0.84118,0.72589,0.66667,0.38627
#096499,9,100,153,202.08333,0.94118,0.88889,0.6,0.31765
#AB940B,171,148,11,51.375,0.93567,0.87912,0.67059,0.35686
#B72AFF,183,42,255,279.71831,0.83529,1.0,1.0,0.58235
#F3E02D,243,224,45,54.24242,0.81481,0.89189,0.95294,0.56471
#23ADAF,35,173,175,180.85714,0.8,0.66667,0.68627,0.41176
#B8C866,184,200,102,69.79592,0.49,0.47115,0.78431,0.59216
#B7ACD3,183,172,211,256.92308,0.18483,0.30709,0.82745,0.75098
#120AA8,18,10,168,243.03797,0.94048,0.88764,0.65882,0.34902
#A27D2C,162,125,44,41.18644,0.7284,0.57282,0.63529,0.40392
#BFF721,191,247,33,75.70093,0.8664,0.93043,0.96863,0.54902
#F2BEB5,242,190,181,8.85246,0.25207,0.70115,0.94902,0.82941
#7AAA34,122,170,52,84.40678,0.69412,0.53153,0.66667,0.43529
#1202F2,18,2,242,244.0,0.99174,0.98361,0.94902,0.47843
#BA7D16,186,125,22,37.68293,0.88172,0.78846,0.72941,0.40784
#6BE777,107,231,119,125.80645,0.5368,0.72093,0.90588,0.66275
#EB254F,235,37,79,347.27273,0.84255,0.83193,0.92157,0.53333
#B44764,180,71,100,344.0367,0.60556,0.43426,0.70588,0.49216
#F172DC,241,114,220,309.92126,0.52697,0.81935,0.9451,0.69608
#5E3063,94,48,99,294.11765,0.51515,0.34694,0.38824,0.28824
#D4115D,212,17,93,336.61538,0.91981,0.85153,0.83137,0.44902
#946EEA,148,110,234,258.3871,0.52991,0.74699,0.91765,0.67451
#FD5575,253,85,117,348.57143,0.66403,0.97674,0.99216,0.66275
#6B3022,107,48,34,11.50685,0.68224,0.51773,0.41961,0.27647
#C8B9FB,200,185,251,253.63636,0.26295,0.89189,0.98431,0.8549
#7C8602,124,134,2,64.54545,0.98507,0.97059,0.52549,0.26667
#AEA711,174,167,17,57.32484,0.9023,0.82199,0.68235,0.37451
#A7710B,167,113,11,39.23077,0.93413,0.8764,0.6549,0.34902
#342AB4,52,42,180,244.34783,0.76667,0.62162,0.70588,0.43529
#B9C14C,185,193,76,64.10256,0.60622,0.48548,0.75686,0.52745
#F7CF60,247,207,96,44.10596,0.61134,0.90419,0.96863,0.67255
#BF8945,191,137,69,33.44262,0.63874,0.488,0.74902,0.5098
#4619A9,70,25,169,258.75,0.85207,0.74227,0.66275,0.38039
#C821B0,200,33,176,308.62275,0.835,0.71674,0.78431,0.45686
#6747A3,103,71,163,260.86957,0.56442,0.39316,0.63922,0.45882
#1282F5,18,130,245,210.39648,0.92653,0.91903,0.96078,0.51569
#62BEED,98,190,237,200.28777,0.5865,0.79429,0.92941,0.65686
#4B918D,75,145,141,176.57143,0.48276,0.31818,0.56863,0.43137
#1F669D,31,102,157,206.19048,0.80255,0.67021,0.61569,0.36863
#74E8A2,116,232,162,143.7931,0.5,0.71605,0.9098,0.68235
#D85AEC,216,90,236,291.78082,0.61864,0.79348,0.92549,0.63922
#B20645,178,6,69,338.02326,0.96629,0.93478,0.69804,0.36078
#2B40BF,43,64,191,231.48649,0.77487,0.63248,0.74902,0.45882
#8CD49E,140,212,158,135.0,0.33962,0.4557,0.83137,0.6902
#D51AFC,213,26,252,289.64602,0.89683,0.97414,0.98824,0.5451
#5D83B3,93,131,179,213.48837,0.48045,0.36134,0.70196,0.53333
#78FA37,120,250,55,100.0,0.78,0.95122,0.98039,0.59804
#DEA1E8,222,161,232,291.5493,0.30603,0.60684,0.9098,0.77059
#C38883,195,136,131,4.6875,0.32821,0.34783,0.76471,0.63922
#8EA467,142,164,103,81.63934,0.37195,0.25103,0.64314,0.52353
#F7D1A8,247,209,168,31.13924,0.31984,0.83158,0.96863,0.81373
#E97345,233,115,69,16.82927,0.70386,0.78846,0.91373,0.59216
#763BD8,118,59,216,262.54777,0.72685,0.66809,0.84706,0.53922
#1ED669,30,214,105,144.45652,0.85981,0.7541,0.83922,0.47843
#A41E99,164,30,153,304.92537,0.81707,0.69072,0.64314,0.38039
#888140,136,129,64,54.16667,0.52941,0.36,0.53333,0.39216
#AED46F,174,212,111,82.57426,0.47642,0.54011,0.83137,0.63333
#4F17D2,79,23,210,257.96791,0.89048,0.80258,0.82353,0.45686
#763343,118,51,67,345.67164,0.5678,0.39645,0.46275,0.33137
#DA5E49,218,94,73,8.68966,0.66514,0.6621,0.8549,0.57059
#14CFFF,20,207,255,192.25532,0.92157,1.0,1.0,0.53922
#95A572,149,165,114,78.82353,0.30909,0.22078,0.64706,0.54706
#9CFCFA,156,252,250,178.75,0.38095,0.94118,0.98824,0.8
#BD1796,189,23,150,314.09639,0.87831,0.78302,0.74118,0.41569
#B881A0,184,129,160,326.18182,0.29891,0.27919,0.72157,0.61373
#1F7B45,31,123,69,144.78261,0.74797,0.5974,0.48235,0.30196
#429B1F,66,155,31,103.06452,0.8,0.66667,0.60784,0.36471
#D821FA,216,33,250,290.59908,0.868,0.95595,0.98039,0.5549
#308554,48,133,84,145.41176,0.6391,0.46961,0.52157,0.3549
#063B1F,6,59,31,148.30189,0.89831,0.81538,0.23137,0.12745
#587786,88,119,134,199.56522,0.34328,0.20721,0.52549,0.43529
#514A72,81,74,114,250.5,0.35088,0.21277,0.44706,0.36863
#2D1C64,45,28,100,254.16667,0.72,0.5625,0.39216,0.25098
#BFF497,191,244,151,94.19355,0.38115,0.8087,0.95686,0.77451
#EC63D4,236,99,212,310.51095,0.58051,0.78286,0.92549,0.65686
#E5C5B8,229,197,184,17.33333,0.19651,0.46392,0.89804,0.8098
#D85581,216,85,129,339.84733,0.60648,0.62679,0.84706,0.5902
#3D6A69,61,106,105,178.66667,0.42453,0.26946,0.41569,0.32745
#89469E,137,70,158,285.68182,0.55696,0.38596,0.61961,0.44706
#3D3A10,61,58,16,56.0,0.7377,0.58442,0.23922,0.15098
#4F43A9,79,67,169,247.05882,0.60355,0.4322,0.66275,0.46275
#40530A,64,83,10,75.61644,0.87952,0.78495,0.32549,0.18235
#AB2D4C,171,45,76,345.2381,0.73684,0.58333,0.67059,0.42353
#9640BE,150,64,190,280.95238,0.66316,0.49606,0.7451,0.49804
#EC6B2E,236,107,46,19.26316,0.80508,0.83333,0.92549,0.55294
#89EFE1,137,239,225,171.76471,0.42678,0.76119,0.93725,0.73725
#3162BB,49,98,187,218.69565,0.73797,0.58475,0.73333,0.46275
#2C6E3E,44,110,62,136.36364,0.6,0.42857,0.43137,0.30196
#FA04E9,250,4,233,304.14634,0.984,0.9685,0.98039,0.49804
#5828AE,88,40,174,261.49254,0.77011,0.62617,0.68235,0.41961
#6B7291,107,114,145,228.94737,0.26207,0.15079,0.56863,0.49412
#C21E02,194,30,2,8.75,0.98969,0.97959,0.76078,0.38431
#AB610E,171,97,14,31.71975,0.91813,0.84865,0.67059,0.36275
#394510,57,69,16,73.58491,0.76812,0.62353,0.27059,0.16667
#D5ED7B,213,237,123,72.63158,0.48101,0.76,0.92941,0.70588
#5AE342,90,227,66,111.0559,0.70925,0.74194,0.8902,0.57451
#8E9B51,142,155,81,70.54054,0.47742,0.31356,0.60784,0.46275
#45F747,69,247,71,120.67416,0.72065,0.91753,0.96863,0.61961
#12F4FA,18,244,250,181.55172,0.928,0.95868,0.98039,0.52549
#CE9255,206,146,85,30.24793,0.58738,0.55251,0.80784,0.57059
#728D59,114,141,89,91.15385,0.36879,0.22609,0.55294,0.45098
#1AF4AD,26,244,173,160.45872,0.89344,0.90833,0.95686,0.52941
#EB9F64,235,159,100,26.22222,0.57447,0.77143,0.92157,0.65686
#D77097,215,112,151,337.28155,0.47907,0.56284,0.84314,0.64118
#721AA4,114,26,164,278.26087,0.84146,0.72632,0.64314,0.37255
#08A4B7,8,164,183,186.51429,0.95628,0.91623,0.71765,0.37451
#8536A5,133,54,165,282.7027,0.67273,0.50685,0.64706,0.42941
#5B91D6,91,145,214,213.65854,0.57477,0.6,0.83922,0.59804
#6E76B1,110,118,177,232.83582,0.37853,0.30045,0.69412,0.56275
#25255F,37,37,95,240.0,0.61053,0.43939,0.37255,0.25882
#295644,41,86,68,156.0,0.52326,0.35433,0.33725,0.24902
#E029D5,224,41,213,303.60656,0.81696,0.74694,0.87843,0.51961
#5105AD,81,5,173,267.14286,0.9711,0.94382,0.67843,0.34902
#67CF96,103,207,150,147.11538,0.50242,0.52,0.81176,0.60784
#64A15E,100,161,94,114.62687,0.41615,0.26275,0.63137,0.5
#F1974F,241,151,79,26.66667,0.6722,0.85263,0.9451,0.62745
#4F9DB4,79,157,180,193.66337,0.56111,0.40239,0.70588,0.50784
#EF28CD,239,40,205,310.25126,0.83264,0.86147,0.93725,0.54706
#C9EF94,201,239,148,85.05495,0.38075,0.73984,0.93725,0.75882
#E0B935,224,185,53,46.31579,0.76339,0.73391,0.87843,0.54314
#367A29,54,122,41,110.37037,0.66393,0.49693,0.47843,0.31961
#A44070,164,64,112,331.2,0.60976,0.4386,0.64314,0.44706
#5A1DF3,90,29,243,257.1028,0.88066,0.89916,0.95294,0.53333
#225C1D,34,92,29,115.2381,0.68478,0.52066,0.36078,0.23725
#23BF31,35,191,49,125.38462,0.81675,0.69027,0.74902,0.44314
#9F88BC,159,136,188,266.53846,0.2766,0.27957,0.73725,0.63529
#CC4C5E,204,76,94,351.5625,0.62745,0.55652,0.8,0.54902
#5039A7,80,57,167,252.54545,0.65868,0.49107,0.6549,0.43922
#6047FD,96,71,253,248.24176,0.71937,0.97849,0.99216,0.63529
#CF234F,207,35,79,344.65116,0.83092,0.71074,0.81176,0.47451
#5DCEE7,93,206,231,190.86957,0.5974,0.74194,0.90588,0.63529
#8029A5,128,41,165,282.09677,0.75152,0.60194,0.64706,0.40392
#AFFB66,175,251,102,90.60403,0.59363,0.94904,0.98431,0.69216
#207FD2,32,127,210,207.97753,0.84762,0.73554,0.82353,0.47451
#36C81E,54,200,30,111.52941,0.85,0.73913,0.78431,0.45098
#803008,128,48,8,20.0,0.9375,0.88235,0.50196,0.26667
#AB13F3,171,19,243,280.71429,0.92181,0.90323,0.95294,0.51373
#F53B32,245,59,50,2.76923,0.79592,0.90698,0.96078,0.57843
#F7D6D6,247,214,214,0.0,0.1336,0.67347,0.96863,0.90392
#219776,33,151,118,163.22034,0.78146,0.6413,0.59216,0.36078
#AD75F9,173,117,249,265.45455,0.53012,0.91667,0.97647,0.71765
#6F613B,111,97,59,43.84615,0.46847,0.30588,0.43529,0.33333
#9E696A,158,105,106,358.86792,0.33544,0.21457,0.61961,0.51569
#FE9D2B,254,157,43,32.41706,0.83071,0.99061,0.99608,0.58235
#7E3EB9,126,62,185,271.21951,0.66486,0.49798,0.72549,0.48431
#F54C73,245,76,115,346.15385,0.6898,0.89418,0.96078,0.62941
#B679F1,182,121,241,270.5,0.49793,0.81081,0.9451,0.7098
#6BC0EB,107,192,235,200.15625,0.54468,0.7619,0.92157,0.67059
#43C26F,67,194,111,140.7874,0.65464,0.51004,0.76078,0.51176
#EDC401,237,196,1,49.57627,0.99578,0.9916,0.92941,0.46667
#D1B115,209,177,21,49.78723,0.89952,0.81739,0.81961,0.45098
#AE1534,174,21,52,347.84314,0.87931,0.78462,0.68235,0.38235
#410872,65,8,114,272.26415,0.92982,0.86885,0.44706,0.23922
#78E256,120,226,86,105.42857,0.61947,0.70707,0.88627,0.61176
#32FBAD,50,251,173,156.71642,0.8008,0.96172,0.98431,0.5902
#821A20,130,26,32,356.53846,0.8,0.66667,0.5098,0.30588
#2BB559,43,181,89,140.0,0.76243,0.61607,0.7098,0.43922
#DED756,222,215,86,56.91176,0.61261,0.67327,0.87059,0.60392
#6D6BE1,109,107,225,241.01695,0.52444,0.66292,0.88235,0.65098
#AB165B,171,22,91,332.21477,0.87135,0.77202,0.67059,0.37843
#D732A2,215,50,162,319.27273,0.76744,0.67347,0.84314,0.51961
#054C19,5,76,25,136.90141,0.93421,0.87654,0.29804,0.15882
#93B6D2,147,182,210,206.66667,0.3,0.41176,0.82353,0.7
#3771FF,55,113,255,222.6,0.78431,1.0,1.0,0.60784
#85281B,133,40,27,7.35849,0.79699,0.6625,0.52157,0.31373
#41D032,65,208,50,114.3038,0.75962,0.62698,0.81569,0.50588
#D9DAAB,217,218,171,61.2766,0.2156,0.38843,0.8549,0.76275
#5DC693,93,198,147,150.85714,0.5303,0.47945,0.77647,0.57059
#FB7E3B,251,126,59,20.9375,0.76494,0.96,0.98431,0.60784
#EFA995,239,169,149,13.33333,0.37657,0.7377,0.93725,0.76078
#AAD71D,170,215,29,74.51613,0.86512,0.7623,0.84314,0.47843
#6E9BF5,110,155,245,220.0,0.55102,0.87097,0.96078,0.69608
#C46E07,196,110,7,32.69841,0.96429,0.93103,0.76863,0.39804
#402A3A,64,42,58,316.36364,0.34375,0.20755,0.25098,0.20784
#BF26B4,191,38,180,304.31373,0.80105,0.66812,0.74902,0.44902
#7F5410,127,84,16,36.75676,0.87402,0.77622,0.49804,0.28039
#FFCC38,255,204,56,44.62312,0.78039,1.0,1.0,0.6098
#50B835,80,184,53,107.63359,0.71196,0.55274,0.72157,0.46471
#F4C7DB,244,199,219,333.33333,0.18443,0.67164,0.95686,0.86863
#D2D1F5,210,209,245,241.66667,0.14694,0.64286,0.96078,0.8902
#15B9C2,21,185,194,183.12139,0.89175,0.80465,0.76078,0.42157
#40BEC7,64,190,199,184.0,0.67839,0.54656,0.78039,0.51569
#6EB247,110,178,71,98.13084,0.60112,0.42972,0.69804,0.48824
#BA6083,186,96,131,336.66667,0.48387,0.39474,0.72941,0.55294
#4F461D,79,70,29,49.2,0.63291,0.46296,0.3098,0.21176
#1F3B7A,31,59,122,221.53846,0.7459,0.59477,0.47843,0.3
#DC813B,220,129,59,26.08696,0.73182,0.69697,0.86275,0.54706
#6667A7,102,103,167,239.07692,0.38922,0.26971,0.6549,0.52745
#A23729,162,55,41,6.94215,0.74691,0.59606,0.63529,0.39804
#A22BC1,162,43,193,287.6,0.7772,0.63559,0.75686,0.46275
#A2C984,162,201,132,93.91304,0.34328,0.38983,0.78824,0.65294
#124F9C,18,79,156,213.47826,0.88462,0.7931,0.61176,0.34118
#C5CB8B,197,203,139,65.625,0.31527,0.38095,0.79608,0.67059
#9423DD,148,35,221,276.45161,0.84163,0.73228,0.86667,0.50196
#FDE0BB,253,224,187,33.63636,0.26087,0.94286,0.99216,0.86275
#BF9909,191,153,9,47.47253,0.95288,0.91,0.74902,0.39216
#4207B8,66,7,184,260.0,0.96196,0.9267,0.72157,0.37451
#B9E2F2,185,226,242,196.84211,0.23554,0.68675,0.94902,0.83725
#037966,3,121,102,170.33898,0.97521,0.95161,0.47451,0.24314
#3BAB24,59,171,36,109.77778,0.78947,0.65217,0.67059,0.40588
#786425,120,100,37,45.54217,0.69167,0.52866,0.47059,0.30784
#9730D3,151,48,211,277.91411,0.77251,0.6494,0.82745,0.50784
#9419C0,148,25,192,284.19162,0.86979,0.76959,0.75294,0.42549
#0364D8,3,100,216,212.67606,0.98611,0.9726,0.84706,0.42941
#6983C5,105,131,197,223.04348,0.46701,0.44231,0.77255,0.59216
#B09FE5,176,159,229,254.57143,0.30568,0.57377,0.89804,0.76078
#DB72EA,219,114,234,292.5,0.51282,0.74074,0.91765,0.68235
#74DA8C,116,218,140,134.11765,0.46789,0.57955,0.8549,0.6549
#5F204D,95,32,77,317.14286,0.66316,0.49606,0.37255,0.24902
#7D95AE,125,149,174,210.61224,0.28161,0.23223,0.68235,0.58627
#FB3CEA,251,60,234,305.34031,0.76096,0.9598,0.98431,0.6098
#55E821,85,232,33,104.32161,0.85776,0.81224,0.9098,0.51961
#C512B1,197,18,177,306.70391,0.90863,0.83256,0.77255,0.42157
#0156D6,1,86,214,216.05634,0.99533,0.9907,0.83922,0.42157
#2E38C6,46,56,198,236.05263,0.76768,0.62295,0.77647,0.47843
#B3398A,179,57,138,320.16393,0.68156,0.51695,0.70196,0.46275
#3CA506,60,165,6,99.62264,0.96364,0.92982,0.64706,0.33529
#D0163D,208,22,61,347.41935,0.89423,0.8087,0.81569,0.45098
#B5A995,181,169,149,37.5,0.1768,0.17778,0.7098,0.64706
#EED0D6,238,208,214,348.0,0.12605,0.46875,0.93333,0.87451
#25CF7F,37,207,127,151.76471,0.82126,0.69672,0.81176,0.47843
#344873,52,72,115,220.95238,0.54783,0.37725,0.45098,0.32745
#9D26AC,157,38,172,293.28358,0.77907,0.6381,0.67451,0.41176
#CBEEEF,203,238,239,181.66667,0.15063,0.52941,0.93725,0.86667
#6AC2CB,106,194,203,185.56701,0.47783,0.48259,0.79608,0.60588
#D626B7,214,38,183,310.56818,0.82243,0.69841,0.83922,0.49412
#98BDFA,152,189,250,217.34694,0.392,0.90741,0.98039,0.78824
#BBD50A,187,213,10,67.68473,0.95305,0.91031,0.83529,0.43725
#F20278,242,2,120,330.5,0.99174,0.98361,0.94902,0.47843
#15FA0E,21,250,14,118.22034,0.944,0.95935,0.98039,0.51765
#51F34F,81,243,79,119.26829,0.6749,0.87234,0.95294,0.63137
#2D8ED4,45,142,212,205.1497,0.78774,0.66008,0.83137,0.50392
#733E30,115,62,48,12.53731,0.58261,0.41104,0.45098,0.31961
#16E1AE,22,225,174,164.92611,0.90222,0.82186,0.88235,0.48431
#C3810E,195,129,14,38.12155,0.92821,0.86603,0.76471,0.4098
#549391,84,147,145,178.09524,0.42857,0.27273,0.57647,0.45294
#65A1E4,101,161,228,211.65354,0.55702,0.70166,0.89412,0.6451
#2D6D0A,45,109,10,98.78788,0.90826,0.83193,0.42745,0.23333
#4782CE,71,130,206,213.77778,0.65534,0.5794,0.80784,0.54314
#786395,120,99,149,265.2,0.33557,0.20161,0.58431,0.48627
#B3CEA4,179,206,164,98.57143,0.20388,0.3,0.80784,0.72549
#45932D,69,147,45,105.88235,0.69388,0.53125,0.57647,0.37647
#C58BC1,197,139,193,304.13793,0.29442,0.33333,0.77255,0.65882
#AD7166,173,113,102,9.29577,0.4104,0.30213,0.67843,0.53922
#4A2DBC,74,45,188,252.16783,0.76064,0.61373,0.73725,0.45686
#2923B6,41,35,182,242.44898,0.80769,0.67742,0.71373,0.42549
#153737,21,55,55,180.0,0.61818,0.44737,0.21569,0.14902
#E97149,233,113,73,15.0,0.6867,0.78431,0.91373,0.6
#4AEC38,74,236,56,114.0,0.76271,0.82569,0.92549,0.57255
#6D4585,109,69,133,277.5,0.4812,0.31683,0.52157,0.39608
#93429E,147,66,158,292.82609,0.58228,0.41071,0.61961,0.43922
#632546,99,37,70,328.06452,0.62626,0.45588,0.38824,0.26667
#FF6DAD,255,109,173,333.69863,0.57255,1.0,1.0,0.71373
#448B1C,68,139,28,98.37838,0.79856,0.66467,0.5451,0.32745
#E2DDC2,226,221,194,50.625,0.14159,0.35556,0.88627,0.82353
#F41A0A,244,26,10,4.10256,0.95902,0.92126,0.95686,0.49804
#47C31D,71,195,29,104.81928,0.85128,0.74107,0.76471,0.43922
#20EC42,32,236,66,130.0,0.86441,0.84298,0.92549,0.52549
#8C6CA6,140,108,166,273.10345,0.3494,0.24576,0.65098,0.53725
#ECC6DB,236,198,219,326.84211,0.16102,0.5,0.92549,0.85098
#DA1560,218,21,96,337.15736,0.90367,0.82427,0.8549,0.46863
#70CECF,112,206,207,180.63158,0.45894,0.49738,0.81176,0.62549
#EE4FF7,238,79,247,296.78571,0.68016,0.91304,0.96863,0.63922
#D9A596,217,165,150,13.43284,0.30876,0.46853,0.85098,0.71961
#371782,55,23,130,257.94393,0.82308,0.69935,0.5098,0.3
#8E93B1,142,147,177,231.42857,0.19774,0.18325,0.69412,0.62549
#A3856F,163,133,111,25.38462,0.31902,0.22034,0.63922,0.53725
#51E512,81,229,18,102.08531,0.9214,0.85425,0.89804,0.48431
#A56710,165,103,16,35.03356,0.90303,0.8232,0.64706,0.3549
#6EFF0E,110,255,14,96.09959,0.9451,1.0,1.0,0.52745
#97E6C6,151,230,198,155.6962,0.34348,0.6124,0.90196,0.74706
#77D4E9,119,212,233,191.05263,0.48927,0.72152,0.91373,0.6902
#29B7E5,41,183,229,194.68085,0.82096,0.78333,0.89804,0.52941
#88B16B,136,177,107,95.14286,0.39548,0.30973,0.69412,0.55686
#9D508C,157,80,140,313.24675,0.49045,0.32489,0.61569,0.46471
#2B2212,43,34,18,38.4,0.5814,0.40984,0.16863,0.11961
#650FD0,101,15,208,266.73575,0.92788,0.86547,0.81569,0.43725
#D97740,217,119,64,21.56863,0.70507,0.66812,0.85098,0.55098
#F40BB8,244,11,184,315.45064,0.95492,0.91373,0.95686,0.5
#1551D6,21,81,214,221.34715,0.90187,0.82128,0.83922,0.46078
#733F94,115,63,148,276.70588,0.57432,0.40284,0.58039,0.41373
#2415BB,36,21,187,245.42169,0.8877,0.79808,0.73333,0.40784
#749C63,116,156,99,102.10526,0.36538,0.22353,0.61176,0.5
#B78D4B,183,141,75,36.66667,0.59016,0.42857,0.71765,0.50588
#D5C723,213,199,35,55.2809,0.83568,0.71774,0.83529,0.48627
#1CB083,28,176,131,161.75676,0.84091,0.72549,0.6902,0.4
#0DAA2A,13,170,42,131.0828,0.92353,0.85792,0.66667,0.35882
#FFFD32,255,253,50,59.41463,0.80392,1.0,1.0,0.59804
#5F4244,95,66,68,355.86207,0.30526,0.18012,0.37255,0.31569
#758D64,117,141,100,95.12195,0.29078,0.17012,0.55294,0.47255
#EB2677,235,38,119,335.32995,0.8383,0.83122,0.92157,0.53529
#2F87AB,47,135,171,197.41935,0.72515,0.56881,0.67059,0.42745
#DDB94E,221,185,78,44.8951,0.64706,0.67773,0.86667,0.58627
#6F7604,111,118,4,63.68421,0.9661,0.93443,0.46275,0.23922
#D64869,214,72,105,346.05634,0.66355,0.63393,0.83922,0.56078
#B314FD,179,20,253,280.94421,0.92095,0.98312,0.99216,0.53529
#B72772,183,39,114,328.75,0.78689,0.64865,0.71765,0.43529
#1EF17B,30,241,123,146.4455,0.87552,0.88285,0.9451,0.53137
#6CF943,108,249,67,106.48352,0.73092,0.93814,0.97647,0.61961
#3955ED,57,85,237,230.66667,0.75949,0.83333,0.92941,0.57647
#EBB8AB,235,184,171,12.1875,0.27234,0.61538,0.92157,0.79608
#8EDEC7,142,222,199,162.75,0.36036,0.54795,0.87059,0.71373
#F7C1BB,247,193,187,6.0,0.24291,0.78947,0.96863,0.85098
#27A031,39,160,49,124.95868,0.75625,0.60804,0.62745,0.3902
#5D8EBF,93,142,191,210.0,0.51309,0.43363,0.74902,0.55686
#794EFB,121,78,251,254.91329,0.68924,0.9558,0.98431,0.6451
#DD772F,221,119,47,24.82759,0.78733,0.71901,0.86667,0.52549
#8FEC92,143,236,146,121.93548,0.39407,0.70992,0.92549,0.74314
#B3767F,179,118,127,351.14754,0.34078,0.28638,0.70196,0.58235
#0DAA24,13,170,36,128.78981,0.92353,0.85792,0.66667,0.35882
#9B8CC8,155,140,200,255.0,0.3,0.35294,0.78431,0.66667
#29CBA6,41,203,166,166.2963,0.79803,0.66393,0.79608,0.47843
#6DBE36,109,190,54,95.73529,0.71579,0.55738,0.7451,0.47843
#5DD7F4,93,215,244,191.52318,0.61885,0.87283,0.95686,0.66078
#2A1737,42,23,55,275.625,0.58182,0.41026,0.21569,0.15294
#1F914D,31,145,77,144.21053,0.78621,0.64773,0.56863,0.3451
#6F4214,111,66,20,30.32967,0.81982,0.69466,0.43529,0.25686
#4EE9B6,78,233,182,160.25806,0.66524,0.77889,0.91373,0.6098
#4A8ED9,74,142,217,211.46853,0.65899,0.65297,0.85098,0.57059
#C041D7,192,65,215,290.8,0.69767,0.65217,0.84314,0.54902
#4B18F1,75,24,241,254.10138,0.90041,0.88571,0.9451,0.51961
#340067,52,0,103,270.29126,1.0,1.0,0.40392,0.20196
#114EB0,17,78,176,216.98113,0.90341,0.82383,0.6902,0.37843
#FB330D,251,51,13,9.57983,0.94821,0.96748,0.98431,0.51765
#BD1F72,189,31,114,328.48101,0.83598,0.71818,0.74118,0.43137
#2E3C99,46,60,153,232.14953,0.69935,0.53769,0.6,0.3902
#7AE249,122,226,73,100.78431,0.67699,0.72512,0.88627,0.58627
#EB7ECC,235,126,204,317.06422,0.46383,0.73154,0.92157,0.70784
#4BF925,75,249,37,109.24528,0.85141,0.94643,0.97647,0.56078
#07E57B,7,229,123,151.35135,0.96943,0.94068,0.89804,0.46275
#7BC1FA,123,193,250,206.92913,0.508,0.92701,0.98039,0.73137
#F43909,244,57,9,12.25532,0.96311,0.92885,0.95686,0.49608
#9529CD,149,41,205,279.5122,0.8,0.66667,0.80392,0.48235
#880A52,136,10,82,325.71429,0.92647,0.86301,0.53333,0.28627
#795C8B,121,92,139,277.02128,0.33813,0.20346,0.5451,0.45294
#262EAF,38,46,175,236.49635,0.78286,0.64319,0.68627,0.41765
#0659A9,6,89,169,209.44785,0.9645,0.93143,0.66275,0.34314
#83F9E9,131,249,233,171.86441,0.4739,0.90769,0.97647,0.7451
#732037,115,32,55,343.37349,0.72174,0.56463,0.45098,0.28824
#21805D,33,128,93,157.89474,0.74219,0.59006,0.50196,0.31569
#B2F302,178,243,2,76.18257,0.99177,0.98367,0.95294,0.48039
#74C367,116,195,103,111.52174,0.47179,0.43396,0.76471,0.58431
#2DCB54,45,203,84,134.81013,0.77833,0.6371,0.79608,0.48627
#B52A7D,181,42,125,324.17266,0.76796,0.62332,0.7098,0.43725
#823DB0,130,61,176,276.0,0.65341,0.48523,0.6902,0.46471
#023EA2,2,62,162,217.5,0.98765,0.97561,0.63529,0.32157
#2605AA,38,5,170,252.0,0.97059,0.94286,0.66667,0.34314
#F6D76A,246,215,106,46.71429,0.56911,0.88608,0.96471,0.6902
#42DAA8,66,218,168,160.26316,0.69725,0.67257,0.8549,0.55686
#126C41,18,108,65,151.33333,0.83333,0.71429,0.42353,0.24706
#7D1514,125,21,20,0.57143,0.84,0.72414,0.4902,0.28431
#9B482A,155,72,42,15.9292,0.72903,0.5736,0.60784,0.38627
#15CF55,21,207,85,140.64516,0.89855,0.81579,0.81176,0.44706
#B45B41,180,91,65,13.56522,0.63889,0.46939,0.70588,0.48039
#3AB1F3,58,177,243,201.40541,0.76132,0.88517,0.95294,0.5902
#1D9B0A,29,155,10,112.13793,0.93548,0.87879,0.60784,0.32353
#ED6C57,237,108,87,8.4,0.63291,0.80645,0.92941,0.63529
#94A283,148,162,131,87.09677,0.19136,0.14286,0.63529,0.57451
#AE7160,174,113,96,13.07692,0.44828,0.325,0.68235,0.52941
#932ED0,147,46,208,277.40741,0.77885,0.6378,0.81569,0.49804
#F267FA,242,103,250,296.73469,0.588,0.93631,0.98039,0.69216
#5D5DD0,93,93,208,240.0,0.55288,0.55024,0.81569,0.5902
#5CB34C,92,179,76,110.67961,0.57542,0.40392,0.70196,0.5
#45DF57,69,223,87,127.01299,0.69058,0.70642,0.87451,0.57255
#38A542,56,165,66,125.50459,0.66061,0.49321,0.64706,0.43333
#002A21,0,42,33,167.14286,1.0,1.0,0.16471,0.08235
#2C5515,44,85,21,98.4375,0.75294,0.60377,0.33333,0.20784
#77EDFF,119,237,255,187.94118,0.53333,1.0,1.0,0.73333
#9B34C9,155,52,201,281.47651,0.74129,0.58893,0.78824,0.49608
#BA7351,186,115,81,19.42857,0.56452,0.4321,0.72941,0.52353
#19C095,25,192,149,164.5509,0.86979,0.76959,0.75294,0.42549
#02C884,2,200,132,159.39394,0.99,0.9802,0.78431,0.39608
#321188,50,17,136,256.63866,0.875,0.77778,0.53333,0.3
#31E323,49,227,35,115.625,0.84581,0.77419,0.8902,0.51373
#D35FF4,211,95,244,286.71141,0.61066,0.87135,0.95686,0.66471
#B16B40,177,107,64,22.83186,0.63842,0.46888,0.69412,0.47255
#DF84B8,223,132,184,325.71429,0.40807,0.5871,0.87451,0.69608
#B7801B,183,128,27,38.84615,0.85246,0.74286,0.71765,0.41176
#3CD074,60,208,116,142.7027,0.71154,0.61157,0.81569,0.52549
#A1959A,161,149,154,335.0,0.07453,0.06,0.63137,0.60784
#16CA9C,22,202,156,164.66667,0.89109,0.80357,0.79216,0.43922
#A845D9,168,69,217,280.13514,0.68203,0.66071,0.85098,0.56078
#BE2708,190,39,8,10.21978,0.95789,0.91919,0.7451,0.38824
#E3CEAD,227,206,173,36.66667,0.23789,0.49091,0.8902,0.78431
#C9E3C2,201,227,194,107.27273,0.14537,0.37079,0.8902,0.82549
#59C7E6,89,199,230,193.19149,0.61304,0.73822,0.90196,0.62549
#0B6E37,11,110,55,146.66667,0.9,0.81818,0.43137,0.23725
#204362,32,67,98,208.18182,0.67347,0.50769,0.38431,0.2549
#4E6242,78,98,66,97.5,0.32653,0.19512,0.38431,0.32157
#01A81B,1,168,27,129.34132,0.99405,0.98817,0.65882,0.33137
#98F90C,152,249,12,84.55696,0.95181,0.95181,0.97647,0.51176
#B7D601,183,214,1,68.73239,0.99533,0.9907,0.83922,0.42157
#68A1DB,104,161,219,210.26087,0.52511,0.61497,0.85882,0.63333
#620573,98,5,115,290.72727,0.95652,0.91667,0.45098,0.23529
#017B53,1,123,83,160.32787,0.99187,0.98387,0.48235,0.24314
#83B4F4,131,180,244,213.9823,0.46311,0.83704,0.95686,0.73529
#05888C,5,136,140,181.77778,0.96429,0.93103,0.54902,0.28431
#E38631,227,134,49,28.65169,0.78414,0.76068,0.8902,0.54118
#CD170B,205,23,11,3.71134,0.94634,0.89815,0.80392,0.42353
#2938C8,41,56,200,234.33962,0.795,0.65975,0.78431,0.47255
#D557AB,213,87,171,320.0,0.59155,0.6,0.83529,0.58824
#3793D2,55,147,210,204.3871,0.7381,0.63265,0.82353,0.51961
#2B0A73,43,10,115,258.85714,0.91304,0.84,0.45098,0.2451
#5796F5,87,150,245,216.07595,0.6449,0.88764,0.96078,0.65098
#351D94,53,29,148,252.10084,0.80405,0.67232,0.58039,0.34706
#07C2B0,7,194,176,174.2246,0.96392,0.93035,0.76078,0.39412
#93DA53,147,218,83,91.55556,0.61927,0.64593,0.8549,0.5902
#576329,87,99,41,72.41379,0.58586,0.41429,0.38824,0.27451
#D08A17,208,138,23,37.2973,0.88942,0.80087,0.81569,0.45294
#C7DEFA,199,222,250,212.94118,0.204,0.83607,0.98039,0.88039
#922F3B,146,47,59,352.72727,0.67808,0.51295,0.57255,0.37843
#C09FD9,192,159,217,274.13793,0.26728,0.43284,0.85098,0.73725
#052AAB,5,42,171,226.62651,0.97076,0.94318,0.67059,0.3451
#A322D2,163,34,210,283.97727,0.8381,0.72131,0.82353,0.47843
#4F6799,79,103,153,220.54054,0.48366,0.31897,0.6,0.4549
#5953D4,89,83,212,242.7907,0.60849,0.6,0.83137,0.57843
#CE61AC,206,97,172,318.7156,0.52913,0.52657,0.80784,0.59412
#13F964,19,249,100,141.13043,0.92369,0.95041,0.97647,0.52549
#81909D,129,144,157,207.85714,0.17834,0.125,0.61569,0.56078
#D4FC3E,212,252,62,72.63158,0.75397,0.96939,0.98824,0.61569
#08A42B,8,164,43,133.46154,0.95122,0.90698,0.64314,0.33725
#9154AE,145,84,174,280.66667,0.51724,0.35714,0.68235,0.50588
#39E2FD,57,226,253,188.26531,0.7747,0.98,0.99216,0.60784
#26B6EB,38,182,235,196.14213,0.8383,0.83122,0.92157,0.53529
#16DD63,22,221,99,143.21608,0.90045,0.81893,0.86667,0.47647
#F91536,249,21,54,351.31579,0.91566,0.95,0.97647,0.52941
#B7CFAF,183,207,175,105.0,0.15459,0.25,0.81176,0.74902
#9BADAA,155,173,170,170.0,0.10405,0.0989,0.67843,0.64314
#309C02,48,156,2,102.07792,0.98718,0.97468,0.61176,0.3098
#6C423B,108,66,59,8.57143,0.4537,0.29341,0.42353,0.32745
#0BCA67,11,202,103,148.90052,0.94554,0.89671,0.79216,0.41765
#6CE9EE,108,233,238,182.30769,0.54622,0.79268,0.93333,0.67843
#38AA9B,56,170,155,172.10526,0.67059,0.50442,0.66667,0.44314
#757176,117,113,118,288.0,0.04237,0.02165,0.46275,0.45294
#665E33,102,94,51,50.58824,0.5,0.33333,0.4,0.3
#4EB24E,78,178,78,120.0,0.5618,0.3937,0.69804,0.50196
#7DE6ED,125,230,237,183.75,0.47257,0.75676,0.92941,0.7098
#184142,24,65,66,181.42857,0.63636,0.46667,0.25882,0.17647
#13BAA3,19,186,163,171.73653,0.89785,0.81463,0.72941,0.40196
#E71519,231,21,25,358.85714,0.90909,0.83333,0.90588,0.49412
#0B1012,11,16,18,197.14286,0.38889,0.24138,0.07059,0.05686
#BC4D75,188,77,117,338.37838,0.59043,0.45306,0.73725,0.51961
#47D8BD,71,216,189,168.82759,0.6713,0.65022,0.84706,0.56275
#AB2FD2,171,47,210,285.64417,0.77619,0.64427,0.82353,0.50392
#EE1158,238,17,88,340.72398,0.92857,0.86667,0.93333,0.5
#940CF5,148,12,245,275.02146,0.95102,0.92095,0.96078,0.50392
#7578DB,117,120,219,238.23529,0.46575,0.58621,0.85882,0.65882
#1AB035,26,176,53,130.8,0.85227,0.74257,0.6902,0.39608
#30733D,48,115,61,131.64179,0.58261,0.41104,0.45098,0.31961
#34E930,52,233,48,118.7027,0.79399,0.80786,0.91373,0.55098
#F9BE75,249,190,117,33.18182,0.53012,0.91667,0.97647,0.71765
#248F2A,36,143,42,123.36449,0.74825,0.59777,0.56078,0.35098
#1E97B6,30,151,182,192.23684,0.83516,0.71698,0.71373,0.41569
#C1596D,193,89,109,348.46154,0.53886,0.45614,0.75686,0.55294
#DD0460,221,4,96,334.56221,0.9819,0.96444,0.86667,0.44118
#6E8248,110,130,72,80.68966,0.44615,0.28713,0.5098,0.39608
#28A3F3,40,163,243,203.64532,0.83539,0.89427,0.95294,0.5549
#1CE977,28,233,119,146.63415,0.87983,0.82329,0.91373,0.51176
#9E79DD,158,121,221,262.2,0.45249,0.59524,0.86667,0.67059
#D8CE91,216,206,145,51.5493,0.3287,0.47651,0.84706,0.70784
#A49EF5,164,158,245,244.13793,0.3551,0.81308,0.96078,0.7902
#34F116,52,241,22,111.78082,0.90871,0.88664,0.9451,0.51569
#DCD4FC,220,212,252,252.0,0.15873,0.86957,0.98824,0.9098
#34A1AC,52,161,172,185.5,0.69767,0.53571,0.67451,0.43922
#250C6D,37,12,109,255.46392,0.88991,0.80165,0.42745,0.23725
#032D00,3,45,0,116.0,1.0,1.0,0.17647,0.08824
#7D3AFF,125,58,255,260.40609,0.77255,1.0,1.0,0.61373
#E1DCAC,225,220,172,54.33962,0.23556,0.46903,0.88235,0.77843
#222D65,34,45,101,230.14925,0.66337,0.4963,0.39608,0.26471
#AC71FD,172,113,253,265.28571,0.55336,0.97222,0.99216,0.71765
#3F6BDC,63,107,220,223.18471,0.71364,0.69163,0.86275,0.5549
#46D832,70,216,50,112.77108,0.76852,0.68033,0.84706,0.52157
#089910,8,153,16,123.31034,0.94771,0.90062,0.6,0.31569
#C4EB3C,196,235,60,73.37143,0.74468,0.81395,0.92157,0.57843
#5198A9,81,152,169,191.59091,0.52071,0.352,0.66275,0.4902
#BD51AC,189,81,172,309.44444,0.57143,0.45,0.74118,0.52941
#316920,49,105,32,106.0274,0.69524,0.53285,0.41176,0.26863
#F41654,244,22,84,343.24324,0.90984,0.90984,0.95686,0.52157
#C60439,198,4,57,343.60825,0.9798,0.9604,0.77647,0.39608
#15972C,21,151,44,130.61538,0.86093,0.75581,0.59216,0.33725
#009B1E,0,155,30,131.6129,1.0,1.0,0.60784,0.30392
#2F4E23,47,78,35,103.25581,0.55128,0.38053,0.30588,0.22157
#4174FF,65,116,255,223.89474,0.7451,1.0,1.0,0.62745
#4EE535,78,229,53,111.47727,0.76856,0.77193,0.89804,0.55294
#92FA0C,146,250,12,86.21849,0.952,0.95968,0.98039,0.51373
#8A0BA5,138,11,165,289.48052,0.93333,0.875,0.64706,0.3451
#B57C29,181,124,41,35.57143,0.77348,0.63063,0.7098,0.43529
#4BA13B,75,161,59,110.58824,0.63354,0.46364,0.63137,0.43137
#196123,25,97,35,128.33333,0.74227,0.59016,0.38039,0.23922
#FE41A0,254,65,160,329.84127,0.74409,0.98953,0.99608,0.62549
#0A362E,10,54,46,169.09091,0.81481,0.6875,0.21176,0.12549
#D09C42,208,156,66,38.02817,0.68269,0.60169,0.81569,0.53725
#4EABB2,78,171,178,184.2,0.5618,0.3937,0.69804,0.50196
#C6277A,198,39,122,328.67925,0.80303,0.67089,0.77647,0.46471
#0C5FD1,12,95,209,214.72081,0.94258,0.8914,0.81961,0.43333
#0770F7,7,112,247,213.75,0.97166,0.94488,0.96863,0.49804
#9E1455,158,20,85,331.73913,0.87342,0.77528,0.61961,0.34902
#5C369C,92,54,156,262.35294,0.65385,0.48571,0.61176,0.41176
#0AEA68,10,234,104,145.17857,0.95726,0.91803,0.91765,0.47843
#C80EC8,200,14,200,300.0,0.93,0.86916,0.78431,0.41961
#A804DF,168,4,223,284.93151,0.98206,0.96476,0.87451,0.4451
#2E7710,46,119,16,102.52427,0.86555,0.76296,0.46667,0.26471
#BBD0B1,187,208,177,100.64516,0.14904,0.248,0.81569,0.7549
#2574C1,37,116,193,209.61538,0.80829,0.67826,0.75686,0.45098
#A70D65,167,13,101,325.71429,0.92216,0.85556,0.6549,0.35294
#E92176,233,33,118,334.5,0.85837,0.81967,0.91373,0.52157
#44CA4C,68,202,76,123.58209,0.66337,0.55833,0.79216,0.52941
#F2C6F0,242,198,240,302.72727,0.18182,0.62857,0.94902,0.86275
#6F825B,111,130,91,89.23077,0.3,0.17647,0.5098,0.43333
#0B6F1C,11,111,28,130.2,0.9009,0.81967,0.43529,0.23922
#223EF1,34,62,241,231.88406,0.85892,0.88085,0.9451,0.53922
#786DCC,120,109,204,246.94737,0.46569,0.48223,0.8,0.61373
#918230,145,130,48,50.72165,0.66897,0.50259,0.56863,0.37843
#AFDAD2,175,218,210,168.83721,0.19725,0.36752,0.8549,0.77059
#34C373,52,195,115,146.43357,0.73333,0.57895,0.76471,0.48431
#4E2AA9,78,42,169,257.00787,0.75148,0.6019,0.66275,0.41373
#DA133C,218,19,60,347.63819,0.91284,0.83966,0.8549,0.46471
#AFAFE7,175,175,231,240.0,0.24242,0.53846,0.90588,0.79608
#E74C42,231,76,66,3.63636,0.71429,0.77465,0.90588,0.58235
#9A6544,154,101,68,23.02326,0.55844,0.38739,0.60392,0.43529
#EEEE5F,238,238,95,60.0,0.60084,0.80791,0.93333,0.65294
#A88344,168,131,68,37.8,0.59524,0.42373,0.65882,0.46275
#354DDE,53,77,222,231.47929,0.76126,0.71915,0.87059,0.53922
#AFF85D,175,248,93,88.25806,0.625,0.91716,0.97255,0.66863
#BBEB45,187,235,69,77.3494,0.70638,0.80583,0.92157,0.59608
#AB43A8,171,67,168,301.73077,0.60819,0.43697,0.67059,0.46667
#BF9437,191,148,55,41.02941,0.71204,0.55285,0.74902,0.48235
#02F71E,2,247,30,126.85714,0.9919,0.98394,0.96863,0.48824
#9EACC1,158,172,193,216.0,0.18135,0.22013,0.75686,0.68824
#49C65C,73,198,92,129.12,0.63131,0.52301,0.77647,0.53137
#22254D,34,37,77,235.81395,0.55844,0.38739,0.30196,0.21765
#91A6B7,145,166,183,206.84211,0.20765,0.20879,0.71765,0.64314
#C74803,199,72,3,21.12245,0.98492,0.9703,0.78039,0.39608
#844E84,132,78,132,300.0,0.40909,0.25714,0.51765,0.41176
#8BE4AB,139,228,171,141.57303,0.39035,0.62238,0.89412,0.71961
#282D3C,40,45,60,225.0,0.33333,0.2,0.23529,0.19608
#D50B4B,213,11,75,340.9901,0.94836,0.90179,0.83529,0.43922
#15ABA2,21,171,162,176.4,0.87719,0.78125,0.67059,0.37647
#D2B287,210,178,135,34.4,0.35714,0.45455,0.82353,0.67647
#C955FB,201,85,251,281.92771,0.66135,0.95402,0.98431,0.65882
#8960D4,137,96,212,261.2069,0.54717,0.57426,0.83137,0.60392
#33326F,51,50,111,240.98361,0.54955,0.37888,0.43529,0.31569
#3382A5,51,130,165,198.42105,0.69091,0.52778,0.64706,0.42353
#573B09,87,59,9,38.46154,0.89655,0.8125,0.34118,0.18824
#39C764,57,199,100,138.16901,0.71357,0.55906,0.78039,0.50196
#EE293F,238,41,63,353.29949,0.82773,0.85281,0.93333,0.54706
#8A7765,138,119,101,29.18919,0.26812,0.15481,0.54118,0.46863
#AB3B00,171,59,0,20.70175,1.0,1.0,0.67059,0.33529
#5A9346,90,147,70,104.41558,0.52381,0.35484,0.57647,0.42549
#19FA4D,25,250,77,133.86667,0.9,0.95745,0.98039,0.53922
#C1E33F,193,227,63,72.43902,0.72247,0.74545,0.8902,0.56863
#D64DB1,214,77,177,316.20438,0.64019,0.62557,0.83922,0.57059
#CE8074,206,128,116,8.0,0.43689,0.47872,0.80784,0.63137
#3BF2F1,59,242,241,179.67213,0.7562,0.8756,0.94902,0.5902
#71989F,113,152,159,189.13043,0.28931,0.19328,0.62353,0.53333
#3DE19C,61,225,156,154.7561,0.72889,0.73214,0.88235,0.56078
#7C1E36,124,30,54,344.68085,0.75806,0.61039,0.48627,0.30196
#8219C4,130,25,196,276.84211,0.87245,0.77376,0.76863,0.43333
#36F4B7,54,244,183,160.73684,0.77869,0.89623,0.95686,0.58431
#CDE800,205,232,0,66.98276,1.0,1.0,0.9098,0.4549
#FABA8F,250,186,143,24.11215,0.428,0.91453,0.98039,0.77059
#53F2B6,83,242,182,157.35849,0.65702,0.85946,0.94902,0.63725
#472B03,71,43,3,35.29412,0.95775,0.91892,0.27843,0.1451
#4A84D2,74,132,210,214.41176,0.64762,0.60177,0.82353,0.55686
#B6F8ED,182,248,237,170.0,0.26613,0.825,0.97255,0.84314
#F75353,247,83,83,0.0,0.66397,0.91111,0.96863,0.64706
#8F3675,143,54,117,317.52809,0.62238,0.45178,0.56078,0.38627
#B794FB,183,148,251,260.38835,0.41036,0.92793,0.98431,0.78235
#12E5F2,18,229,242,183.48214,0.92562,0.896,0.94902,0.5098
#16A6C4,22,166,196,190.34483,0.88776,0.79817,0.76863,0.42745
#9B568B,155,86,139,313.91304,0.44516,0.28631,0.60784,0.47255
#C94394,201,67,148,323.73134,0.66667,0.55372,0.78824,0.52549
#7F9B11,127,155,17,72.17391,0.89032,0.80233,0.60784,0.33725
#B3A553,179,165,83,51.25,0.53631,0.3871,0.70196,0.51373
#2E9641,46,150,65,130.96154,0.69333,0.53061,0.58824,0.38431
#BDA29D,189,162,157,9.375,0.16931,0.19512,0.74118,0.67843
#34E228,52,226,40,116.12903,0.82301,0.7623,0.88627,0.52157
#0BB1BA,11,177,186,183.08571,0.94086,0.88832,0.72941,0.38627
#B1A0F6,177,160,246,251.86047,0.34959,0.82692,0.96471,0.79608
#BE98C9,190,152,201,286.53061,0.24378,0.3121,0.78824,0.69216
#7D38EE,125,56,238,262.74725,0.76471,0.84259,0.93333,0.57647
#256523,37,101,35,118.18182,0.65347,0.48529,0.39608,0.26667
#5C641A,92,100,26,66.48649,0.74,0.5873,0.39216,0.24706
#B53B76,181,59,118,330.98361,0.67403,0.50833,0.7098,0.47059
#4D5323,77,83,35,67.5,0.57831,0.40678,0.32549,0.23137
#648296,100,130,150,204.0,0.33333,0.2,0.58824,0.4902
#21636E,33,99,110,188.57143,0.7,0.53846,0.43137,0.28039
#AF1577,175,21,119,321.81818,0.88,0.78571,0.68627,0.38431
#C3D4F9,195,212,249,221.11111,0.21687,0.81818,0.97647,0.87059
#3FFE06,63,254,6,106.20968,0.97638,0.992,0.99608,0.5098
#B8F0E9,184,240,233,172.5,0.23333,0.65116,0.94118,0.83137
#DA6BA4,218,107,164,329.18919,0.50917,0.6,0.8549,0.63725
#17AB01,23,171,1,112.23529,0.99415,0.98837,0.67059,0.33725
#FBFFDB,251,255,219,66.66667,0.14118,1.0,1.0,0.92941
#5CC1FB,92,193,251,201.88679,0.63347,0.9521,0.98431,0.67255
#4E0302,78,3,2,0.78947,0.97436,0.95,0.30588,0.15686
#448A6E,68,138,110,156.0,0.50725,0.33981,0.54118,0.40392
#1A50D9,26,80,217,223.03665,0.88018,0.78601,0.85098,0.47647
#24061F,36,6,31,310.0,0.83333,0.71429,0.14118,0.08235
#A1369F,161,54,159,301.1215,0.6646,0.49767,0.63137,0.42157
#9957CF,153,87,207,273.0,0.57971,0.55556,0.81176,0.57647
#E55D09,229,93,9,22.90909,0.9607,0.92437,0.89804,0.46667
#FEF0E4,254,240,228,27.69231,0.10236,0.92857,0.99608,0.9451
#6A7E71,106,126,113,141.0,0.15873,0.08621,0.49412,0.4549
#77E684,119,230,132,127.02703,0.48261,0.68944,0.90196,0.68431
#E72EEA,231,46,234,299.04255,0.80342,0.81739,0.91765,0.54902
#E563AB,229,99,171,326.76923,0.56769,0.71429,0.89804,0.64314
#10EBD3,16,235,211,173.42466,0.93191,0.87251,0.92157,0.49216
#CDF7F1,205,247,241,171.42857,0.17004,0.72414,0.96863,0.88627
#AA8542,170,133,66,38.65385,0.61176,0.44068,0.66667,0.46275
#FDB83F,253,184,63,38.21053,0.75099,0.97938,0.99216,0.61961
#39DFCB,57,223,203,172.77108,0.74439,0.72174,0.87451,0.54902
#CE70A7,206,112,167,324.89362,0.45631,0.48958,0.80784,0.62353
#5C045A,92,4,90,301.36364,0.95652,0.91667,0.36078,0.18824
#FB37A4,251,55,164,326.63265,0.78088,0.96078,0.98431,0.6
#A88E67,168,142,103,36.0,0.3869,0.27197,0.65882,0.53137
#BE95D1,190,149,209,281.0,0.28708,0.39474,0.81961,0.70196
#7D1017,125,16,23,356.14679,0.872,0.77305,0.4902,0.27647
#BF0D07,191,13,7,1.95652,0.96335,0.92929,0.74902,0.38824
#F0D264,240,210,100,47.14286,0.58333,0.82353,0.94118,0.66667
#CF4A1E,207,74,30,14.91525,0.85507,0.74684,0.81176,0.46471
#2B813D,43,129,61,132.55814,0.66667,0.5,0.50588,0.33725
#C369AB,195,105,171,316.0,0.46154,0.42857,0.76471,0.58824
#E0028E,224,2,142,322.16216,0.99107,0.9823,0.87843,0.44314
#73EEE4,115,238,228,175.12195,0.51681,0.78344,0.93333,0.69216
#8001DF,128,1,223,274.32432,0.99552,0.99107,0.87451,0.43922
#274797,39,71,151,222.85714,0.74172,0.58947,0.59216,0.37255
#2806C7,40,6,199,250.56995,0.96985,0.94146,0.78039,0.40196
#A1CA43,161,202,67,78.22222,0.66832,0.56017,0.79216,0.52745
#F2B96D,242,185,109,34.28571,0.54959,0.83648,0.94902,0.68824
#3E7BBB,62,123,187,210.72,0.66845,0.50201,0.73333,0.48824
#9D8DEF,157,141,239,249.79592,0.41004,0.75385,0.93725,0.7451
#6E6E42,110,110,66,60.0,0.4,0.25,0.43137,0.3451
#031F9F,3,31,159,229.23077,0.98113,0.96296,0.62353,0.31765
#676E91,103,110,145,230.0,0.28966,0.16935,0.56863,0.48627
#D19B6C,209,155,108,27.92079,0.48325,0.52332,0.81961,0.62157
#640C6B,100,12,107,295.57895,0.88785,0.79832,0.41961,0.23333
#29C3C1,41,195,193,179.22078,0.78974,0.65254,0.76471,0.46275
#0181CC,1,129,204,202.16749,0.9951,0.99024,0.8,0.40196
#E6D8B0,230,216,176,44.44444,0.23478,0.51923,0.90196,0.79608
#6163BE,97,99,190,238.70968,0.48947,0.41704,0.7451,0.56275
#5398E3,83,152,227,211.25,0.63436,0.72,0.8902,0.60784
#37D5B2,55,213,178,166.70886,0.74178,0.65289,0.83529,0.52549
#1113DB,17,19,219,239.40594,0.92237,0.85593,0.85882,0.46275
#F58960,245,137,96,16.51007,0.60816,0.88166,0.96078,0.66863
#888AD7,136,138,215,238.48101,0.36744,0.49686,0.84314,0.68824
#635831,99,88,49,46.8,0.50505,0.33784,0.38824,0.2902
#F13AB9,241,58,185,318.36066,0.75934,0.8673,0.9451,0.58627
#3E4539,62,69,57,95.0,0.17391,0.09524,0.27059,0.24706
#BA6204,186,98,4,30.98901,0.97849,0.95789,0.72941,0.37255
#78BB8B,120,187,139,137.01493,0.35829,0.33005,0.73333,0.60196
#21FA53,33,250,83,133.82488,0.868,0.95595,0.98039,0.5549
#FCED20,252,237,32,55.90909,0.87302,0.97345,0.98824,0.55686
#8F4348,143,67,72,356.05263,0.53147,0.3619,0.56078,0.41176
#827B56,130,123,86,50.45455,0.33846,0.2037,0.5098,0.42353
#2554AB,37,84,171,218.95522,0.78363,0.64423,0.67059,0.40784
#298E7E,41,142,126,170.49505,0.71127,0.55191,0.55686,0.35882
#FE2DC9,254,45,201,315.21531,0.82283,0.99052,0.99608,0.58627
#4883B0,72,131,176,205.96154,0.59091,0.41935,0.6902,0.48627
#EAD701,234,215,1,55.1073,0.99573,0.99149,0.91765,0.46078
#2B18FF,43,24,255,244.93506,0.90588,1.0,1.0,0.54706
#71770F,113,119,15,63.46154,0.87395,0.77612,0.46667,0.26275
#0C94F3,12,148,243,204.67532,0.95062,0.90588,0.95294,0.5
#5EB013,94,176,19,91.33758,0.89205,0.80513,0.6902,0.38235
#195075,25,80,117,204.13043,0.78632,0.64789,0.45882,0.27843
#C5FC6B,197,252,107,82.75862,0.5754,0.96026,0.98824,0.70392
#A676A5,166,118,165,301.25,0.28916,0.21239,0.65098,0.55686
#E9531B,233,83,27,16.31068,0.88412,0.824,0.91373,0.5098
#F0A156,240,161,86,29.22078,0.64167,0.83696,0.94118,0.63922
#BE4886,190,72,134,328.47458,0.62105,0.47581,0.7451,0.51373
#404CE7,64,76,231,235.68862,0.72294,0.77674,0.90588,0.57843
#2110D8,33,16,216,245.1,0.92593,0.86207,0.84706,0.4549
#A5865B,165,134,91,34.86486,0.44848,0.29134,0.64706,0.50196
#EFF643,239,246,67,62.34637,0.72764,0.90863,0.96471,0.61373
#F06A91,240,106,145,342.53731,0.55833,0.81707,0.94118,0.67843
#A129FF,161,41,255,273.64486,0.83922,1.0,1.0,0.58039
#9619CC,150,25,204,281.89944,0.87745,0.78166,0.8,0.44902
#44D1E6,68,209,230,187.77778,0.70435,0.76415,0.90196,0.58431
#83F470,131,244,112,111.36364,0.54098,0.85714,0.95686,0.69804
#85A97F,133,169,127,111.42857,0.24852,0.19626,0.66275,0.58039
#2D0B08,45,11,8,4.86486,0.82222,0.69811,0.17647,0.10392
#851760,133,23,96,320.18182,0.82707,0.70513,0.52157,0.30588
#80154B,128,21,75,329.71963,0.83594,0.71812,0.50196,0.29216
#127FD1,18,127,209,205.75916,0.91388,0.84141,0.81961,0.4451
#614E0D,97,78,13,46.42857,0.86598,0.76364,0.38039,0.21569
#2F2C69,47,44,105,242.95082,0.58095,0.4094,0.41176,0.29216
#A5C96D,165,201,109,83.47826,0.45771,0.46,0.78824,0.60784
#0997E6,9,151,230,201.44796,0.96087,0.92469,0.90196,0.46863
#447D92,68,125,146,196.15385,0.53425,0.36449,0.57255,0.41961
#3C2156,60,33,86,270.56604,0.61628,0.44538,0.33725,0.23333
#AEABE3,174,171,227,243.21429,0.2467,0.5,0.8902,0.78039
#92B327,146,179,39,74.14286,0.78212,0.6422,0.70196,0.42745
#EA816B,234,129,107,10.3937,0.54274,0.75148,0.91765,0.66863
#F00CD6,240,12,214,306.84211,0.95,0.90476,0.94118,0.49412
#55EDB6,85,237,182,158.28947,0.64135,0.80851,0.92941,0.63137
#AED146,174,209,70,75.10791,0.66507,0.60173,0.81961,0.54706
#32622B,50,98,43,112.36364,0.56122,0.39007,0.38431,0.27647
#5C57FA,92,87,250,241.84049,0.652,0.9422,0.98039,0.66078
#9F5FBC,159,95,188,281.29032,0.49468,0.40969,0.73725,0.5549
#48299A,72,41,154,256.46018,0.73377,0.57949,0.60392,0.38235
#04407C,4,64,124,210.0,0.96774,0.9375,0.48627,0.25098
#AC7035,172,112,53,29.7479,0.69186,0.52889,0.67451,0.44118
#2DA49A,45,164,154,174.95798,0.72561,0.56938,0.64314,0.4098
#60199B,96,25,155,272.76923,0.83871,0.72222,0.60784,0.35294
#3B0323,59,3,35,325.71429,0.94915,0.90323,0.23137,0.12157
#6F41A1,111,65,161,268.75,0.59627,0.42478,0.63137,0.44314
#447DEB,68,125,235,219.52096,0.71064,0.80676,0.92157,0.59412
#892DE1,137,45,225,270.66667,0.8,0.75,0.88235,0.52941
#27FF70,39,255,112,140.27778,0.84706,1.0,1.0,0.57647
#DF1BC3,223,27,195,308.57143,0.87892,0.784,0.87451,0.4902
#F7AFE2,247,175,226,317.5,0.2915,0.81818,0.96863,0.82745
#069040,6,144,64,145.21739,0.95833,0.92,0.56471,0.29412
#03F338,3,243,56,133.25,0.98765,0.97561,0.95294,0.48235
#74E53A,116,229,58,99.64912,0.74672,0.76682,0.89804,0.56275
#41AAD5,65,170,213,197.43243,0.69484,0.63793,0.83529,0.5451
#54213B,84,33,59,329.41176,0.60714,0.4359,0.32941,0.22941
#47182E,71,24,46,331.91489,0.66197,0.49474,0.27843,0.18627
#F276C6,242,118,198,321.29032,0.5124,0.82667,0.94902,0.70588
#1432CD,20,50,205,230.27027,0.90244,0.82222,0.80392,0.44118
#C4B5CB,196,181,203,280.90909,0.10837,0.1746,0.79608,0.75294
#870088,135,0,136,299.55882,1.0,1.0,0.53333,0.26667
#4FE474,79,228,116,134.89933,0.65351,0.73399,0.89412,0.60196
#1E8A6C,30,138,108,163.33333,0.78261,0.64286,0.54118,0.32941
#513960,81,57,96,276.92308,0.40625,0.2549,0.37647,0.3
#FCD22E,252,210,46,47.76699,0.81746,0.9717,0.98824,0.58431
#A2603F,162,96,63,20.0,0.61111,0.44,0.63529,0.44118
#9E11C7,158,17,199,286.48352,0.91457,0.84259,0.78039,0.42353
#77917A,119,145,122,126.92308,0.17931,0.10569,0.56863,0.51765
#A38223,163,130,35,44.53125,0.78528,0.64646,0.63922,0.38824
#8765C2,135,101,194,261.93548,0.47938,0.43256,0.76078,0.57843
#B996E5,185,150,229,266.58228,0.34498,0.60305,0.89804,0.74314
#E3062A,227,6,42,350.22624,0.97357,0.9485,0.8902,0.45686
#9A45E6,154,69,230,271.67702,0.7,0.76303,0.90196,0.58627
#AE7BBD,174,123,189,286.36364,0.34921,0.33333,0.74118,0.61176
#48C78F,72,199,143,153.54331,0.63819,0.53138,0.78039,0.53137
#870062,135,0,98,316.44444,1.0,1.0,0.52941,0.26471
#86CB63,134,203,99,99.80769,0.51232,0.5,0.79608,0.59216
#B86299,184,98,153,321.62791,0.46739,0.37719,0.72157,0.55294
#435CE8,67,92,232,230.90909,0.71121,0.78199,0.9098,0.58627
#8A58BA,138,88,186,270.61224,0.52688,0.41525,0.72941,0.53725
#5B760D,91,118,13,75.42857,0.88983,0.80153,0.46275,0.25686
#9EABF2,158,171,242,230.71429,0.34711,0.76364,0.94902,0.78431
#BA792A,186,121,42,32.91667,0.77419,0.63158,0.72941,0.44706
#FB7767,251,119,103,6.48649,0.58964,0.94872,0.98431,0.69412
#496B76,73,107,118,194.66667,0.38136,0.2356,0.46275,0.37451
#148380,20,131,128,178.37838,0.84733,0.7351,0.51373,0.29608
#968B75,150,139,117,40.0,0.22,0.1358,0.58824,0.52353
#6CEA41,108,234,65,104.73373,0.72222,0.80095,0.91765,0.58627
#BC7980,188,121,128,353.73134,0.35638,0.33333,0.73725,0.60588
#56423B,86,66,59,15.55556,0.31395,0.18621,0.33725,0.28431
#1F4813,31,72,19,106.41509,0.73611,0.58242,0.28235,0.17843
#359171,53,145,113,159.13043,0.63448,0.46465,0.56863,0.38824
#975FE7,151,95,231,264.70588,0.58874,0.73913,0.90588,0.63922
#35C2F1,53,194,241,195.0,0.78008,0.87037,0.9451,0.57647
#5D5289,93,82,137,252.0,0.40146,0.25114,0.53725,0.42941
#179FAF,23,159,175,186.31579,0.86857,0.76768,0.68627,0.38824
#555EEC,85,94,236,236.42384,0.63983,0.79894,0.92549,0.62941
#B8EC12,184,236,18,74.31193,0.92373,0.85827,0.92549,0.49804
#619758,97,151,88,111.42857,0.41722,0.2636,0.59216,0.46863
#17DDBE,23,221,190,170.60606,0.89593,0.81148,0.86667,0.47843
#8D668A,141,102,138,304.61538,0.2766,0.16049,0.55294,0.47647
#C017AA,192,23,170,307.81065,0.88021,0.78605,0.75294,0.42157
#CA20D5,202,32,213,296.35359,0.84977,0.73878,0.83529,0.48039
#9D7A64,157,122,100,23.15789,0.36306,0.2253,0.61569,0.50392
#34D9C4,52,217,196,172.36364,0.76037,0.68465,0.85098,0.52745
#8806B6,136,6,182,284.31818,0.96703,0.93617,0.71373,0.36863
#3C5568,60,85,104,205.90909,0.42308,0.26829,0.40784,0.32157
#31DA70,49,218,112,142.36686,0.77523,0.69547,0.8549,0.52353
#812396,129,35,150,289.04348,0.76667,0.62162,0.58824,0.36275
#C7CEAA,199,206,170,71.66667,0.17476,0.26866,0.80784,0.73725
#B2DF7C,178,223,124,87.27273,0.44395,0.60736,0.87451,0.68039
#BE38AF,190,56,175,306.71642,0.70526,0.54472,0.7451,0.48235
#B36F84,179,111,132,341.47059,0.37989,0.30909,0.70196,0.56863
#A876AF,168,118,175,292.63158,0.32571,0.26267,0.68627,0.57451
#7533DE,117,51,222,263.15789,0.77027,0.72152,0.87059,0.53529
#C0127C,192,18,124,323.44828,0.90625,0.82857,0.75294,0.41176
#7897C7,120,151,199,216.4557,0.39698,0.41361,0.78039,0.62549
#38B372,56,179,114,148.29268,0.68715,0.5234,0.70196,0.46078
#6B9389,107,147,137,165.0,0.27211,0.15748,0.57647,0.49804
#03F1D6,3,241,214,173.19328,0.98755,0.97541,0.9451,0.47843
#378716,55,135,22,102.47788,0.83704,0.71975,0.52941,0.30784
#05AAAD,5,170,173,181.07143,0.9711,0.94382,0.67843,0.34902
#CDB5EE,205,181,238,265.26316,0.2395,0.62637,0.93333,0.82157
#EFA608,239,166,8,41.03896,0.96653,0.93522,0.93725,0.48431
#E0B68C,224,182,140,30.0,0.375,0.57534,0.87843,0.71373
#5C1033,92,16,51,332.36842,0.82609,0.7037,0.36078,0.21176
#23DB73,35,219,115,146.08696,0.84018,0.72441,0.85882,0.49804
#48C1D5,72,193,213,188.51064,0.66197,0.62667,0.83529,0.55882
#49723E,73,114,62,107.30769,0.45614,0.29545,0.44706,0.3451
#49D655,73,214,85,125.10638,0.65888,0.63229,0.83922,0.56275
#4FDF09,79,223,9,100.37383,0.95964,0.92241,0.87451,0.4549
#696F2F,105,111,47,65.625,0.57658,0.40506,0.43529,0.3098
#43BBCE,67,187,206,188.20144,0.67476,0.5865,0.80784,0.53529
#5C09B1,92,9,177,269.64286,0.94915,0.90323,0.69412,0.36471
#DC608A,220,96,138,339.67742,0.56364,0.63918,0.86275,0.61961
#35AB11,53,171,17,105.97403,0.90058,0.81915,0.67059,0.36863
#CC8576,204,133,118,10.46512,0.42157,0.45745,0.8,0.63137
#6356F7,99,86,247,244.84472,0.65182,0.9096,0.96863,0.65294
#F710E9,247,16,233,303.63636,0.93522,0.93522,0.96863,0.51569
#5B66C0,91,102,192,233.46535,0.52604,0.44493,0.75294,0.5549
#53D3F3,83,211,243,192.0,0.65844,0.86957,0.95294,0.63922
#2A0D7C,42,13,124,255.67568,0.89516,0.81022,0.48627,0.26863
#9F60D7,159,96,215,271.76471,0.55349,0.59799,0.84314,0.6098
#D099AD,208,153,173,338.18182,0.26442,0.36913,0.81569,0.70784
#C2FEAB,194,254,171,103.37349,0.32677,0.97647,0.99608,0.83333
#9EB26D,158,178,109,77.3913,0.38764,0.30942,0.69804,0.56275
#F4FD08,244,253,8,62.20408,0.96838,0.98394,0.99216,0.51176
#D22671,210,38,113,333.83721,0.81905,0.69355,0.82353,0.48627
#29CDCB,41,205,203,179.26829,0.8,0.66667,0.80392,0.48235
#AAB6E7,170,182,231,228.19672,0.26407,0.55963,0.90588,0.78627
#534813,83,72,19,49.6875,0.77108,0.62745,0.32549,0.2
#69BA75,105,186,117,128.88889,0.43548,0.36986,0.72941,0.57059
#09F735,9,247,53,131.09244,0.96356,0.93701,0.96863,0.50196
#D61FD1,214,31,209,301.63934,0.85514,0.74694,0.83922,0.48039
#313108,49,49,8,60.0,0.83673,0.7193,0.19216,0.11176
#27CEB5,39,206,181,171.01796,0.81068,0.68163,0.80784,0.48039
#3496B5,52,150,181,194.4186,0.71271,0.55365,0.7098,0.45686
#850C6A,133,12,106,313.38843,0.90977,0.83448,0.52157,0.28431
#0E5C9C,14,92,156,207.04225,0.91026,0.83529,0.61176,0.33333
#EE0E78,238,14,120,331.60714,0.94118,0.88889,0.93333,0.49412
#B0C05D,176,192,93,69.69697,0.51562,0.44,0.75294,0.55882
#0F258F,15,37,143,229.6875,0.8951,0.81013,0.56078,0.3098
#BC2865,188,40,101,335.27027,0.78723,0.64912,0.73725,0.44706
#278A67,39,138,103,158.78788,0.71739,0.55932,0.54118,0.34706
#74D785,116,215,133,130.30303,0.46047,0.55307,0.84314,0.64902
#04B509,4,181,9,121.69492,0.9779,0.95676,0.7098,0.36275
#BE18CB,190,24,203,295.64246,0.88177,0.78855,0.79608,0.4451
#573E46,87,62,70,340.8,0.28736,0.16779,0.34118,0.29216
#FE8274,254,130,116,6.08696,0.54331,0.98571,0.99608,0.72549
#006A20,0,106,32,138.11321,1.0,1.0,0.41569,0.20784
#6C5331,108,83,49,34.57627,0.5463,0.3758,0.42353,0.30784
#6AF988,106,249,136,132.58741,0.5743,0.92258,0.97647,0.69608
#BE9D1C,190,157,28,47.77778,0.85263,0.74312,0.7451,0.42745
#B85AB7,184,90,183,300.6383,0.51087,0.39831,0.72157,0.53725
#998FBA,153,143,186,253.95349,0.23118,0.23757,0.72941,0.6451
#58221C,88,34,28,6.0,0.68182,0.51724,0.3451,0.22745
#CDEF1D,205,239,29,69.71429,0.87866,0.86777,0.93725,0.52549
#F50D15,245,13,21,357.93103,0.94694,0.92063,0.96078,0.50588
#2B5B3D,43,91,61,142.5,0.52747,0.35821,0.35686,0.26275
#AE272D,174,39,45,357.33333,0.77586,0.6338,0.68235,0.41765
#039C5F,3,156,95,156.07843,0.98077,0.96226,0.61176,0.31176
#D5F422,213,244,34,68.85714,0.86066,0.90517,0.95686,0.5451
#4B5A6F,75,90,111,215.0,0.32432,0.19355,0.43529,0.36471
#0F25CC,15,37,204,233.01587,0.92647,0.86301,0.8,0.42941
#6F2CFE,111,44,254,259.14286,0.82677,0.99057,0.99608,0.58431
#44AEE9,68,174,233,201.45455,0.70815,0.78947,0.91373,0.5902
#AF90C3,175,144,195,276.47059,0.26154,0.29825,0.76471,0.66471
#6C5996,108,89,150,258.68852,0.40667,0.25523,0.58824,0.46863
#68EC8E,104,236,142,137.27273,0.55932,0.77647,0.92549,0.66667
#B9D136,185,209,54,69.29032,0.74163,0.62753,0.81961,0.51569
#8A97A7,138,151,167,213.10345,0.17365,0.14146,0.6549,0.59804
#1F7D94,31,125,148,191.79487,0.79054,0.65363,0.58039,0.35098
#137D43,19,125,67,147.16981,0.848,0.73611,0.4902,0.28235
#286B16,40,107,22,107.29412,0.79439,0.65891,0.41961,0.25294
#65B4B9,101,180,185,183.57143,0.45405,0.375,0.72549,0.56078
#C13E17,193,62,23,13.76471,0.88083,0.78704,0.75686,0.42353
#9FF971,159,249,113,99.70588,0.54618,0.91892,0.97647,0.7098
#6AF117,106,241,23,97.15596,0.90456,0.88618,0.9451,0.51765
#F05E3C,240,94,60,11.33333,0.75,0.85714,0.94118,0.58824
#562EF8,86,46,248,251.88119,0.81452,0.93519,0.97255,0.57647
#276D21,39,109,33,115.26316,0.69725,0.53521,0.42745,0.27843
#50FD03,80,253,3,101.52,0.98814,0.98425,0.99216,0.50196
#0C0F81,12,15,129,238.46154,0.90698,0.82979,0.50588,0.27647
#1AAF04,26,175,4,112.2807,0.97714,0.95531,0.68627,0.35098
#F8E1E5,248,225,229,349.56522,0.09274,0.62162,0.97255,0.92745
#FB5B14,251,91,20,18.44156,0.92032,0.96653,0.98431,0.53137
#2AA034,42,160,52,125.08475,0.7375,0.58416,0.62745,0.39608
#A2F839,162,248,57,87.01571,0.77016,0.93171,0.97255,0.59804
#5778D5,87,120,213,224.28571,0.59155,0.6,0.83529,0.58824
#A43BFD,164,59,253,272.47423,0.7668,0.9798,0.99216,0.61176
#D2FB91,210,251,145,83.20755,0.42231,0.92982,0.98431,0.77647
#EA8AF4,234,138,244,294.33962,0.43443,0.82813,0.95686,0.74902
#DC413A,220,65,58,2.59259,0.73636,0.69828,0.86275,0.5451
#27EBB6,39,235,182,163.77551,0.83404,0.83051,0.92157,0.53725
#539A5E,83,154,94,129.29577,0.46104,0.29958,0.60392,0.46471
#62AFD0,98,175,208,198.0,0.52885,0.53922,0.81569,0.6
#50399B,80,57,155,254.08163,0.63226,0.46226,0.60784,0.41569
#6EF484,110,244,132,129.85075,0.54918,0.85897,0.95686,0.69412
#F128B0,241,40,176,319.40299,0.83402,0.87773,0.9451,0.55098
#85262C,133,38,44,356.21053,0.71429,0.55556,0.52157,0.33529
#0299DD,2,153,221,198.63014,0.99095,0.98206,0.86667,0.43725
#98A490,152,164,144,96.0,0.12195,0.09901,0.64314,0.60392
#7D773C,125,119,60,54.46154,0.52,0.35135,0.4902,0.36275
#D0F4BF,208,244,191,100.75472,0.21721,0.70667,0.95686,0.85294
#8391A1,131,145,161,212.0,0.18634,0.13761,0.63137,0.57255
#026A16,2,106,22,131.53846,0.98113,0.96296,0.41569,0.21176
#549F70,84,159,112,142.4,0.4717,0.30864,0.62353,0.47647
#6845B4,104,69,180,258.91892,0.61667,0.44578,0.70588,0.48824
#9174CF,145,116,207,259.12088,0.43961,0.48663,0.81176,0.63333
#508A43,80,138,67,109.01408,0.51449,0.34634,0.54118,0.40196
#88BCA2,136,188,162,150.0,0.2766,0.27957,0.73725,0.63529
#A9AE9A,169,174,154,75.0,0.11494,0.10989,0.68235,0.64314
#0EC832,14,200,50,131.6129,0.93,0.86916,0.78431,0.41961
#68B8EA,104,184,234,203.07692,0.55556,0.75581,0.91765,0.66275
#1EEA07,30,234,7,113.9207,0.97009,0.94191,0.91765,0.47255
#29A5E0,41,165,224,199.34426,0.81696,0.74694,0.87843,0.51961
#5C50C0,92,80,192,246.42857,0.58333,0.47059,0.75294,0.53333
#026FF9,2,111,249,213.52227,0.99197,0.98406,0.97647,0.49216
#13C56A,19,197,106,149.32584,0.90355,0.82407,0.77255,0.42353
#E35BE6,227,91,230,298.70504,0.60435,0.73545,0.90196,0.62941
#CBFA33,203,250,51,74.17085,0.796,0.95215,0.98039,0.5902
#5B60F1,91,96,241,238.0,0.62241,0.8427,0.9451,0.65098
#65FA24,101,250,36,101.7757,0.856,0.95536,0.98039,0.56078
#E6D898,230,216,152,49.23077,0.33913,0.60938,0.90196,0.74902
#C477BC,196,119,188,306.23377,0.39286,0.39487,0.76863,0.61765
#C3F7E5,195,247,229,159.23077,0.21053,0.76471,0.96863,0.86667
#5F65F1,95,101,241,237.53425,0.60581,0.83908,0.9451,0.65882
#41FFC1,65,255,193,160.42105,0.7451,1.0,1.0,0.62745
#5856D9,88,86,217,240.91603,0.60369,0.63285,0.85098,0.59412
#6BB83D,107,184,61,97.56098,0.66848,0.50204,0.72157,0.48039
#893208,137,50,8,19.53488,0.94161,0.88966,0.53725,0.28431
#C2FDB6,194,253,182,109.85915,0.28063,0.94667,0.99216,0.85294
#B60FE8,182,15,232,286.17512,0.93534,0.87854,0.9098,0.48431
#116F63,17,111,99,172.34043,0.84685,0.73438,0.43529,0.25098
#4227F9,66,39,249,247.71429,0.84337,0.94595,0.97647,0.56471
#286E5F,40,110,95,167.14286,0.63636,0.46667,0.43137,0.29412
#48D2E4,72,210,228,186.92308,0.68421,0.74286,0.89412,0.58824
#7F5E7E,127,94,126,301.81818,0.25984,0.14932,0.49804,0.43333
#60FAD3,96,250,211,164.80519,0.616,0.93902,0.98039,0.67843
#CF8C73,207,140,115,16.30435,0.44444,0.48936,0.81176,0.63137
#0BE982,11,233,130,152.16216,0.95279,0.90984,0.91373,0.47843
#A59FC6,165,159,198,249.23077,0.19697,0.2549,0.77647,0.7
#72560F,114,86,15,43.0303,0.86842,0.76744,0.44706,0.25294
#4C94C5,76,148,197,204.29752,0.61421,0.51055,0.77255,0.53529
#C2CD9D,194,205,157,73.75,0.23415,0.32432,0.80392,0.7098
#FDE254,253,226,84,50.4142,0.66798,0.97688,0.99216,0.66078
#09FBE4,9,251,228,174.29752,0.96414,0.968,0.98431,0.5098
#5C4DF5,92,77,245,245.35714,0.68571,0.89362,0.96078,0.63137
#D779B5,215,121,181,321.70213,0.43721,0.54023,0.84314,0.65882
#8B64FF,139,100,255,255.09677,0.60784,1.0,1.0,0.69608
#EAC40C,234,196,12,49.72973,0.94872,0.90244,0.91765,0.48235
#F3E77A,243,231,122,54.04959,0.49794,0.83448,0.95294,0.71569
#E73D9E,231,61,158,325.76471,0.73593,0.77982,0.90588,0.57255
#E3BCA9,227,188,169,19.65517,0.25551,0.50877,0.8902,0.77647
#9B6A2D,155,106,45,33.27273,0.70968,0.55,0.60784,0.39216
#F56C9C,245,108,156,338.9781,0.55918,0.87261,0.96078,0.69216
#D16D12,209,109,18,28.58639,0.91388,0.84141,0.81961,0.4451
#F46F4E,244,111,78,11.92771,0.68033,0.88298,0.95686,0.63137
#8B9955,139,153,85,72.35294,0.44444,0.28571,0.6,0.46667
#F31B83,243,27,131,331.11111,0.88889,0.9,0.95294,0.52941
#DCCD5D,220,205,93,52.91339,0.57727,0.64467,0.86275,0.61373
#659BC5,101,155,197,206.25,0.48731,0.45283,0.77255,0.58431
#99D16E,153,209,110,93.93939,0.47368,0.51832,0.81961,0.62549
#226AE1,34,106,225,217.3822,0.84889,0.76096,0.88235,0.50784
#53ABE7,83,171,231,204.32432,0.64069,0.7551,0.90588,0.61569
#C1BF8E,193,191,142,57.64706,0.26425,0.29143,0.75686,0.65686
#F3E2EA,243,226,234,331.76471,0.06996,0.41463,0.95294,0.91961
#CF8F64,207,143,100,24.11215,0.51691,0.52709,0.81176,0.60196
#168F83,22,143,131,174.04959,0.84615,0.73333,0.56078,0.32353
#0525F2,5,37,242,231.89873,0.97934,0.95951,0.94902,0.48431
#2BB3DE,43,179,222,194.41341,0.80631,0.73061,0.87059,0.51961
#63EAA2,99,234,162,148.0,0.57692,0.76271,0.91765,0.65294
#61E4F9,97,228,249,188.28947,0.61044,0.92683,0.97647,0.67843
#FA515B,250,81,91,356.4497,0.676,0.94413,0.98039,0.64902
#59565B,89,86,91,276.0,0.05495,0.02825,0.35686,0.34706
#A6CCA0,166,204,160,111.81818,0.21569,0.30137,0.8,0.71373
#81B449,129,180,73,88.59813,0.59444,0.42292,0.70588,0.49608
#12E27F,18,226,127,151.44231,0.92035,0.85246,0.88627,0.47843
#0FFAE2,15,250,226,173.87234,0.94,0.95918,0.98039,0.51961
#65E98F,101,233,143,139.09091,0.56652,0.75,0.91373,0.6549
#4AEE0B,74,238,11,103.34802,0.95378,0.91165,0.93333,0.48824
#302293,48,34,147,247.43363,0.76871,0.62431,0.57647,0.3549
#B5B58A,181,181,138,60.0,0.23757,0.22513,0.7098,0.62549
#7E684B,126,104,75,34.11765,0.40476,0.25373,0.49412,0.39412
#C6034D,198,3,77,337.23077,0.98485,0.97015,0.77647,0.39412
#37C7DA,55,199,218,186.99387,0.74771,0.68776,0.8549,0.53529
#6BAE25,107,174,37,89.34307,0.78736,0.64929,0.68235,0.41373
#5E771C,94,119,28,76.48352,0.76471,0.61905,0.46667,0.28824
#190A28,25,10,40,270.0,0.75,0.6,0.15686,0.09804
#8F761D,143,118,29,46.84211,0.7972,0.66279,0.56078,0.33725
#484EE9,72,78,233,237.76398,0.69099,0.78537,0.91373,0.59804
#0954BE,9,84,190,215.13812,0.95263,0.90955,0.7451,0.3902
#2E4364,46,67,100,216.66667,0.54,0.36986,0.39216,0.28627
#0E3A29,14,58,41,156.81818,0.75862,0.61111,0.22745,0.14118
#9E9AB8,158,154,184,248.0,0.16304,0.17442,0.72157,0.66275
#5CE4C7,92,228,199,167.20588,0.59649,0.71579,0.89412,0.62745
#C9A51D,201,165,29,47.44186,0.85572,0.74783,0.78824,0.45098
#298232,41,130,50,126.06742,0.68462,0.52047,0.5098,0.33529
#B4BC08,180,188,8,62.66667,0.95745,0.91837,0.73725,0.38431
#E24BBD,226,75,189,314.70199,0.66814,0.72249,0.88627,0.5902
#E206DA,226,6,218,302.18182,0.97345,0.94828,0.88627,0.4549
#3203C6,50,3,198,254.46154,0.98485,0.97015,0.77647,0.39412
#18990A,24,153,10,114.12587,0.93464,0.8773,0.6,0.31961
#955911,149,89,17,32.72727,0.88591,0.79518,0.58431,0.32549
#09B8F4,9,184,244,195.31915,0.96311,0.92885,0.95686,0.49608
#C3F2F0,195,242,240,177.44681,0.19421,0.64384,0.94902,0.85686
#E3EC51,227,236,81,63.48387,0.65678,0.80311,0.92549,0.62157
#1FD5E1,31,213,225,183.71134,0.86222,0.76378,0.88235,0.50196
#577257,87,114,87,120.0,0.23684,0.13433,0.44706,0.39412
#B19A3E,177,154,62,48.0,0.64972,0.48117,0.69412,0.46863
#1EA6B4,30,166,180,185.6,0.83333,0.71429,0.70588,0.41176
#82C04E,130,192,78,92.63158,0.59375,0.475,0.75294,0.52941
#99125A,153,18,90,328.0,0.88235,0.78947,0.6,0.33529
#56597A,86,89,122,235.0,0.29508,0.17308,0.47843,0.40784
#84134A,132,19,74,330.79646,0.85606,0.74834,0.51765,0.29608
#B4A214,180,162,20,53.25,0.88889,0.8,0.70588,0.39216
#169A01,22,154,1,111.76471,0.99351,0.9871,0.60392,0.30392
#BA3332,186,51,50,0.44118,0.73118,0.57627,0.72941,0.46275
#82F2A7,130,242,167,139.82143,0.46281,0.81159,0.94902,0.72941
#881404,136,20,4,7.27273,0.97059,0.94286,0.53333,0.27451
#71EE4E,113,238,78,106.875,0.67227,0.82474,0.93333,0.61961
#92D5A4,146,213,164,136.1194,0.31455,0.44371,0.83529,0.70392
#7409E1,116,9,225,269.72222,0.96,0.92308,0.88235,0.45882
#5DC59F,93,197,159,158.07692,0.52792,0.47273,0.77255,0.56863
#C9679D,201,103,157,326.93878,0.48756,0.47573,0.78824,0.59608
#FB4040,251,64,64,0.0,0.74502,0.95897,0.98431,0.61765
#364C0D,54,76,13,80.95238,0.82895,0.70787,0.29804,0.17451
#5E4FAA,94,79,170,249.89011,0.53529,0.36546,0.66667,0.48824
#536112,83,97,18,70.63291,0.81443,0.68696,0.38039,0.22549
#2DEC6E,45,236,110,140.41885,0.80932,0.83406,0.92549,0.55098
#229946,34,153,70,138.15126,0.77778,0.63636,0.6,0.36667
#CA1FD5,202,31,213,296.37363,0.85446,0.7459,0.83529,0.47843
#08823B,8,130,59,145.08197,0.93846,0.88406,0.5098,0.27059
#5368DC,83,104,220,230.80292,0.62273,0.66184,0.86275,0.59412
#2BD8D9,43,216,217,180.34483,0.80184,0.696,0.85098,0.5098
#1F6BE7,31,107,231,217.2,0.8658,0.80645,0.90588,0.51373
#AE3520,174,53,32,8.87324,0.81609,0.68932,0.68235,0.40392
#475C04,71,92,4,74.31818,0.95652,0.91667,0.36078,0.18824
#596D8A,89,109,138,215.5102,0.35507,0.21586,0.54118,0.4451
#D82831,216,40,49,356.93182,0.81481,0.69291,0.84706,0.50196
#74530F,116,83,15,40.39604,0.87069,0.77099,0.4549,0.25686
#B0A79D,176,167,157,31.57895,0.10795,0.10734,0.6902,0.65294
#F349DF,243,73,223,307.05882,0.69959,0.87629,0.95294,0.61961
#6679F1,102,121,241,231.79856,0.57676,0.83234,0.9451,0.67255
#26323D,38,50,61,208.69565,0.37705,0.23232,0.23922,0.19412
#77D5F7,119,213,247,195.9375,0.51822,0.88889,0.96863,0.71765
#A037E5,160,55,229,276.2069,0.75983,0.76991,0.89804,0.55686
#7D57FB,125,87,251,253.90244,0.65339,0.95349,0.98431,0.66275
#7ED57A,126,213,122,117.36264,0.42723,0.52,0.83529,0.65686
#B5256C,181,37,108,330.41667,0.79558,0.66055,0.7098,0.42745
#11F97F,17,249,127,148.44828,0.93173,0.95082,0.97647,0.52157
#B61D8C,182,29,140,316.47059,0.84066,0.72512,0.71373,0.41373
#230408,35,4,8,352.25806,0.88571,0.79487,0.13725,0.07647
#A375F9,163,117,249,260.90909,0.53012,0.91667,0.97647,0.71765
#33DD38,51,221,56,121.76471,0.76923,0.71429,0.86667,0.53333
#09A4C3,9,164,195,190.0,0.95385,0.91176,0.76471,0.4
#C78679,199,134,121,10.0,0.39196,0.41053,0.78039,0.62745
#B17915,177,121,21,38.46154,0.88136,0.78788,0.69412,0.38824
#BC117E,188,17,126,321.75439,0.90957,0.83415,0.73725,0.40196
#BF7108,191,113,8,34.42623,0.95812,0.9196,0.74902,0.3902
#3FBEAA,63,190,170,170.55118,0.66842,0.50198,0.7451,0.49608
#EF16E0,239,22,224,304.14747,0.90795,0.87149,0.93725,0.51176
#C53320,197,51,32,6.90909,0.83756,0.72052,0.77255,0.44902
#7DE20F,125,226,15,88.72038,0.93363,0.87552,0.88627,0.47255
#701DE5,112,29,229,264.9,0.87336,0.79365,0.89804,0.50588
#F2180C,242,24,12,3.13043,0.95041,0.90551,0.94902,0.49804
#16778A,22,119,138,189.82759,0.84058,0.725,0.54118,0.31373
#775D83,119,93,131,281.05263,0.29008,0.16964,0.51373,0.43922
#A5C737,165,199,55,74.16667,0.72362,0.56693,0.78039,0.49804
#02BE5E,2,190,94,149.3617,0.98947,0.97917,0.7451,0.37647
#A845C0,168,69,192,288.29268,0.64062,0.49398,0.75294,0.51176
#143842,20,56,66,193.04348,0.69697,0.53488,0.25882,0.16863
#78E03F,120,224,63,98.75776,0.71875,0.72197,0.87843,0.56275
#E631EE,230,49,238,297.46032,0.79412,0.84753,0.93333,0.56275
#E40DDE,228,13,222,301.67442,0.94298,0.89212,0.89412,0.47255
#498FCB,73,143,203,207.69231,0.64039,0.55556,0.79608,0.54118
#C4817D,196,129,125,3.38028,0.36224,0.37566,0.76863,0.62941
#9119E6,145,25,230,275.12195,0.8913,0.80392,0.90196,0.5
#F1F734,241,247,52,61.84615,0.78947,0.92417,0.96863,0.58627
#7DD68F,125,214,143,132.13483,0.41589,0.52047,0.83922,0.66471
#43C941,67,201,65,119.11765,0.67662,0.55738,0.78824,0.52157
#D7CD6E,215,205,110,54.28571,0.48837,0.56757,0.84314,0.63725
#582352,88,35,82,306.79245,0.60227,0.43089,0.3451,0.24118
#EB9385,235,147,133,8.23529,0.43404,0.71831,0.92157,0.72157
#2CD71D,44,215,29,115.16129,0.86512,0.7623,0.84314,0.47843
#09EC0A,9,236,10,120.26432,0.96186,0.92653,0.92549,0.48039
#5A532C,90,83,44,50.86957,0.51111,0.34328,0.35294,0.26275
#B65199,182,81,153,317.22772,0.55495,0.40891,0.71373,0.51569
#89A47E,137,164,126,102.63158,0.23171,0.17273,0.64314,0.56863
#DCE52D,220,229,45,62.93478,0.80349,0.77966,0.89804,0.53725
#3CD23D,60,210,61,120.4,0.71429,0.625,0.82353,0.52941
#B29F1A,178,159,26,52.5,0.85393,0.7451,0.69804,0.4
#45E22D,69,226,45,112.0442,0.80088,0.75732,0.88627,0.53137
#4BFD00,75,253,0,102.21344,1.0,1.0,0.99216,0.49608
#009BD9,0,155,217,197.14286,1.0,1.0,0.85098,0.42549
#0BF57D,11,245,125,149.23077,0.9551,0.92126,0.96078,0.50196
#93BB64,147,187,100,87.58621,0.46524,0.39013,0.73333,0.56275
#DF0E97,223,14,151,320.66986,0.93722,0.88186,0.87451,0.46471
#D92B0E,217,43,14,8.57143,0.93548,0.87879,0.85098,0.45294
#C59158,197,145,88,31.37615,0.5533,0.48444,0.77255,0.55882
#62E5D0,98,229,208,170.38168,0.57205,0.71585,0.89804,0.64118
#057CA5,5,124,165,195.375,0.9697,0.94118,0.64706,0.33333
#B926B9,185,38,185,300.0,0.79459,0.65919,0.72549,0.43725
#675498,103,84,152,256.76471,0.44737,0.28814,0.59608,0.46275
#762BFF,118,43,255,261.22642,0.83137,1.0,1.0,0.58431
#557154,85,113,84,117.93103,0.25664,0.14721,0.44314,0.38627
#CB0C2F,203,12,47,349.00524,0.94089,0.88837,0.79608,0.42157
#32F3EE,50,243,238,178.4456,0.79424,0.8894,0.95294,0.57451
#E9945D,233,148,93,23.57143,0.60086,0.76087,0.91373,0.63922
#4B2528,75,37,40,355.26316,0.50667,0.33929,0.29412,0.21961
#94B9EC,148,185,236,214.77273,0.37288,0.69841,0.92549,0.75294
#115E50,17,94,80,169.09091,0.81915,0.69369,0.36863,0.21765
#C97475,201,116,117,359.29412,0.42289,0.44041,0.78824,0.62157
#EE8A95,238,138,149,353.4,0.42017,0.74627,0.93333,0.73725
#D80E1D,216,14,29,355.54455,0.93519,0.87826,0.84706,0.45098
#534E9A,83,78,154,243.94737,0.49351,0.32759,0.60392,0.4549
#F58C90,245,140,144,357.71429,0.42857,0.84,0.96078,0.7549
#DA489A,218,72,154,326.30137,0.66972,0.66364,0.8549,0.56863
#9EF6F3,158,246,243,177.95455,0.35772,0.83019,0.96471,0.79216
#A42F84,164,47,132,316.41026,0.71341,0.5545,0.64314,0.41373
#BA0F89,186,15,137,317.19298,0.91935,0.85075,0.72941,0.39412
#D25866,210,88,102,353.11475,0.58095,0.57547,0.82353,0.58431
#A2205C,162,32,92,332.30769,0.80247,0.6701,0.63529,0.38039
#55AFB6,85,175,182,184.3299,0.53297,0.39918,0.71373,0.52353
#3AA46E,58,164,110,149.43396,0.64634,0.47748,0.64314,0.43529
#DEF005,222,240,5,64.59574,0.97917,0.95918,0.94118,0.48039
#DD58BA,221,88,186,315.78947,0.60181,0.66169,0.86667,0.60588
#3C21B0,60,33,176,251.32867,0.8125,0.68421,0.6902,0.4098
#F3180F,243,24,15,2.36842,0.93827,0.90476,0.95294,0.50588
#F1AEE8,241,174,232,308.0597,0.27801,0.70526,0.9451,0.81373
#20E7F6,32,231,246,184.20561,0.86992,0.92241,0.96471,0.5451
#F5B3C9,245,179,201,340.0,0.26939,0.76744,0.96078,0.83137
#2C6813,44,104,19,102.35294,0.81731,0.69106,0.40784,0.24118
#BD04E2,189,4,226,290.0,0.9823,0.96522,0.88627,0.45098
#AB81BD,171,129,189,282.0,0.31746,0.3125,0.74118,0.62353
#F8D321,248,211,33,49.67442,0.86694,0.93886,0.97255,0.55098
#FC509E,252,80,158,332.7907,0.68254,0.96629,0.98824,0.65098
#5DE723,93,231,35,102.2449,0.84848,0.80328,0.90588,0.52157
#29673C,41,103,60,138.3871,0.60194,0.43056,0.40392,0.28235
#036D47,3,109,71,158.49057,0.97248,0.94643,0.42745,0.21961
#2FC24B,47,194,75,131.42857,0.75773,0.60996,0.76078,0.47255
#CB0B82,203,11,130,322.8125,0.94581,0.8972,0.79608,0.41961
#88ADE5,136,173,229,216.12903,0.40611,0.64138,0.89804,0.71569
#4C0704,76,7,4,2.5,0.94737,0.9,0.29804,0.15686
#EC8F97,236,143,151,354.83871,0.39407,0.70992,0.92549,0.74314
#2A8881,42,136,129,175.53191,0.69118,0.52809,0.53333,0.34902
#A12C1B,161,44,27,7.61194,0.8323,0.71277,0.63137,0.36863
#55721F,85,114,31,80.96386,0.72807,0.57241,0.44706,0.28431
#AABA25,170,186,37,66.44295,0.80108,0.66816,0.72941,0.43725
#7819E1,120,25,225,268.5,0.88889,0.8,0.88235,0.4902
#B349E0,179,73,224,282.11921,0.67411,0.70892,0.87843,0.58235
#1C49F0,28,73,240,227.26415,0.88333,0.87603,0.94118,0.52549
#E8BF13,232,191,19,48.4507,0.9181,0.84861,0.9098,0.49216
#787845,120,120,69,60.0,0.425,0.26984,0.47059,0.37059
#510C45,81,12,69,310.43478,0.85185,0.74194,0.31765,0.18235
#991956,153,25,86,331.40625,0.8366,0.7191,0.6,0.34902
#3B6B82,59,107,130,199.43662,0.54615,0.37566,0.5098,0.37059
#9DE3F9,157,227,249,194.34783,0.36948,0.88462,0.97647,0.79608
#E11CF4,225,28,244,294.72222,0.88525,0.90756,0.95686,0.53333
#ECE9E2,236,233,226,42.0,0.04237,0.20833,0.92549,0.90588
#B6E7DC,182,231,220,166.53061,0.21212,0.50515,0.90588,0.8098
#0A52F6,10,82,246,221.69492,0.95935,0.92913,0.96471,0.50196
#BA8F6B,186,143,107,27.34177,0.42473,0.36406,0.72941,0.57451
#294B29,41,75,41,120.0,0.45333,0.2931,0.29412,0.22745
#4B70FE,75,112,254,227.59777,0.70472,0.98895,0.99608,0.6451
#DF17A7,223,23,167,316.8,0.89686,0.81301,0.87451,0.48235
#7C5F9C,124,95,156,268.52459,0.39103,0.24303,0.61176,0.49216
#4619D6,70,25,214,254.28571,0.88318,0.79079,0.83922,0.46863
#AB218B,171,33,139,313.91304,0.80702,0.67647,0.67059,0.4
#2219A3,34,25,163,243.91304,0.84663,0.73404,0.63922,0.36863
#DAC1B7,218,193,183,17.14286,0.16055,0.3211,0.8549,0.78627
#11EC5D,17,236,93,140.82192,0.92797,0.86561,0.92549,0.49608
#E2477F,226,71,127,338.32258,0.68584,0.7277,0.88627,0.58235
#19E5D4,25,229,212,175.0,0.89083,0.80315,0.89804,0.49804
#FD4D25,253,77,37,11.11111,0.85375,0.98182,0.99216,0.56863
#C3C3FF,195,195,255,240.0,0.23529,1.0,1.0,0.88235
#D04F01,208,79,1,22.6087,0.99519,0.99043,0.81569,0.4098
#DECED4,222,206,212,337.5,0.07207,0.19512,0.87059,0.83922
#6A1BAC,106,27,172,272.68966,0.84302,0.72864,0.67451,0.3902
#DE5C8C,222,92,140,337.84615,0.58559,0.66327,0.87059,0.61569
#098BF6,9,139,246,207.08861,0.96341,0.92941,0.96471,0.5
#832782,131,39,130,300.65217,0.70229,0.54118,0.51373,0.33333
#3FEAE1,63,234,225,176.84211,0.73077,0.80282,0.91765,0.58235
#0B802C,11,128,44,136.92308,0.91406,0.84173,0.50196,0.27255
#D9090B,217,9,11,359.42308,0.95853,0.92035,0.85098,0.44314
#CEC636,206,198,54,56.84211,0.73786,0.608,0.80784,0.5098
#46BF6A,70,191,106,137.85124,0.63351,0.48594,0.74902,0.51176
#A76FDE,167,111,222,270.27027,0.5,0.62712,0.87059,0.65294
#7B936F,123,147,111,100.0,0.2449,0.14286,0.57647,0.50588
#265FD8,38,95,216,220.78652,0.82407,0.70079,0.84706,0.49804
#7E9BE5,126,155,229,223.1068,0.44978,0.66452,0.89804,0.69608
#B65845,182,88,69,10.0885,0.62088,0.4502,0.71373,0.49216
#C55D33,197,93,51,17.26027,0.74112,0.58871,0.77255,0.48627
#50AFA2,80,175,162,171.78947,0.54286,0.37255,0.68627,0.5
#A2331D,162,51,29,9.92481,0.82099,0.69634,0.63529,0.37451
#4B5180,75,81,128,233.20755,0.41406,0.26108,0.50196,0.39804
#77A974,119,169,116,116.60377,0.31361,0.23556,0.66275,0.55882
#A58D22,165,141,34,49.00763,0.79394,0.65829,0.64706,0.3902
#1A0D92,26,13,146,245.86466,0.91096,0.83648,0.57255,0.31176
#6B932C,107,147,44,83.30097,0.70068,0.53927,0.57647,0.37451
#617930,97,121,48,79.72603,0.60331,0.43195,0.47451,0.33137
#902062,144,32,98,324.64286,0.77778,0.63636,0.56471,0.3451
#5E2671,94,38,113,284.8,0.66372,0.49669,0.44314,0.29608
#200E73,32,14,115,250.69307,0.87826,0.78295,0.45098,0.25294
#BF542C,191,84,44,16.32653,0.76963,0.62553,0.74902,0.46078
#C00A87,192,10,135,318.79121,0.94792,0.90099,0.75294,0.39608
#D5EBBC,213,235,188,88.08511,0.2,0.54023,0.92157,0.82941
#DC6C16,220,108,22,26.06061,0.9,0.81818,0.86275,0.47451
#836DB1,131,109,177,259.41176,0.38418,0.30357,0.69412,0.56078
#B82E58,184,46,88,341.73913,0.75,0.6,0.72157,0.45098
#B1D899,177,216,153,97.14286,0.29167,0.44681,0.84706,0.72353
#D119EE,209,25,238,291.83099,0.89496,0.86235,0.93333,0.51569
#17989C,23,152,156,181.80451,0.85256,0.74302,0.61176,0.35098
#9912D8,153,18,216,280.90909,0.91667,0.84615,0.84706,0.45882
#955979,149,89,121,328.0,0.40268,0.2521,0.58431,0.46667
#3213DB,50,19,219,249.3,0.91324,0.84034,0.85882,0.46667
#E81673,232,22,115,333.42857,0.90517,0.82677,0.9098,0.49804
#E87F2D,232,127,45,26.31016,0.80603,0.80258,0.9098,0.54314
#85A0DF,133,160,223,222.0,0.40359,0.58442,0.87451,0.69804
#5CA5CE,92,165,206,201.57895,0.5534,0.53774,0.80784,0.58431
#967DA9,150,125,169,274.09091,0.26036,0.2037,0.66275,0.57647
#DCBAAB,220,186,171,18.36735,0.22273,0.41176,0.86275,0.76667
#9B95AE,155,149,174,254.4,0.14368,0.13369,0.68235,0.63333
#3EEC07,62,236,7,105.58952,0.97034,0.94239,0.92549,0.47647
#5AF7CA,90,247,202,162.80255,0.63563,0.90751,0.96863,0.66078
#B85A68,184,90,104,351.06383,0.51087,0.39831,0.72157,0.53725
#8641DE,134,65,222,266.36943,0.70721,0.70404,0.87059,0.56275
#158665,21,134,101,162.47788,0.84328,0.72903,0.52549,0.30392
#B29747,178,151,71,44.85981,0.60112,0.42972,0.69804,0.48824
#792938,121,41,56,348.75,0.66116,0.49383,0.47451,0.31765
#EF2729,239,39,41,359.4,0.83682,0.86207,0.93725,0.5451
#F69CA4,246,156,164,354.66667,0.36585,0.83333,0.96471,0.78824
#F3E975,243,233,117,55.2381,0.51852,0.84,0.95294,0.70588
#D551EF,213,81,239,290.12658,0.66109,0.83158,0.93725,0.62745
#552B98,85,43,152,263.11927,0.71711,0.55897,0.59608,0.38235
#910C50,145,12,80,329.32331,0.91724,0.84713,0.56863,0.30784
#B85772,184,87,114,343.29897,0.52717,0.40586,0.72157,0.53137
#F23330,242,51,48,0.92784,0.80165,0.88182,0.94902,0.56863
#11AAAF,17,170,175,181.89873,0.90286,0.82292,0.68627,0.37647
#305A48,48,90,72,154.28571,0.46667,0.30435,0.35294,0.27059
#8ADA81,138,218,129,113.93258,0.40826,0.54601,0.8549,0.68039
#F804C3,248,4,195,313.03279,0.98387,0.96825,0.97255,0.49412
#CDCAF2,205,202,242,244.5,0.16529,0.60606,0.94902,0.87059
#B85102,184,81,2,26.04396,0.98913,0.97849,0.72157,0.36471
#E290CE,226,144,206,314.63415,0.36283,0.58571,0.88627,0.72549
#868D50,134,141,80,66.88525,0.43262,0.27602,0.55294,0.43333
#885782,136,87,130,307.34694,0.36029,0.21973,0.53333,0.43725
#E3100B,227,16,11,1.38889,0.95154,0.90756,0.8902,0.46667
#06173D,6,23,61,221.45455,0.90164,0.8209,0.23922,0.13137
#6BF078,107,240,120,125.86466,0.55417,0.81595,0.94118,0.68039
#C1EC99,193,236,153,91.08434,0.35169,0.68595,0.92549,0.76275
#27D3DB,39,211,219,182.66667,0.82192,0.71429,0.85882,0.50588
#C8483A,200,72,58,5.91549,0.71,0.56349,0.78431,0.50588
#435645,67,86,69,126.31579,0.22093,0.12418,0.33725,0.3
#8665B8,134,101,184,263.85542,0.45109,0.36889,0.72157,0.55882
#C6944D,198,148,77,35.20661,0.61111,0.51489,0.77647,0.53922
#790336,121,3,54,334.0678,0.97521,0.95161,0.47451,0.24314
#EDD1E9,237,209,233,308.57143,0.11814,0.4375,0.92941,0.87451
#9F1F69,159,31,105,325.3125,0.80503,0.67368,0.62353,0.37255
#66AE04,102,174,4,85.41176,0.97701,0.95506,0.68235,0.34902
#DEE1AE,222,225,174,63.52941,0.22667,0.45946,0.88235,0.78235
#580F63,88,15,99,292.14286,0.84848,0.73684,0.38824,0.22353
#67D2D4,103,210,212,181.10092,0.51415,0.55897,0.83137,0.61765
#8892EC,136,146,236,234.0,0.42373,0.72464,0.92549,0.72941
#050A75,5,10,117,237.32143,0.95726,0.91803,0.45882,0.23922
#2C736D,44,115,109,174.92958,0.61739,0.44654,0.45098,0.31176
#A96104,169,97,4,33.81818,0.97633,0.95376,0.66275,0.33922
#AE2E12,174,46,18,10.76923,0.89655,0.8125,0.68235,0.37647
#86F3A6,134,243,166,137.61468,0.44856,0.81955,0.95294,0.73922
#359E95,53,158,149,174.85714,0.66456,0.49763,0.61961,0.41373
#3B558E,59,85,142,221.20482,0.58451,0.41294,0.55686,0.39412
#5BCC0B,91,204,11,95.12953,0.94608,0.89767,0.8,0.42157
#BB4972,187,73,114,338.42105,0.60963,0.456,0.73333,0.5098
#02DD30,2,221,48,132.60274,0.99095,0.98206,0.86667,0.43725
#B9FD6C,185,253,108,88.13793,0.57312,0.97315,0.99216,0.70784
#12AD56,18,173,86,146.32258,0.89595,0.81152,0.67843,0.37451
#6DA198,109,161,152,169.61538,0.32298,0.21667,0.63137,0.52941
#339630,51,150,48,118.23529,0.68,0.51515,0.58824,0.38824
#AD6986,173,105,134,334.41176,0.39306,0.2931,0.67843,0.5451
#42873C,66,135,60,115.2,0.55556,0.38462,0.52941,0.38235
#440A5E,68,10,94,281.42857,0.89362,0.80769,0.36863,0.20392
#7489F3,116,137,243,230.07874,0.52263,0.84106,0.95294,0.70392
#CFC7EB,207,199,235,253.33333,0.15319,0.47368,0.92157,0.85098
#B3EABB,179,234,187,128.72727,0.23504,0.56701,0.91765,0.8098
#A32712,163,39,18,8.68966,0.88957,0.8011,0.63922,0.3549
#862BD5,134,43,213,272.11765,0.79812,0.66929,0.83529,0.50196
#9126F1,145,38,241,271.62562,0.84232,0.87879,0.9451,0.54706
#7805EC,120,5,236,269.87013,0.97881,0.95851,0.92549,0.47255
#E93135,233,49,53,358.69565,0.7897,0.80702,0.91373,0.55294
#44895C,68,137,92,140.86957,0.50365,0.33659,0.53725,0.40196
#507F44,80,127,68,107.79661,0.46457,0.30256,0.49804,0.38235
#83B43F,131,180,63,85.12821,0.65,0.48148,0.70588,0.47647
#370E77,55,14,119,263.42857,0.88235,0.78947,0.46667,0.26078
#0F64F2,15,100,242,217.53304,0.93802,0.89723,0.94902,0.50392
#1079A2,16,121,162,196.84932,0.90123,0.82022,0.63529,0.34902
#4E464B,78,70,75,322.5,0.10256,0.05405,0.30588,0.2902
#59884C,89,136,76,107.0,0.44118,0.28302,0.53333,0.41569
#06FE7B,6,254,123,148.30645,0.97638,0.992,0.99608,0.5098
#B2521F,178,82,31,20.81633,0.82584,0.70335,0.69804,0.4098
#2B560A,43,86,10,93.94737,0.88372,0.79167,0.33725,0.18824
#49E5E7,73,229,231,180.75949,0.68398,0.76699,0.90588,0.59608
#C7782E,199,120,46,29.01961,0.76884,0.62449,0.78039,0.48039
#2BF9A8,43,249,168,156.40777,0.82731,0.94495,0.97647,0.57255
#3EA1C4,62,161,196,195.67164,0.68367,0.53175,0.76863,0.50588
#3125C6,49,37,198,244.47205,0.81313,0.68511,0.77647,0.46078
#C3F13F,195,241,63,75.50562,0.73859,0.86408,0.9451,0.59608
#78D61B,120,214,27,90.16043,0.87383,0.77593,0.83922,0.47255
#64C2E2,100,194,226,195.2381,0.55752,0.68478,0.88627,0.63922
#F15E7E,241,94,126,346.93878,0.60996,0.84,0.9451,0.65686
#BFB950,191,185,80,56.75676,0.58115,0.46444,0.74902,0.53137
#C6AF18,198,175,24,52.06897,0.87879,0.78378,0.77647,0.43529
#14E987,20,233,135,152.39437,0.91416,0.8419,0.91373,0.49608
#59646E,89,100,110,208.57143,0.19091,0.10553,0.43137,0.3902
#510106,81,1,6,356.25,0.98765,0.97561,0.31765,0.16078
#E893D2,232,147,210,315.52941,0.36638,0.64885,0.9098,0.74314
#D3D95B,211,217,91,62.85714,0.58065,0.62376,0.85098,0.60392
#E8EB2A,232,235,42,60.93264,0.82128,0.82833,0.92157,0.54314
#802295,128,34,149,289.04348,0.77181,0.62842,0.58431,0.35882
#E5BB61,229,187,97,40.90909,0.57642,0.71739,0.89804,0.63922
#AC2ABE,172,42,190,292.7027,0.77895,0.63793,0.7451,0.4549
#556442,85,100,66,86.47059,0.34,0.20482,0.39216,0.32549
#88D71F,136,215,31,85.76087,0.85581,0.74797,0.84314,0.48235
#9E51F1,158,81,241,268.875,0.6639,0.85106,0.9451,0.63137
#A07684,160,118,132,340.0,0.2625,0.18103,0.62745,0.5451
#F04471,240,68,113,344.30233,0.71667,0.85149,0.94118,0.60392
#E548B2,229,72,178,319.49045,0.68559,0.7512,0.89804,0.5902
#4C2B27,76,43,39,6.48649,0.48684,0.32174,0.29804,0.22549
#BE13F6,190,19,246,285.19824,0.92276,0.92653,0.96471,0.51961
#A60B4C,166,11,76,334.83871,0.93373,0.87571,0.65098,0.34706
#6858E3,104,88,227,246.90647,0.61233,0.71282,0.8902,0.61765
#B32B49,179,43,73,346.76471,0.75978,0.61261,0.70196,0.43529
#950929,149,9,41,346.28571,0.9396,0.88608,0.58431,0.3098
#E12BED,225,43,237,296.28866,0.81857,0.84348,0.92941,0.54902
#FCA1B8,252,161,184,344.83516,0.36111,0.93814,0.98824,0.8098
#D5FAA0,213,250,160,84.66667,0.36,0.9,0.98039,0.80392
#D05368,208,83,104,349.92,0.60096,0.57078,0.81569,0.57059
#075F2B,7,95,43,144.54545,0.92632,0.86275,0.37255,0.2
#225B09,34,91,9,101.70732,0.9011,0.82,0.35686,0.19608
#445F41,68,95,65,114.0,0.31579,0.1875,0.37255,0.31373
#35B674,53,182,116,149.30233,0.70879,0.54894,0.71373,0.46078
#14E368,20,227,104,144.34783,0.91189,0.83806,0.8902,0.48431
#274195,39,65,149,225.81818,0.73826,0.58511,0.58431,0.36863
#B9927C,185,146,124,21.63934,0.32973,0.30348,0.72549,0.60588
#DBA204,219,162,4,44.09302,0.98174,0.96413,0.85882,0.43725
#5D3BBE,93,59,190,255.57252,0.68947,0.5261,0.7451,0.48824
#39D091,57,208,145,154.96689,0.72596,0.61633,0.81569,0.51961
#EB8A04,235,138,4,34.80519,0.98298,0.96653,0.92157,0.46863
#91D621,145,214,33,82.87293,0.84579,0.73279,0.83922,0.48431
#0E1906,14,25,6,94.73684,0.76,0.6129,0.09804,0.06078
#CAA766,202,167,102,39.0,0.49505,0.48544,0.79216,0.59608
#F2EA45,242,234,69,57.22543,0.71488,0.86935,0.94902,0.6098
#C44029,196,64,41,8.90323,0.79082,0.65401,0.76863,0.46471
#99A92A,153,169,42,67.55906,0.75148,0.6019,0.66275,0.41373
#4F0A38,79,10,56,320.0,0.87342,0.77528,0.3098,0.17451
#6B0071,107,0,113,296.81416,1.0,1.0,0.44314,0.22157
#1F1C95,31,28,149,241.4876,0.81208,0.68362,0.58431,0.34706
#DC7ED2,220,126,210,306.38298,0.42727,0.57317,0.86275,0.67843
#7F30BA,127,48,186,274.34783,0.74194,0.58974,0.72941,0.45882
#342575,52,37,117,251.25,0.68376,0.51948,0.45882,0.30196
#191AA1,25,26,161,239.55882,0.84472,0.73118,0.63137,0.36471
#82A068,130,160,104,92.14286,0.35,0.22764,0.62745,0.51765
#7070EC,112,112,236,240.0,0.52542,0.76543,0.92549,0.68235
#947125,148,113,37,41.08108,0.75,0.6,0.58039,0.36275
#E508CA,229,8,202,307.33032,0.96507,0.93249,0.89804,0.46471
#309CAD,48,156,173,188.16,0.72254,0.56561,0.67843,0.43333
#14AFAF,20,175,175,180.0,0.88571,0.79487,0.68627,0.38235
#6DC2D2,109,194,210,189.50495,0.48095,0.5288,0.82353,0.62549
#DC2BCE,220,43,206,304.74576,0.80455,0.7166,0.86275,0.51569
#2EA221,46,162,33,113.95349,0.7963,0.66154,0.63529,0.38235
#7EDF67,126,223,103,108.5,0.53812,0.65217,0.87451,0.63922
#2C5F05,44,95,5,94.0,0.94737,0.9,0.37255,0.19608
#E1D992,225,217,146,53.92405,0.35111,0.56835,0.88235,0.72745
#B22B8C,178,43,140,316.88889,0.75843,0.61086,0.69804,0.43333
#D880E8,216,128,232,290.76923,0.44828,0.69333,0.9098,0.70588
#C9EE4B,201,238,75,73.61963,0.68487,0.82741,0.93333,0.61373
#B27676,178,118,118,0.0,0.33708,0.28037,0.69804,0.58039
#9B6A3D,155,106,61,28.7234,0.60645,0.43519,0.60784,0.42353
#59B7B2,89,183,178,176.80851,0.51366,0.39496,0.71765,0.53333
#CD4BB1,205,75,177,312.92308,0.63415,0.56522,0.80392,0.54902
#3CA615,60,166,21,103.86207,0.87349,0.7754,0.65098,0.36667
#AF1DD5,175,29,213,287.6087,0.86385,0.76033,0.83529,0.47451
#6D4CEB,109,76,235,252.45283,0.6766,0.79899,0.92157,0.6098
#559338,85,147,56,100.87912,0.61905,0.44828,0.57647,0.39804
#0288BC,2,136,188,196.77419,0.98936,0.97895,0.73725,0.37255
#8419F9,132,25,249,268.66071,0.8996,0.94915,0.97647,0.53725
#E30733,227,7,51,348.0,0.96916,0.94017,0.8902,0.45882
#9D7C43,157,124,67,38.0,0.57325,0.40179,0.61569,0.43922
#14E7FD,20,231,253,185.66524,0.92095,0.98312,0.99216,0.53529
#DAE790,218,231,144,68.96552,0.37662,0.64444,0.90588,0.73529
#EDE166,237,225,102,54.66667,0.56962,0.78947,0.92941,0.66471
#2B0A64,43,10,100,262.0,0.9,0.81818,0.39216,0.21569
#1261E2,18,97,226,217.21154,0.92035,0.85246,0.88627,0.47843
#6823D1,104,35,209,263.7931,0.83254,0.71311,0.81961,0.47843
#4C7612,76,118,18,85.2,0.84746,0.73529,0.46275,0.26667
#D9E1E1,217,225,225,180.0,0.03556,0.11765,0.88235,0.86667
#705170,112,81,112,300.0,0.27679,0.16062,0.43922,0.37843
#CA83B0,202,131,176,321.97183,0.35149,0.40113,0.79216,0.65294
#230D46,35,13,70,263.15789,0.81429,0.68675,0.27451,0.16275
#69BDCE,105,189,206,190.09901,0.49029,0.50754,0.80784,0.6098
#7D406E,125,64,110,314.7541,0.488,0.32275,0.4902,0.37059
#616657,97,102,87,80.0,0.14706,0.07937,0.4,0.37059
#6A9377,106,147,119,139.02439,0.27891,0.16206,0.57647,0.49608
#FD6C3E,253,108,62,14.45026,0.75494,0.97949,0.99216,0.61765
#8FA167,143,161,103,78.62069,0.36025,0.23577,0.63137,0.51765
#39EC0E,57,236,14,108.37838,0.94068,0.888,0.92549,0.4902
#357C49,53,124,73,136.90141,0.57258,0.40113,0.48627,0.34706
#61BE7C,97,190,124,137.41935,0.48947,0.41704,0.7451,0.56275
#2724F7,39,36,247,240.85308,0.85425,0.92952,0.96863,0.5549
#3A4EBC,58,78,188,230.76923,0.69149,0.52846,0.73725,0.48235
#5B2AD8,91,42,216,256.89655,0.80556,0.69048,0.84706,0.50588
#9B9FCD,155,159,205,235.2,0.2439,0.33333,0.80392,0.70588
#A889A5,168,137,165,305.80645,0.18452,0.15122,0.65882,0.59804
#CB90B8,203,144,184,319.32203,0.29064,0.36196,0.79608,0.68039
#7E00CA,126,0,202,277.42574,1.0,1.0,0.79216,0.39608
#BF7493,191,116,147,335.2,0.39267,0.36946,0.74902,0.60196
#6FD902,111,217,2,89.5814,0.99078,0.98174,0.85098,0.42941
#85376D,133,55,109,318.46154,0.58647,0.41489,0.52157,0.36863
#B68EA2,182,142,162,330.0,0.21978,0.21505,0.71373,0.63529
#D893EB,216,147,235,287.04545,0.37447,0.6875,0.92157,0.74902
#A265CD,162,101,205,275.19231,0.50732,0.5098,0.80392,0.6
#EF34BB,239,52,187,316.68449,0.78243,0.85388,0.93725,0.57059
#2C5742,44,87,66,150.69767,0.49425,0.32824,0.34118,0.25686
#F23A95,242,58,149,330.32609,0.76033,0.87619,0.94902,0.58824
#79BC0D,121,188,13,82.97143,0.93085,0.87065,0.73725,0.39412
#52C9FD,82,201,253,198.24561,0.67589,0.97714,0.99216,0.65686
#5FD8AA,95,216,170,157.19008,0.56019,0.60804,0.84706,0.6098
#69E8EB,105,232,235,181.38462,0.55319,0.76471,0.92157,0.66667
#86EF73,134,239,115,110.80645,0.51883,0.79487,0.93725,0.69412
#17D1FE,23,209,254,191.68831,0.90945,0.99142,0.99608,0.54314
#CD58EC,205,88,236,287.43243,0.62712,0.7957,0.92549,0.63529
#603984,96,57,132,271.2,0.56818,0.39683,0.51765,0.37059
#906D96,144,109,150,291.21951,0.27333,0.16335,0.58824,0.50784
#0DF78E,13,247,142,153.07692,0.94737,0.936,0.96863,0.5098
#F2F3D4,242,243,212,61.93548,0.12757,0.56364,0.95294,0.89216
#80D0FA,128,208,250,200.65574,0.488,0.92424,0.98039,0.74118
#A86CA3,168,108,163,305.0,0.35714,0.25641,0.65882,0.54118
#9265D4,146,101,212,264.32432,0.52358,0.56345,0.83137,0.61373
#71360D,113,54,13,24.6,0.88496,0.79365,0.44314,0.24706
#BC14C6,188,20,198,296.62921,0.89899,0.81651,0.77647,0.42745
#817995,129,121,149,257.14286,0.18792,0.11667,0.58431,0.52941
#E7616A,231,97,106,355.97015,0.58009,0.73626,0.90588,0.64314
#73FDB6,115,253,182,149.13043,0.54545,0.97183,0.99216,0.72157
#2B474D,43,71,77,190.58824,0.44156,0.28333,0.30196,0.23529
#04C8DD,4,200,221,185.80645,0.9819,0.96444,0.86667,0.44118
#74997D,116,153,125,134.59459,0.24183,0.15353,0.6,0.52745
#793E08,121,62,8,28.67257,0.93388,0.87597,0.47451,0.25294
#470BCC,71,11,204,258.65285,0.94608,0.89767,0.8,0.42157
#9A6CAF,154,108,175,281.19403,0.38286,0.29515,0.68627,0.5549
#7E8D7B,126,141,123,110.0,0.12766,0.07317,0.55294,0.51765
#322B7E,50,43,126,245.06024,0.65873,0.49112,0.49412,0.33137
#4DFD9E,77,253,158,147.61364,0.69565,0.97778,0.99216,0.64706
#25B9CF,37,185,207,187.76471,0.82126,0.69672,0.81176,0.47843
#9B003B,155,0,59,337.16129,1.0,1.0,0.60784,0.30392
#01642A,1,100,42,144.84848,0.99,0.9802,0.39216,0.19804
#141CEB,20,28,235,237.76744,0.91489,0.84314,0.92157,0.5
#336BB0,51,107,176,213.12,0.71023,0.55066,0.6902,0.4451
#2A54FB,42,84,251,227.94258,0.83267,0.96313,0.98431,0.57451
#141506,20,21,6,64.0,0.71429,0.55556,0.08235,0.05294
#EB7B42,235,123,66,20.23669,0.71915,0.80861,0.92157,0.5902
#EBB3F7,235,179,247,289.41176,0.2753,0.80952,0.96863,0.83529
#43EC96,67,236,150,149.46746,0.7161,0.81643,0.92549,0.59412
#597662,89,118,98,138.62069,0.24576,0.1401,0.46275,0.40588
#8527AB,133,39,171,282.72727,0.77193,0.62857,0.67059,0.41176
#511D5B,81,29,91,290.32258,0.68132,0.51667,0.35686,0.23529
#457066,69,112,102,166.04651,0.38393,0.23757,0.43922,0.3549
#6DC728,109,199,40,93.96226,0.79899,0.66527,0.78039,0.46863
#340D8C,52,13,140,258.4252,0.90714,0.83007,0.54902,0.3
#67CD86,103,205,134,138.23529,0.49756,0.50495,0.80392,0.60392
#0D6BA7,13,107,167,203.37662,0.92216,0.85556,0.6549,0.35294
#97D5F0,151,213,240,198.20225,0.37083,0.7479,0.94118,0.76667
#DF468A,223,70,138,333.33333,0.6861,0.70507,0.87451,0.57451
#3C966B,60,150,107,151.33333,0.6,0.42857,0.58824,0.41176
#38B8AC,56,184,172,174.375,0.69565,0.53333,0.72157,0.47059
#97E172,151,225,114,100.0,0.49333,0.64912,0.88235,0.66471
#DE0476,222,4,118,328.62385,0.98198,0.9646,0.87059,0.44314
#7F9921,127,153,33,73.0,0.78431,0.64516,0.6,0.36471
#CCA6DA,204,166,218,283.84615,0.23853,0.4127,0.8549,0.75294
#39E484,57,228,132,146.31579,0.75,0.76,0.89412,0.55882
#33C1B0,51,193,176,172.8169,0.73575,0.58197,0.75686,0.47843
#D56E3B,213,110,59,19.87013,0.723,0.64706,0.83529,0.53333
#8551C6,133,81,198,266.66667,0.59091,0.50649,0.77647,0.54706
#50CD50,80,205,80,120.0,0.60976,0.55556,0.80392,0.55882
#A45207,164,82,7,28.66242,0.95732,0.91813,0.64314,0.33529
#66755D,102,117,93,97.5,0.20513,0.11429,0.45882,0.41176
#D9F3AB,217,243,171,81.66667,0.2963,0.75,0.95294,0.81176
#6B1F0D,107,31,13,11.48936,0.8785,0.78333,0.41961,0.23529
#7D0793,125,7,147,290.57143,0.95238,0.90909,0.57647,0.30196
#8E55DD,142,85,221,265.14706,0.61538,0.66667,0.86667,0.6
#9934EB,153,52,235,273.11475,0.77872,0.82063,0.92157,0.56275
#19EAE4,25,234,228,178.27751,0.89316,0.83267,0.91765,0.50784
#73A3E2,115,163,226,214.05405,0.49115,0.6568,0.88627,0.66863
#A4BFC1,164,191,193,184.13793,0.15026,0.18954,0.75686,0.7
#0D8C5A,13,140,90,156.37795,0.90714,0.83007,0.54902,0.3
#EB77D1,235,119,209,313.44828,0.49362,0.74359,0.92157,0.69412
#71AC4C,113,172,76,96.875,0.55814,0.3871,0.67451,0.48627
#B07D3B,176,125,59,33.84615,0.66477,0.49787,0.6902,0.46078
#CD57C2,205,87,194,305.59322,0.57561,0.54128,0.80392,0.57255
#7A0129,122,1,41,340.16529,0.9918,0.98374,0.47843,0.24118
#C09622,192,150,34,44.05063,0.82292,0.69912,0.75294,0.44314
#147309,20,115,9,113.77358,0.92174,0.85484,0.45098,0.24314
#BE8DD2,190,141,210,282.6087,0.32857,0.43396,0.82353,0.68824
#7E7602,126,118,2,56.12903,0.98413,0.96875,0.49412,0.25098
#1535E2,21,53,226,230.63415,0.90708,0.82996,0.88627,0.48431
#5FF58E,95,245,142,138.8,0.61224,0.88235,0.96078,0.66667
#096701,9,103,1,115.29412,0.99029,0.98077,0.40392,0.20392
#21E38B,33,227,139,152.78351,0.85463,0.776,0.8902,0.5098
#0A91DC,10,145,220,201.42857,0.95455,0.91304,0.86275,0.45098
#EF05E6,239,5,230,302.30769,0.97908,0.95902,0.93725,0.47843
#57FB31,87,251,49,108.71287,0.80478,0.9619,0.98431,0.58824
#A29D39,162,157,57,57.14286,0.64815,0.47945,0.63529,0.42941
#AA5DE2,170,93,226,274.73684,0.5885,0.69634,0.88627,0.62549
#1663C2,22,99,194,213.13953,0.8866,0.7963,0.76078,0.42353
#8BFE46,139,254,70,97.5,0.72441,0.98925,0.99608,0.63529
#0C8CA2,12,140,162,188.8,0.92593,0.86207,0.63529,0.34118
#1E9DC1,30,157,193,193.25153,0.84456,0.73094,0.75686,0.43725
#9C483B,156,72,59,8.04124,0.62179,0.45116,0.61176,0.42157
#1B871C,27,135,28,120.55556,0.8,0.66667,0.52941,0.31765
#931E24,147,30,36,356.92308,0.79592,0.66102,0.57647,0.34706
#1F53BA,31,83,186,219.87097,0.83333,0.71429,0.72941,0.42549
#89BACA,137,186,202,194.76923,0.32178,0.38012,0.79216,0.66471
#DCCF1E,220,207,30,55.89474,0.86364,0.76,0.86275,0.4902
#028042,2,128,66,150.47619,0.98438,0.96923,0.50196,0.2549
#8A1E99,138,30,153,292.68293,0.80392,0.67213,0.6,0.35882
#9606E4,150,6,228,278.91892,0.97368,0.94872,0.89412,0.45882
#61CE20,97,206,32,97.58621,0.84466,0.73109,0.80784,0.46667
#223437,34,52,55,188.57143,0.38182,0.23596,0.21569,0.17451
#C49D43,196,157,67,41.86047,0.65816,0.52227,0.76863,0.51569
#3D2D76,61,45,118,253.15068,0.61864,0.44785,0.46275,0.31961
#1A789A,26,120,154,195.9375,0.83117,0.71111,0.60392,0.35294
#FB339A,251,51,154,329.1,0.79681,0.96154,0.98431,0.59216
#7CE10B,124,225,11,88.31776,0.95111,0.90678,0.88235,0.46275
#9123F6,145,35,246,271.27962,0.85772,0.9214,0.96471,0.55098
#BAE729,186,231,41,74.21053,0.82251,0.79832,0.90588,0.53333
#3BC5C5,59,197,197,180.0,0.70051,0.54331,0.77255,0.50196
#88B080,136,176,128,110.0,0.27273,0.23301,0.6902,0.59608
#9CFB30,156,251,48,88.07882,0.80876,0.96209,0.98431,0.58627
#6E0544,110,5,68,324.0,0.95455,0.91304,0.43137,0.22549
#123ED4,18,62,212,226.39175,0.91509,0.84348,0.83137,0.45098
#B029E5,176,41,229,283.08511,0.82096,0.78333,0.89804,0.52941
#BB829E,187,130,158,330.52632,0.30481,0.29534,0.73333,0.62157
#776A08,119,106,8,52.97297,0.93277,0.87402,0.46667,0.24902
#E758E2,231,88,226,302.0979,0.61905,0.74869,0.90588,0.62549
#2A9BAF,42,155,175,189.02256,0.76,0.6129,0.68627,0.42549
#B82009,184,32,9,7.88571,0.95109,0.90674,0.72157,0.37843
#574B59,87,75,89,291.42857,0.1573,0.08537,0.34902,0.32157
#C009BB,192,9,187,301.63934,0.95312,0.91045,0.75294,0.39412
#74AED4,116,174,212,203.75,0.45283,0.52747,0.83137,0.64314
#269727,38,151,39,120.53097,0.74834,0.59788,0.59216,0.37059
#984A8F,152,74,143,306.92308,0.51316,0.34513,0.59608,0.44314
#5C5853,92,88,83,33.33333,0.09783,0.05143,0.36078,0.34314
#240EE5,36,14,229,246.13953,0.93886,0.88477,0.89804,0.47647
#4E9394,78,147,148,180.85714,0.47297,0.30973,0.58039,0.44314
#F7AE60,247,174,96,30.99338,0.61134,0.90419,0.96863,0.67255
#733526,115,53,38,11.68831,0.66957,0.50327,0.45098,0.3
#84295F,132,41,95,324.3956,0.68939,0.52601,0.51765,0.33922
#AD4F18,173,79,24,22.14765,0.86127,0.75635,0.67843,0.38627
#4F22B4,79,34,180,258.49315,0.81111,0.68224,0.70588,0.41961
#175CAC,23,92,172,212.21477,0.86628,0.7641,0.67451,0.38235
#9D0835,157,8,53,341.87919,0.94904,0.90303,0.61569,0.32353
#BE9DFB,190,157,251,261.06383,0.3745,0.92157,0.98431,0.8
#08BF65,8,191,101,150.4918,0.95812,0.9196,0.74902,0.3902
#976EE1,151,110,225,261.3913,0.51111,0.65714,0.88235,0.65686
#1AFA15,26,250,21,118.68996,0.916,0.95816,0.98039,0.53137
#2E858E,46,133,142,185.625,0.67606,0.51064,0.55686,0.36863
#F6BCCB,246,188,203,344.48276,0.23577,0.76316,0.96471,0.85098
#8702D3,135,2,211,278.18182,0.99052,0.98122,0.82745,0.41765
#C43441,196,52,65,354.58333,0.73469,0.58065,0.76863,0.48627
#A5E44F,165,228,79,85.36913,0.65351,0.73399,0.89412,0.60196
#D52A74,213,42,116,334.03509,0.80282,0.67059,0.83529,0.5
#188ADB,24,138,219,204.92308,0.89041,0.80247,0.85882,0.47647
#E685B9,230,133,185,327.83505,0.42174,0.65986,0.90196,0.71176
#6B4C97,107,76,151,264.8,0.49669,0.3304,0.59216,0.4451
#3B8E4A,59,142,74,130.84337,0.58451,0.41294,0.55686,0.39412
#B1A624,177,166,36,55.31915,0.79661,0.66197,0.69412,0.41765
#9E2ACF,158,42,207,282.18182,0.7971,0.66265,0.81176,0.48824
#7BA8CD,123,168,205,207.07317,0.4,0.45055,0.80392,0.64314
#54C6CA,84,198,202,182.0339,0.58416,0.52679,0.79216,0.56078
#14E643,20,230,67,133.42857,0.91304,0.84,0.90196,0.4902
#C24F9E,194,79,158,318.78261,0.59278,0.48523,0.76078,0.53529
#B12244,177,34,68,345.73427,0.80791,0.67773,0.69412,0.41373
#B317D9,179,23,217,288.24742,0.89401,0.80833,0.85098,0.47059
#A4D761,164,215,97,85.9322,0.54884,0.59596,0.84314,0.61176
#C9FE03,201,254,3,72.66932,0.98819,0.99209,0.99608,0.50392
#C2F999,194,249,153,94.375,0.38554,0.88889,0.97647,0.78824
#7C432B,124,67,43,17.77778,0.65323,0.48503,0.48627,0.32745
#FC5288,252,82,136,340.94118,0.6746,0.96591,0.98824,0.6549
#140516,20,5,22,292.94118,0.77273,0.62963,0.08627,0.05294
#716F7E,113,111,126,248.0,0.11905,0.06329,0.49412,0.46471
#0702EE,7,2,238,241.27119,0.9916,0.98333,0.93333,0.47059
#5FCE81,95,206,129,138.37838,0.53883,0.5311,0.80784,0.5902
#F14B3A,241,75,58,5.57377,0.75934,0.8673,0.9451,0.58627
#30293D,48,41,61,261.0,0.32787,0.19608,0.23922,0.2
#E75CAB,231,92,171,325.89928,0.60173,0.74332,0.90588,0.63333
#80006D,128,0,109,308.90625,1.0,1.0,0.50196,0.25098
#A01DCC,160,29,204,284.91429,0.85784,0.75107,0.8,0.45686
#79D96C,121,217,108,112.84404,0.5023,0.58919,0.85098,0.63725
#658C9E,101,140,158,198.94737,0.36076,0.22709,0.61961,0.50784
#0558DE,5,88,222,217.05069,0.97748,0.95595,0.87059,0.4451
#39F0B9,57,240,185,161.96721,0.7625,0.85915,0.94118,0.58235
#D258BC,210,88,188,310.81967,0.58095,0.57547,0.82353,0.58431
#D74605,215,70,5,18.57143,0.97674,0.95455,0.84314,0.43137
#F255C0,242,85,192,319.10828,0.64876,0.85792,0.94902,0.64118
#DEC685,222,198,133,43.82022,0.4009,0.57419,0.87059,0.69608
#CEB66E,206,182,110,45.0,0.46602,0.49485,0.80784,0.61961
#7D2AEF,125,42,239,265.27919,0.82427,0.86026,0.93725,0.55098
#B39300,179,147,0,49.27374,1.0,1.0,0.70196,0.35098
#45CFE0,69,207,224,186.58065,0.69196,0.71429,0.87843,0.57451
#9FCB06,159,203,6,73.40102,0.97044,0.94258,0.79608,0.4098
#268556,38,133,86,150.31579,0.71429,0.55556,0.52157,0.33529
#56470E,86,71,14,47.5,0.83721,0.72,0.33725,0.19608
#7EBA07,126,186,7,80.11173,0.96237,0.92746,0.72941,0.37843
#3D9FBD,61,159,189,194.0625,0.67725,0.512,0.74118,0.4902
#28A92B,40,169,43,121.39535,0.76331,0.61722,0.66275,0.4098
#9F47F8,159,71,248,269.83051,0.71371,0.9267,0.97255,0.62549
#AD9E56,173,158,86,49.65517,0.50289,0.34661,0.67843,0.50784
#6838E9,104,56,233,256.27119,0.75966,0.8009,0.91373,0.56667
#5AB7A9,90,183,169,170.96774,0.5082,0.39241,0.71765,0.53529
#4720FF,71,32,255,250.49327,0.87451,1.0,1.0,0.56275
#193D4D,25,61,77,198.46154,0.67532,0.5098,0.30196,0.2
#48CD33,72,205,51,111.81818,0.75122,0.6063,0.80392,0.50196
#2DA545,45,165,69,132.0,0.72727,0.57143,0.64706,0.41176
#B0D98C,176,217,140,91.94805,0.35484,0.50327,0.85098,0.7
#2F9542,47,149,66,131.17647,0.68456,0.52041,0.58431,0.38431
#20C9A9,32,201,169,168.63905,0.8408,0.72532,0.78824,0.45686
#504B1B,80,75,27,54.33962,0.6625,0.49533,0.31373,0.2098
#4CB067,76,176,103,136.2,0.56818,0.39683,0.6902,0.49412
#3C4D26,60,77,38,86.15385,0.50649,0.33913,0.30196,0.22549
#389EB8,56,158,184,192.1875,0.69565,0.53333,0.72157,0.47059
#29A9F2,41,169,242,201.79104,0.83058,0.88546,0.94902,0.5549
#F497DA,244,151,218,316.77419,0.38115,0.8087,0.95686,0.77451
#228B37,34,139,55,132.0,0.7554,0.60694,0.5451,0.33922
#D226A8,210,38,168,314.65116,0.81905,0.69355,0.82353,0.48627
#73C36C,115,195,108,115.17241,0.44615,0.42029,0.76471,0.59412
#DE7533,222,117,51,23.15789,0.77027,0.72152,0.87059,0.53529
#E0C7DD,224,199,221,307.2,0.11161,0.28736,0.87843,0.82941
#D912AC,217,18,172,313.56784,0.91705,0.84681,0.85098,0.46078
#4D4FB3,77,79,179,238.82353,0.56983,0.40157,0.70196,0.50196
#040DF7,4,13,247,237.77778,0.98381,0.96813,0.96863,0.49216
#DB1CAF,219,28,175,313.82199,0.87215,0.77328,0.85882,0.48431
#1373A6,19,115,166,200.81633,0.88554,0.79459,0.65098,0.36275
#41C5DF,65,197,223,189.87342,0.70852,0.71171,0.87451,0.56471
#CA8BD5,202,139,213,291.08108,0.34742,0.46835,0.83529,0.6902
#74C73F,116,199,63,96.61765,0.68342,0.54839,0.78039,0.51373
#3FD2B6,63,210,182,168.57143,0.7,0.62025,0.82353,0.53529
#88F681,136,246,129,116.41026,0.47561,0.86667,0.96471,0.73529
#AF58D8,175,88,216,280.78125,0.59259,0.62136,0.84706,0.59608
#5FC1E9,95,193,233,197.3913,0.59227,0.75824,0.91373,0.64314
#2AD7CE,42,215,206,176.87861,0.80465,0.68379,0.84314,0.50392
#2D6AD8,45,106,216,218.59649,0.79167,0.68675,0.84706,0.51176
#4A75DA,74,117,218,222.08333,0.66055,0.66055,0.8549,0.57255
#FACF68,250,207,104,42.32877,0.584,0.9359,0.98039,0.69412
#F32283,243,34,131,332.15311,0.86008,0.897,0.95294,0.54314
#22C6AD,34,198,173,170.85366,0.82828,0.7069,0.77647,0.4549
#7273AC,114,115,172,238.96552,0.33721,0.25893,0.67451,0.56078
#0F9630,15,150,48,134.66667,0.9,0.81818,0.58824,0.32353
#708984,112,137,132,168.0,0.18248,0.1004,0.53725,0.48824
#5C05C5,92,5,197,267.1875,0.97462,0.9505,0.77255,0.39608
#26E840,38,232,64,128.04124,0.83621,0.80833,0.9098,0.52941
#4C3B56,76,59,86,277.77778,0.31395,0.18621,0.33725,0.28431
#1034D9,16,52,217,229.25373,0.92627,0.86266,0.85098,0.45686
#64445E,100,68,94,311.25,0.32,0.19048,0.39216,0.32941
#12A4AF,18,164,175,184.20382,0.89714,0.81347,0.68627,0.37843
#30FFB9,48,255,185,159.71014,0.81176,1.0,1.0,0.59412
#1F92E2,31,146,226,204.61538,0.86283,0.77075,0.88627,0.50392
#40B9A9,64,185,169,172.06612,0.65405,0.48594,0.72549,0.48824
#7EC60C,126,198,12,83.22581,0.93939,0.88571,0.77647,0.41176
#61EC85,97,236,133,135.53957,0.58898,0.78531,0.92549,0.65294
#931C67,147,28,103,322.18487,0.80952,0.68,0.57647,0.34314
#F2DBFA,242,219,250,284.51613,0.124,0.7561,0.98039,0.91961
#05A3E0,5,163,224,196.71233,0.97768,0.95633,0.87843,0.44902
#B9E7DE,185,231,222,168.26087,0.19913,0.48936,0.90588,0.81569
#D987E7,217,135,231,291.25,0.41558,0.66667,0.90588,0.71765
#CD0804,205,8,4,1.19403,0.98049,0.96172,0.80392,0.4098
#5D1FED,93,31,237,258.05825,0.8692,0.85124,0.92941,0.52549
#54C320,84,195,32,100.8589,0.8359,0.71806,0.76471,0.4451
#5A65BD,90,101,189,233.33333,0.52381,0.42857,0.74118,0.54706
#BAAB82,186,171,130,43.92857,0.30108,0.28866,0.72941,0.61961
#ABAA22,171,170,34,59.56204,0.80117,0.66829,0.67059,0.40196
#A1722C,161,114,44,35.89744,0.72671,0.57073,0.63137,0.40196
#16037E,22,3,126,249.26829,0.97619,0.95349,0.49412,0.25294
#B4F6B7,180,246,183,122.72727,0.26829,0.78571,0.96471,0.83529
#532F7D,83,47,125,267.69231,0.624,0.45349,0.4902,0.33725
#BA2784,186,39,132,322.04082,0.79032,0.65333,0.72941,0.44118
#5F6A66,95,106,102,158.18182,0.10377,0.05473,0.41569,0.39412
#F80886,248,8,134,328.5,0.96774,0.94488,0.97255,0.50196
#7E9101,126,145,1,67.91667,0.9931,0.9863,0.56863,0.28627
#7A6253,122,98,83,23.07692,0.31967,0.19024,0.47843,0.40196
#52C8FE,82,200,254,198.83721,0.67717,0.98851,0.99608,0.65882
#75B69E,117,182,158,157.84615,0.35714,0.30806,0.71373,0.58627
#55E282,85,226,130,139.14894,0.62389,0.70854,0.88627,0.6098
#6AA097,106,160,151,170.0,0.3375,0.22131,0.62745,0.52157
#FD15D6,253,21,214,310.08621,0.917,0.98305,0.99216,0.53725
#22F814,34,248,20,116.31579,0.91935,0.94215,0.97255,0.52549
#FBD1C5,251,209,197,13.33333,0.21514,0.87097,0.98431,0.87843
#9DDFE0,157,223,224,180.89552,0.29911,0.51938,0.87843,0.74706
#B05A6E,176,90,110,346.04651,0.48864,0.35246,0.6902,0.52157
#E7A6D4,231,166,212,317.53846,0.28139,0.57522,0.90588,0.77843
#78E3E9,120,227,233,183.18584,0.48498,0.71975,0.91373,0.69216
#4E0A73,78,10,115,278.85714,0.91304,0.84,0.45098,0.2451
#A7DFDB,167,223,219,175.71429,0.25112,0.46667,0.87451,0.76471
#F7DCBF,247,220,191,31.07143,0.22672,0.77778,0.96863,0.85882
#0A2A84,10,42,132,224.2623,0.92424,0.85915,0.51765,0.27843
#B13C6E,177,60,110,334.35897,0.66102,0.49367,0.69412,0.46471
#40CA17,64,202,23,106.25698,0.88614,0.79556,0.79216,0.44118
#88C434,136,196,52,85.0,0.73469,0.58065,0.76863,0.48627
#017D19,1,125,25,131.6129,0.992,0.98413,0.4902,0.24706
#123423,18,52,35,150.0,0.65385,0.48571,0.20392,0.13725
#3A27BA,58,39,186,247.7551,0.79032,0.65333,0.72941,0.44118
#72D9D1,114,217,209,175.33981,0.47465,0.57542,0.85098,0.64902
#F21E92,242,30,146,327.16981,0.87603,0.89076,0.94902,0.53333
#0341E5,3,65,229,223.53982,0.9869,0.97414,0.89804,0.4549
#F5B1E2,245,177,226,316.76471,0.27755,0.77273,0.96078,0.82745
#EB2F76,235,47,118,337.34043,0.8,0.82456,0.92157,0.55294
#7CD67E,124,214,126,121.33333,0.42056,0.52326,0.83922,0.66275
#D55A2A,213,90,42,16.84211,0.80282,0.67059,0.83529,0.5
#CBBF52,203,191,82,54.04959,0.59606,0.53778,0.79608,0.55882
#899665,137,150,101,75.91837,0.32667,0.19522,0.58824,0.49216
#F48C80,244,140,128,6.2069,0.47541,0.84058,0.95686,0.72941
#864B45,134,75,69,5.53846,0.48507,0.3202,0.52549,0.39804
#C8E4FC,200,228,252,207.69231,0.20635,0.89655,0.98824,0.88627
#63E5F1,99,229,241,185.07042,0.58921,0.83529,0.9451,0.66667
#3562E2,53,98,226,224.39306,0.76549,0.74892,0.88627,0.54706
#D86D78,216,109,120,353.83178,0.49537,0.57838,0.84706,0.63725
#CDCDD8,205,205,216,240.0,0.05093,0.1236,0.84706,0.82549
#16FEA6,22,254,166,157.24138,0.91339,0.99145,0.99608,0.54118
#C94681,201,70,129,332.9771,0.65174,0.54812,0.78824,0.53137
#610FC7,97,15,199,266.73913,0.92462,0.85981,0.78039,0.41961
#E3A315,227,163,21,41.35922,0.90749,0.83065,0.8902,0.48627
#E1099E,225,9,158,318.61111,0.96,0.92308,0.88235,0.45882
#532E38,83,46,56,343.78378,0.44578,0.28682,0.32549,0.25294
#388858,56,136,88,144.0,0.58824,0.41667,0.53333,0.37647
#4940B3,73,64,179,244.69565,0.64246,0.47325,0.70196,0.47647
#FCAD66,252,173,102,28.4,0.59524,0.96154,0.98824,0.69412
#DB6680,219,102,128,346.66667,0.53425,0.61905,0.85882,0.62941
#B8BA9E,184,186,158,64.28571,0.15054,0.16867,0.72941,0.67451
#8900F5,137,0,245,273.55102,1.0,1.0,0.96078,0.48039
#86A827,134,168,39,75.81395,0.76786,0.62319,0.65882,0.40588
#69D787,105,215,135,136.36364,0.51163,0.57895,0.84314,0.62745
#53FC89,83,252,137,139.1716,0.67063,0.96571,0.98824,0.65686
#C73B3C,199,59,60,359.57143,0.70352,0.55556,0.78039,0.50588
#54D6D9,84,214,217,181.35338,0.6129,0.63636,0.85098,0.5902
#CB809B,203,128,155,338.4,0.36946,0.41899,0.79608,0.64902
#B3E590,179,229,144,95.29412,0.37118,0.62044,0.89804,0.73137
#580934,88,9,52,327.34177,0.89773,0.81443,0.3451,0.1902
#33B9AB,51,185,171,173.73134,0.72432,0.5678,0.72549,0.46275
#ED6731,237,103,49,17.23404,0.79325,0.83929,0.92941,0.56078
#7087C4,112,135,196,223.57143,0.42857,0.41584,0.76863,0.60392
#A75792,167,87,146,315.75,0.47904,0.31496,0.6549,0.49804
#481A96,72,26,150,262.25806,0.82667,0.70455,0.58824,0.3451
#3C64F0,60,100,240,226.66667,0.75,0.85714,0.94118,0.58824
#A8FD9B,168,253,155,112.04082,0.38735,0.96078,0.99216,0.8
#5F39D5,95,57,213,254.61538,0.73239,0.65,0.83529,0.52941
#27570B,39,87,11,97.89474,0.87356,0.77551,0.34118,0.19216
#0EBF34,14,191,52,132.88136,0.9267,0.86341,0.74902,0.40196
#DA0E82,218,14,130,325.88235,0.93578,0.87931,0.8549,0.4549
#5823EA,88,35,234,255.9799,0.85043,0.82573,0.91765,0.52745
#4DBFEC,77,191,236,196.98113,0.67373,0.80711,0.92549,0.61373
#31FA4B,49,250,75,127.76119,0.804,0.95261,0.98039,0.58627
#42486C,66,72,108,231.42857,0.38889,0.24138,0.42353,0.34118
#EDD3B7,237,211,183,31.11111,0.22785,0.6,0.92941,0.82353
#0F046C,15,4,108,246.34615,0.96296,0.92857,0.42353,0.21961
#9317F4,147,23,244,273.66516,0.90574,0.90947,0.95686,0.52353
#6E0C16,110,12,22,353.87755,0.89091,0.80328,0.43137,0.23922
#17F41C,23,244,28,121.35747,0.90574,0.90947,0.95686,0.52353
#7C3A36,124,58,54,3.42857,0.56452,0.39326,0.48627,0.34902
#58BD4E,88,189,78,114.59459,0.5873,0.45679,0.74118,0.52353
#BC5EF4,188,94,244,277.6,0.61475,0.87209,0.95686,0.66275
#5555FC,85,85,252,240.0,0.6627,0.96532,0.98824,0.66078
#F1DBC5,241,219,197,30.0,0.18257,0.61111,0.9451,0.85882
#A31940,163,25,64,343.04348,0.84663,0.73404,0.63922,0.36863
#7F26F0,127,38,240,266.43564,0.84167,0.87069,0.94118,0.5451
#02E410,2,228,16,123.71681,0.99123,0.98261,0.89412,0.45098
#05312E,5,49,46,175.90909,0.89796,0.81481,0.19216,0.10588
#0E5786,14,87,134,203.5,0.89552,0.81081,0.52549,0.2902
#596BD1,89,107,209,231.0,0.57416,0.56604,0.81961,0.58431
#2FDBC3,47,219,195,171.62791,0.78539,0.70492,0.85882,0.52157
#40077F,64,7,127,268.5,0.94488,0.89552,0.49804,0.26275
#32CEDE,50,206,222,185.5814,0.77477,0.72269,0.87059,0.53333
#5EAD66,94,173,102,126.07595,0.45665,0.3251,0.67843,0.52353
#F4E41E,244,228,30,55.51402,0.87705,0.90678,0.95686,0.53725
#2A55A3,42,85,163,218.67769,0.74233,0.59024,0.63922,0.40196
#C5D155,197,209,85,65.80645,0.5933,0.57407,0.81961,0.57647
#56D88D,86,216,141,145.38462,0.60185,0.625,0.84706,0.59216
#C9368A,201,54,138,325.71429,0.73134,0.57647,0.78824,0.5
#3E5ACA,62,90,202,228.0,0.69307,0.56911,0.79216,0.51765
#049DC7,4,157,199,192.92308,0.9799,0.96059,0.78039,0.39804
#44AD43,68,173,67,119.43396,0.61272,0.44167,0.67843,0.47059
#3C1ED6,60,30,214,249.78261,0.85981,0.7541,0.83922,0.47843
#E37A8E,227,122,142,348.57143,0.46256,0.65217,0.8902,0.68431
#6DA6F1,109,166,241,214.09091,0.54772,0.825,0.9451,0.68627
#AC8276,172,130,118,13.33333,0.31395,0.24545,0.67451,0.56863
#C3E3A3,195,227,163,90.0,0.28194,0.53333,0.8902,0.76471
#740B73,116,11,115,300.57143,0.90517,0.82677,0.4549,0.24902
#5645A4,86,69,164,250.73684,0.57927,0.40773,0.64314,0.45686
#8D9C61,141,156,97,75.25424,0.37821,0.2332,0.61176,0.49608
#EB4452,235,68,82,354.97006,0.71064,0.80676,0.92157,0.59412
#0A0056,10,0,86,246.97674,1.0,1.0,0.33725,0.16863
#7CC599,124,197,153,143.83562,0.37056,0.38624,0.77255,0.62941
#3097B3,48,151,179,192.82443,0.73184,0.57709,0.70196,0.4451
#03D673,3,214,115,151.84834,0.98598,0.97235,0.83922,0.42549
#0293E4,2,147,228,201.50442,0.99123,0.98261,0.89412,0.45098
#564624,86,70,36,40.8,0.5814,0.40984,0.33725,0.23922
#C38E3E,195,142,62,36.09023,0.68205,0.52569,0.76471,0.50392
#32EEF3,50,238,243,181.5544,0.79424,0.8894,0.95294,0.57451
#38F6DA,56,246,218,171.15789,0.77236,0.91346,0.96471,0.59216
#C6F0D7,198,240,215,144.28571,0.175,0.58333,0.94118,0.85882
#581690,88,22,144,272.45902,0.84722,0.73494,0.56471,0.32549
#D59CC4,213,156,196,317.89474,0.26761,0.40426,0.83529,0.72353
#2AE171,42,225,113,143.27869,0.81333,0.75309,0.88235,0.52353
#69095E,105,9,94,306.875,0.91429,0.84211,0.41176,0.22353
#D83337,216,51,55,358.54545,0.76389,0.67901,0.84706,0.52353
#DB8C67,219,140,103,19.13793,0.52968,0.61702,0.85882,0.63137
#9FA67E,159,166,126,70.5,0.24096,0.18349,0.65098,0.57255
#79F094,121,240,148,133.61345,0.49583,0.79866,0.94118,0.70784
#4F40CA,79,64,202,246.52174,0.68317,0.56557,0.79216,0.52157
#8D2818,141,40,24,8.20513,0.82979,0.70909,0.55294,0.32353
#85A464,133,164,100,89.0625,0.39024,0.26016,0.64314,0.51765
#D0EC5E,208,236,94,71.83099,0.60169,0.78889,0.92549,0.64706
#87FE03,135,254,3,88.44622,0.98819,0.99209,0.99608,0.50392
#411722,65,23,34,344.28571,0.64615,0.47727,0.2549,0.17255
#7D24EF,125,36,239,266.30542,0.84937,0.86383,0.93725,0.53922
#832727,131,39,39,0.0,0.70229,0.54118,0.51373,0.33333
#3FF210,63,242,16,107.52212,0.93388,0.89683,0.94902,0.50588
#8213DA,130,19,218,273.46734,0.91284,0.83966,0.8549,0.46471
#28D9A0,40,217,160,160.67797,0.81567,0.6996,0.85098,0.50392
#7678DC,118,120,220,238.82353,0.46364,0.59302,0.86275,0.66275
#38B6C2,56,182,194,185.21739,0.71134,0.552,0.76078,0.4902
#7DC448,125,196,72,94.35484,0.63265,0.5124,0.76863,0.52549
#89B22E,137,178,46,78.63636,0.74157,0.58929,0.69804,0.43922
#FC5137,252,81,55,7.91878,0.78175,0.97044,0.98824,0.60196
#19E1EA,25,225,234,182.58373,0.89316,0.83267,0.91765,0.50784
#AD41FF,173,65,255,274.10526,0.7451,1.0,1.0,0.62745
#187FE7,24,127,231,210.14493,0.8961,0.81176,0.90588,0.5
#930E43,147,14,67,336.09023,0.90476,0.82609,0.57647,0.31569
#631329,99,19,41,343.5,0.80808,0.67797,0.38824,0.23137
#E41162,228,17,98,336.96682,0.92544,0.86122,0.89412,0.48039
#0973D9,9,115,217,209.42308,0.95853,0.92035,0.85098,0.44314
#E59E9C,229,158,156,1.64384,0.31878,0.584,0.89804,0.7549
#8FCFF6,143,207,246,202.71845,0.4187,0.85124,0.96471,0.76275
#338435,51,132,53,121.48148,0.61364,0.44262,0.51765,0.35882
#3ADC55,58,220,85,130.0,0.73636,0.69828,0.86275,0.5451
#F884E8,248,132,232,308.27586,0.46774,0.89231,0.97255,0.7451
#DB0C32,219,12,50,348.98551,0.94521,0.8961,0.85882,0.45294
#B97B11,185,123,17,37.85714,0.90811,0.83168,0.72549,0.39608
#FCB9F5,252,185,245,306.26866,0.26587,0.91781,0.98824,0.85686
#5417B8,84,23,184,262.73292,0.875,0.77778,0.72157,0.40588
#78EE44,120,238,68,101.64706,0.71429,0.83333,0.93333,0.6
#931E7C,147,30,124,311.79487,0.79592,0.66102,0.57647,0.34706
#6BEBE2,107,235,226,175.78125,0.54468,0.7619,0.92157,0.67059
#BE47A1,190,71,161,314.62185,0.62632,0.47791,0.7451,0.51176
#B08E52,176,142,82,38.29787,0.53409,0.37302,0.6902,0.50588
#CD2269,205,34,105,335.08772,0.83415,0.71548,0.80392,0.46863
#34AF06,52,175,6,103.66864,0.96571,0.9337,0.68627,0.3549
#820C65,130,12,101,314.74576,0.90769,0.83099,0.5098,0.27843
#C02158,192,33,88,339.24528,0.82812,0.70667,0.75294,0.44118
#4A4B5C,74,75,92,236.66667,0.19565,0.10843,0.36078,0.32549
#CB9212,203,146,18,41.51351,0.91133,0.8371,0.79608,0.43333
#28B506,40,181,6,108.34286,0.96685,0.93583,0.7098,0.36667
#CD89E1,205,137,225,286.36364,0.39111,0.59459,0.88235,0.7098
#83627A,131,98,122,316.36364,0.25191,0.1441,0.51373,0.44902
#A86824,168,104,36,30.90909,0.78571,0.64706,0.65882,0.4
#605D36,96,93,54,55.71429,0.4375,0.28,0.37647,0.29412
#A5B264,165,178,100,70.0,0.4382,0.33621,0.69804,0.5451
#48FF7F,72,255,127,138.03279,0.71765,1.0,1.0,0.64118
#3F7666,63,118,102,162.54545,0.4661,0.30387,0.46275,0.3549
#6FFA74,111,250,116,122.15827,0.556,0.93289,0.98039,0.70784
#2753C2,39,83,194,222.96774,0.79897,0.66524,0.76078,0.45686
#2BC34C,43,195,76,133.02632,0.77949,0.63866,0.76471,0.46667
#1945F1,25,69,241,227.77778,0.89627,0.88525,0.9451,0.52157
#541A69,84,26,105,284.05063,0.75238,0.60305,0.41176,0.25686
#2E07BE,46,7,190,252.78689,0.96316,0.92893,0.7451,0.38627
#DBFA76,219,250,118,74.09091,0.528,0.92958,0.98039,0.72157
#85050A,133,5,10,357.65625,0.96241,0.92754,0.52157,0.27059
#9B9E19,155,158,25,61.35338,0.84177,0.72678,0.61961,0.35882
#DD9786,221,151,134,11.72414,0.39367,0.56129,0.86667,0.69608
#99FCB6,153,252,182,137.57576,0.39286,0.94286,0.98824,0.79412
#BFBA44,191,186,68,57.56098,0.64398,0.49004,0.74902,0.50784
#68F7A4,104,247,164,145.17483,0.57895,0.89937,0.96863,0.68824
#0E2CA6,14,44,166,228.15789,0.91566,0.84444,0.65098,0.35294
#9AD2A9,154,210,169,136.07143,0.26667,0.38356,0.82353,0.71373
#B883AE,184,131,174,311.32075,0.28804,0.27179,0.72157,0.61765
#B999CB,185,153,203,278.4,0.24631,0.32468,0.79608,0.69804
#5CE45D,92,228,93,120.44118,0.59649,0.71579,0.89412,0.62745
#DFE0C8,223,224,200,62.5,0.10714,0.27907,0.87843,0.83137
#68A5E0,104,165,224,209.5,0.53571,0.65934,0.87843,0.64314
#521D34,82,29,52,333.96226,0.64634,0.47748,0.32157,0.21765
#843C2F,132,60,47,9.17647,0.64394,0.47486,0.51765,0.35098
#419480,65,148,128,165.54217,0.56081,0.38967,0.58039,0.41765
#0E70FA,14,112,250,215.08475,0.944,0.95935,0.98039,0.51765
#6F4E0C,111,78,12,40.0,0.89189,0.80488,0.43529,0.24118
#F37892,243,120,146,347.31707,0.50617,0.83673,0.95294,0.71176
#7CDFD8,124,223,216,175.75758,0.44395,0.60736,0.87451,0.68039
#F286F6,242,134,246,297.85714,0.45528,0.86154,0.96471,0.7451
#6D316D,109,49,109,300.0,0.55046,0.37975,0.42745,0.3098
#59B8A0,89,184,160,164.84211,0.5163,0.40084,0.72157,0.53529
#0778A4,7,120,164,196.81529,0.95732,0.91813,0.64314,0.33529
#410EC5,65,14,197,256.72131,0.92893,0.8673,0.77255,0.41373
#748217,116,130,23,67.85047,0.82308,0.69935,0.5098,0.3
#D8D385,216,211,133,56.38554,0.38426,0.51553,0.84706,0.68431
#2224C1,34,36,193,239.24528,0.82383,0.70044,0.75686,0.4451
#03B4EE,3,180,238,194.80851,0.98739,0.9751,0.93333,0.47255
#A7C6D4,167,198,212,198.66667,0.21226,0.34351,0.83137,0.74314
#D8ECE5,216,236,229,159.0,0.08475,0.34483,0.92549,0.88627
#8AB548,138,181,72,83.66972,0.60221,0.43083,0.7098,0.49608
#F8AA78,248,170,120,23.4375,0.51613,0.90141,0.97255,0.72157
#6330BF,99,48,191,261.3986,0.74869,0.59833,0.74902,0.46863
#999C3F,153,156,63,61.93548,0.59615,0.42466,0.61176,0.42941
#1B0529,27,5,41,276.66667,0.87805,0.78261,0.16078,0.0902
#14DF22,20,223,34,124.13793,0.91031,0.83539,0.87451,0.47647
#1F1692,31,22,146,244.35484,0.84932,0.7381,0.57255,0.32941
#307E77,48,126,119,174.61538,0.61905,0.44828,0.49412,0.34118
#957534,149,117,52,40.20619,0.65101,0.48259,0.58431,0.39412
#D459D2,212,89,210,300.97561,0.58019,0.58852,0.83137,0.5902
#8BC609,139,198,9,78.73016,0.95455,0.91304,0.77647,0.40588
#A03B31,160,59,49,5.40541,0.69375,0.5311,0.62745,0.4098
#F48C19,244,140,25,31.50685,0.89754,0.90871,0.95686,0.52745
#44892C,68,137,44,104.51613,0.67883,0.51381,0.53725,0.3549
#662F06,102,47,6,25.625,0.94118,0.88889,0.4,0.21176
#81695C,129,105,92,21.08108,0.28682,0.16742,0.50588,0.43333
#280864,40,8,100,260.86957,0.92,0.85185,0.39216,0.21176
#D0169C,208,22,156,316.77419,0.89423,0.8087,0.81569,0.45098
#C4D439,196,212,57,66.19355,0.73113,0.64315,0.83137,0.52745
#A6AE36,166,174,54,64.0,0.68966,0.52632,0.68235,0.44706
#4A84AD,74,132,173,204.84848,0.57225,0.40081,0.67843,0.48431
#DB8853,219,136,83,23.38235,0.621,0.65385,0.85882,0.59216
#DC3C19,220,60,25,10.76923,0.88636,0.79592,0.86275,0.48039
#DCA149,220,161,73,35.91837,0.66818,0.67742,0.86275,0.57451
#EAF9C0,234,249,192,75.78947,0.22892,0.82609,0.97647,0.86471
#2893B5,40,147,181,194.46809,0.77901,0.63801,0.7098,0.43333
#B09384,176,147,132,20.45455,0.25,0.21782,0.6902,0.60392
#FC00BD,252,0,189,315.0,1.0,1.0,0.98824,0.49412
#24E8E0,36,232,224,177.55102,0.84483,0.80992,0.9098,0.52549
#1E2181,30,33,129,238.18182,0.76744,0.62264,0.50588,0.31176
#B32020,179,32,32,0.0,0.82123,0.69668,0.70196,0.41373
#B030B5,176,48,181,297.74436,0.73481,0.58079,0.7098,0.44902
#9608B3,150,8,179,289.82456,0.95531,0.91444,0.70196,0.36667
#953D2E,149,61,46,8.73786,0.69128,0.52821,0.58431,0.38235
#71BC10,113,188,16,86.16279,0.91489,0.84314,0.73725,0.4
#37DE8B,55,222,139,150.17964,0.75225,0.71674,0.87059,0.54314
#D90677,217,6,119,327.8673,0.97235,0.94619,0.85098,0.43725
#5E8207,94,130,7,77.56098,0.94615,0.89781,0.5098,0.26863
#9092AE,144,146,174,236.0,0.17241,0.15625,0.68235,0.62353
#92C655,146,198,85,87.61062,0.57071,0.4978,0.77647,0.5549
#233424,35,52,36,123.52941,0.32692,0.1954,0.20392,0.17059
#C3CFC6,195,207,198,135.0,0.05797,0.11111,0.81176,0.78824
#E2E0CB,226,224,203,54.78261,0.10177,0.28395,0.88627,0.84118
#5B2997,91,41,151,267.27273,0.72848,0.57292,0.59216,0.37647
#0F858A,15,133,138,182.43902,0.8913,0.80392,0.54118,0.3
#6D774B,109,119,75,73.63636,0.36975,0.2268,0.46667,0.38039
#AE70C0,174,112,192,286.5,0.41667,0.38835,0.75294,0.59608
#98E8B1,152,232,177,138.75,0.34483,0.63492,0.9098,0.75294
#F51126,245,17,38,354.47368,0.93061,0.91935,0.96078,0.51373
#712122,113,33,34,359.25,0.70796,0.54795,0.44314,0.28627
#5080E1,80,128,225,220.13793,0.64444,0.70732,0.88235,0.59804
#DFC518,223,197,24,52.1608,0.89238,0.80567,0.87451,0.48431
#6FC80E,111,200,14,88.70968,0.93,0.86916,0.78431,0.41961
#872197,135,33,151,291.86441,0.78146,0.6413,0.59216,0.36078
#E0AB45,224,171,69,39.48387,0.69196,0.71429,0.87843,0.57451
#9AC3F7,154,195,247,213.54839,0.37652,0.85321,0.96863,0.78627
#C1DEE2,193,222,226,187.27273,0.14602,0.36264,0.88627,0.82157
#6A6E4C,106,110,76,67.05882,0.30909,0.1828,0.43137,0.36471
#A8266E,168,38,110,326.76923,0.77381,0.63107,0.65882,0.40392
#1F04FC,31,4,252,246.53226,0.98413,0.97638,0.98824,0.50196
#80803D,128,128,61,60.0,0.52344,0.3545,0.50196,0.37059
#BC7E4E,188,126,78,26.18182,0.58511,0.45082,0.73725,0.52157
#4C0C1A,76,12,26,346.875,0.84211,0.72727,0.29804,0.17255
#0425AA,4,37,170,228.07229,0.97647,0.95402,0.66667,0.34118
#17ACAD,23,172,173,180.4,0.86705,0.76531,0.67843,0.38431
#80BC39,128,188,57,87.48092,0.69681,0.53469,0.73725,0.48039
#DBC332,219,195,50,51.47929,0.77169,0.70124,0.85882,0.52745
#F47EC1,244,126,193,325.9322,0.48361,0.84286,0.95686,0.72549
#7690B1,118,144,177,213.55932,0.33333,0.27442,0.69412,0.57843
#5DC9B1,93,201,177,166.66667,0.53731,0.5,0.78824,0.57647
#8EBDFB,142,189,251,214.12844,0.43426,0.93162,0.98431,0.77059
#D0525D,208,82,93,354.7619,0.60577,0.57273,0.81569,0.56863
#220F79,34,15,121,250.75472,0.87603,0.77941,0.47451,0.26667
#301CFD,48,28,253,245.33333,0.88933,0.98253,0.99216,0.55098
#2ACFAA,42,207,170,166.54545,0.7971,0.66265,0.81176,0.48824
#868CA7,134,140,167,229.09091,0.1976,0.15789,0.6549,0.5902
#FC6271,252,98,113,354.15584,0.61111,0.9625,0.98824,0.68627
#6641A3,102,65,163,262.65306,0.60123,0.42982,0.63922,0.44706
#0B8499,11,132,153,188.87324,0.9281,0.86585,0.6,0.32157
#5CDE0B,92,222,11,96.96682,0.95045,0.90558,0.87059,0.45686
#762159,118,33,89,320.47059,0.72034,0.56291,0.46275,0.29608
#38BBF7,56,187,247,198.84817,0.77328,0.92271,0.96863,0.59412
#98281D,152,40,29,5.36585,0.80921,0.67956,0.59608,0.3549
#A44A8E,164,74,142,314.66667,0.54878,0.37815,0.64314,0.46667
#952799,149,39,153,297.89474,0.7451,0.59375,0.6,0.37647
#4531D7,69,49,215,247.22892,0.77209,0.6748,0.84314,0.51765
#FB7396,251,115,150,344.55882,0.54183,0.94444,0.98431,0.71765
#A03A31,160,58,49,4.86486,0.69375,0.5311,0.62745,0.4098
#3D19F8,61,25,248,249.6861,0.89919,0.94093,0.97255,0.53529
#4D9D7C,77,157,124,155.25,0.50955,0.34188,0.61569,0.45882
#04D186,4,209,134,158.04878,0.98086,0.96244,0.81961,0.41765
#F360D5,243,96,213,312.2449,0.60494,0.85965,0.95294,0.66471
#2DB79B,45,183,155,167.82609,0.7541,0.60526,0.71765,0.44706
#77EE0B,119,238,11,91.45374,0.95378,0.91165,0.93333,0.48824
#3DDD9B,61,221,155,155.25,0.72398,0.70175,0.86667,0.55294
#6847AB,104,71,171,259.8,0.5848,0.41322,0.67059,0.47451
#EFE5A0,239,229,160,52.40506,0.33054,0.71171,0.93725,0.78235
#476601,71,102,1,78.41584,0.9902,0.98058,0.4,0.20196
#7546BE,117,70,190,263.5,0.63158,0.48,0.7451,0.5098
#AD6F2B,173,111,43,31.38462,0.75145,0.60185,0.67843,0.42353
#2046BB,32,70,187,225.29032,0.82888,0.70776,0.73333,0.42941
#38EE2B,56,238,43,116.0,0.81933,0.85153,0.93333,0.55098
#E648E9,230,72,233,298.88199,0.69099,0.78537,0.91373,0.59804
#23A259,35,162,89,145.51181,0.78395,0.64467,0.63529,0.38627
#AFAFFD,175,175,253,240.0,0.3083,0.95122,0.99216,0.83922
#1E3137,30,49,55,194.4,0.45455,0.29412,0.21569,0.16667
#FD55A2,253,85,162,332.5,0.66403,0.97674,0.99216,0.66275
#45BCAE,69,188,174,172.94118,0.63298,0.47036,0.73725,0.50392
#ABFD7A,171,253,122,97.55725,0.51779,0.97037,0.99216,0.73529
#7DC960,125,201,96,103.42857,0.52239,0.49296,0.78824,0.58235
#DF949E,223,148,158,352.0,0.33632,0.53957,0.87451,0.72745
#5024EB,80,36,235,253.26633,0.84681,0.83264,0.92157,0.53137
#F99B9F,249,155,159,357.44681,0.37751,0.88679,0.97647,0.79216
#9C2D84,156,45,132,312.97297,0.71154,0.55224,0.61176,0.39412
#C54404,197,68,4,19.89637,0.9797,0.9602,0.77255,0.39412
#F4C441,244,196,65,43.91061,0.73361,0.89055,0.95686,0.60588
#CD39A7,205,57,167,315.40541,0.72195,0.59677,0.80392,0.51373
#EDFCC3,237,252,195,75.78947,0.22619,0.90476,0.98824,0.87647
#A19A0F,161,154,15,57.12329,0.90683,0.82955,0.63137,0.3451
#D46FCA,212,111,202,305.94059,0.47642,0.54011,0.83137,0.63333
#5CB1E8,92,177,232,203.57143,0.60345,0.75269,0.9098,0.63529
#9593E6,149,147,230,241.44578,0.36087,0.62406,0.90196,0.73922
#A24A91,162,74,145,311.59091,0.54321,0.37288,0.63529,0.46275
#D01FE6,208,31,230,293.36683,0.86522,0.7992,0.90196,0.51176
#C3506E,195,80,110,344.34783,0.58974,0.48936,0.76471,0.53922
#D5606E,213,96,110,352.82051,0.5493,0.58209,0.83529,0.60588
#A4F59A,164,245,154,113.40659,0.37143,0.81982,0.96078,0.78235
#A96CDA,169,108,218,273.27273,0.50459,0.59783,0.8549,0.63922
#7A761F,122,118,31,57.36264,0.7459,0.59477,0.47843,0.3
#7AB881,122,184,129,126.77419,0.33696,0.30392,0.72157,0.6
#9CD9D1,156,217,209,172.13115,0.28111,0.44526,0.85098,0.73137
#2D6B91,45,107,145,202.8,0.68966,0.52632,0.56863,0.37255
#72A21B,114,162,27,81.33333,0.83333,0.71429,0.63529,0.37059
#41548D,65,84,141,225.0,0.53901,0.36893,0.55294,0.40392
#145D04,20,93,4,109.21348,0.95699,0.91753,0.36471,0.1902
#C01E21,192,30,33,358.88889,0.84375,0.72973,0.75294,0.43529
#5D5DFF,93,93,255,240.0,0.63529,1.0,1.0,0.68235
#F17A27,241,122,39,24.65347,0.83817,0.87826,0.9451,0.54902
#2B48DA,43,72,218,230.05714,0.80275,0.70281,0.8549,0.51176
#D0957D,208,149,125,17.3494,0.39904,0.46893,0.81569,0.65294
#FD7916,253,121,22,25.71429,0.91304,0.98298,0.99216,0.53922
#5F3A80,95,58,128,271.71429,0.54688,0.37634,0.50196,0.36471
#9BC9BE,155,201,190,165.65217,0.22886,0.2987,0.78824,0.69804
#F5714B,245,113,75,13.41176,0.69388,0.89474,0.96078,0.62745
#1EAAC0,30,170,192,188.14815,0.84375,0.72973,0.75294,0.43529
#E910EA,233,16,234,299.72477,0.93162,0.872,0.91765,0.4902
#8AA8CA,138,168,202,211.875,0.31683,0.37647,0.79216,0.66667
#5D54A6,93,84,166,246.58537,0.49398,0.328,0.65098,0.4902
#DE894E,222,137,78,24.58333,0.64865,0.68571,0.87059,0.58824
#A6C863,166,200,99,80.19802,0.505,0.47867,0.78431,0.58627
#574BA2,87,75,162,248.27586,0.53704,0.36709,0.63529,0.46471
#975DF1,151,93,241,263.51351,0.61411,0.84091,0.9451,0.6549
#B3F091,179,240,145,98.52632,0.39583,0.76,0.94118,0.7549
#954840,149,72,64,5.64706,0.57047,0.39906,0.58431,0.41765
#99EAE5,153,234,229,176.2963,0.34615,0.65854,0.91765,0.75882
#BFE431,191,228,49,72.40223,0.78509,0.76824,0.89412,0.54314
#96A9F9,150,169,249,228.48485,0.39759,0.89189,0.97647,0.78235
#7EAA74,126,170,116,108.88889,0.31765,0.24107,0.66667,0.56078
#F88E6D,248,142,109,14.2446,0.56048,0.9085,0.97255,0.7
#633E58,99,62,88,317.83784,0.37374,0.22981,0.38824,0.31569
#9686DB,150,134,219,251.29412,0.38813,0.5414,0.85882,0.69216
#8B1E6B,139,30,107,317.61468,0.78417,0.64497,0.5451,0.33137
#AC92FF,172,146,255,254.31193,0.42745,1.0,1.0,0.78627
#FB7C24,251,124,36,24.55814,0.85657,0.96413,0.98431,0.56275
#8F7811,143,120,17,49.04762,0.88112,0.7875,0.56078,0.31373
#B22303,178,35,3,10.97143,0.98315,0.96685,0.69804,0.3549
#D9710D,217,113,13,29.41176,0.94009,0.88696,0.85098,0.45098
#932361,147,35,97,326.78571,0.7619,0.61538,0.57647,0.35686
#1BE13C,27,225,60,130.0,0.88,0.78571,0.88235,0.49412
#D0178A,208,23,138,322.7027,0.88942,0.80087,0.81569,0.45294
#228E78,34,142,120,167.77778,0.76056,0.61364,0.55686,0.3451
#CE8802,206,136,2,39.41176,0.99029,0.98077,0.80784,0.40784
#C34FA3,195,79,163,316.55172,0.59487,0.49153,0.76471,0.53725
#6A9D2D,106,157,45,87.32143,0.71338,0.55446,0.61569,0.39608
#647D72,100,125,114,153.6,0.2,0.11111,0.4902,0.44118
#EF91FB,239,145,251,293.20755,0.42231,0.92982,0.98431,0.77647
#F45A09,244,90,9,20.68085,0.96311,0.92885,0.95686,0.49608
#AB9EC2,171,158,194,261.66667,0.18557,0.22785,0.76078,0.6902
#B2EAE5,178,234,229,174.64286,0.23932,0.57143,0.91765,0.80784
#031F3E,3,31,62,211.52542,0.95161,0.90769,0.24314,0.12745
#8F81C7,143,129,199,252.0,0.35176,0.38462,0.78039,0.64314
#B6E263,182,226,99,80.7874,0.56195,0.68649,0.88627,0.63725
#B193FC,177,147,252,257.14286,0.41667,0.94595,0.98824,0.78235
#35BFA0,53,191,160,166.52174,0.72251,0.56557,0.74902,0.47843
#1B62CA,27,98,202,215.65714,0.86634,0.76419,0.79216,0.44902
#CD5811,205,88,17,22.65957,0.91707,0.84685,0.80392,0.43529
#F60F1E,246,15,30,356.1039,0.93902,0.92771,0.96471,0.51176
#0DFFF4,13,255,244,177.27273,0.94902,1.0,1.0,0.52549
#98AEBA,152,174,186,201.17647,0.1828,0.19767,0.72941,0.66275
#7AB331,122,179,49,86.30769,0.72626,0.57018,0.70196,0.44706
#C76AD8,199,106,216,290.72727,0.50926,0.58511,0.84706,0.63137
#617881,97,120,129,196.875,0.24806,0.14159,0.50588,0.44314
#C77FC0,199,127,192,305.83333,0.36181,0.3913,0.78039,0.63922
#E24660,226,70,96,350.0,0.69027,0.72897,0.88627,0.58039
#B38E39,179,142,57,41.80328,0.68156,0.51695,0.70196,0.46275
#58528B,88,82,139,246.31579,0.41007,0.25792,0.5451,0.43333
#297E24,41,126,36,116.66667,0.71429,0.55556,0.49412,0.31765
#982CCF,152,44,207,279.7546,0.78744,0.6494,0.81176,0.49216
#7977E9,121,119,233,241.05263,0.48927,0.72152,0.91373,0.6902
#617A37,97,122,55,82.38806,0.54918,0.37853,0.47843,0.34706
#51E106,81,225,6,99.45205,0.97333,0.94805,0.88235,0.45294
#BB0FD3,187,15,211,292.65306,0.92891,0.86726,0.82745,0.44314
#BE7EA5,190,126,165,323.4375,0.33684,0.3299,0.7451,0.61961
#2B96F7,43,150,247,208.52941,0.82591,0.92727,0.96863,0.56863
#7AAA99,122,170,153,158.75,0.28235,0.22018,0.66667,0.57255
#CFCB01,207,203,1,58.83495,0.99517,0.99038,0.81176,0.40784
#F0AA67,240,170,103,29.34307,0.57083,0.82036,0.94118,0.67255
#0C4E8F,12,78,143,209.77099,0.91608,0.84516,0.56078,0.30392
#F9D0FC,249,208,252,295.90909,0.1746,0.88,0.98824,0.90196
#7DA51D,125,165,29,77.64706,0.82424,0.70103,0.64706,0.38039
#CEAE12,206,174,18,49.78723,0.91262,0.83929,0.80784,0.43922
#8638E1,134,56,225,267.69231,0.75111,0.73799,0.88235,0.55098
#B64641,182,70,65,2.5641,0.64286,0.47368,0.71373,0.48431
#C42EF8,196,46,248,284.55446,0.81452,0.93519,0.97255,0.57647
#4782EF,71,130,239,218.92857,0.70293,0.84,0.93725,0.60784
#26134E,38,19,78,259.32203,0.75641,0.60825,0.30588,0.1902
#54AFF2,84,175,242,205.44304,0.65289,0.8587,0.94902,0.63922
#1050AC,16,80,172,215.38462,0.90698,0.82979,0.67451,0.36863
#8511B5,133,17,181,282.43902,0.90608,0.82828,0.7098,0.38824
#F073CD,240,115,205,316.8,0.52083,0.80645,0.94118,0.69608
#C2D61E,194,214,30,66.52174,0.85981,0.7541,0.83922,0.47843
#E9B7ED,233,183,237,295.55556,0.22785,0.6,0.92941,0.82353
#BF0515,191,5,21,354.83871,0.97382,0.94898,0.74902,0.38431
#6F62A5,111,98,165,251.64179,0.40606,0.27126,0.64706,0.51569
#943B52,148,59,82,344.49438,0.60135,0.42995,0.58039,0.40588
#839778,131,151,120,98.70968,0.2053,0.12971,0.59216,0.53137
#027C36,2,124,54,145.57377,0.98387,0.96825,0.48627,0.24706
#D2629C,210,98,156,328.92857,0.53333,0.55446,0.82353,0.60392
#E69EE6,230,158,230,300.0,0.31304,0.59016,0.90196,0.76078
#88E085,136,224,133,118.02198,0.40625,0.59477,0.87843,0.7
#832FE7,131,47,231,267.3913,0.79654,0.7931,0.90588,0.5451
#93339E,147,51,158,293.83178,0.67722,0.51196,0.61961,0.4098
#603FDB,96,63,219,252.69231,0.71233,0.68421,0.85882,0.55294
#00645D,0,100,93,175.8,1.0,1.0,0.39216,0.19608
#737F33,115,127,51,69.47368,0.59843,0.42697,0.49804,0.34902
#389DD7,56,157,215,201.88679,0.73953,0.66527,0.84314,0.53137
#17562F,23,86,47,142.85714,0.73256,0.57798,0.33725,0.21373
#5F08A0,95,8,160,274.34211,0.95,0.90476,0.62745,0.32941
#789238,120,146,56,77.33333,0.61644,0.44554,0.57255,0.39608
#166DE8,22,109,232,215.14286,0.90517,0.82677,0.9098,0.49804
#C12A4E,193,42,78,345.69536,0.78238,0.64255,0.75686,0.46078
#A98681,169,134,129,7.5,0.23669,0.18868,0.66275,0.58431
#167C2F,22,124,47,134.70588,0.82258,0.69863,0.48627,0.28627
#37C12D,55,193,45,115.94595,0.76684,0.62185,0.75686,0.46667
#2E9CB5,46,156,181,191.11111,0.74586,0.59471,0.7098,0.4451
#057991,5,121,145,190.28571,0.96552,0.93333,0.56863,0.29412
#30F2A3,48,242,163,155.56701,0.80165,0.88182,0.94902,0.56863
#E68DAE,230,141,174,337.75281,0.38696,0.64029,0.90196,0.72745
#EED16E,238,209,110,46.40625,0.53782,0.79012,0.93333,0.68235
#64C61A,100,198,26,94.18605,0.86869,0.76786,0.77647,0.43922
#E68E06,230,142,6,36.42857,0.97391,0.94915,0.90196,0.46275
#FD6BA7,253,107,167,335.34247,0.57708,0.97333,0.99216,0.70588
#9B77B2,155,119,178,276.61017,0.33146,0.277,0.69804,0.58235
#0281CB,2,129,203,202.08955,0.99015,0.98049,0.79608,0.40196
#56AA94,86,170,148,164.28571,0.49412,0.33071,0.66667,0.50196
#D04EEB,208,78,235,289.68153,0.66809,0.79695,0.92157,0.61373
#D2E4E3,210,228,227,176.66667,0.07895,0.25,0.89412,0.85882
#4F0DC7,79,13,199,261.29032,0.93467,0.87736,0.78039,0.41569
#8CAB6D,140,171,109,90.0,0.36257,0.26957,0.67059,0.54902
#9FED82,159,237,130,103.73832,0.45148,0.74825,0.92941,0.71961
#886A41,136,106,65,34.64789,0.52206,0.35323,0.53333,0.39412
#42E3B8,66,227,184,163.97516,0.70925,0.74194,0.8902,0.57451
#A3E5E0,163,229,224,175.45455,0.28821,0.55932,0.89804,0.76863
#3F6805,63,104,5,84.84848,0.95192,0.90826,0.40784,0.21373
#A89E0C,168,158,12,56.15385,0.92857,0.86667,0.65882,0.35294
#FCCD61,252,205,97,41.80645,0.61508,0.96273,0.98824,0.68431
#634AE7,99,74,231,249.55414,0.67965,0.76585,0.90588,0.59804
#DB36D0,219,54,208,304.0,0.75342,0.6962,0.85882,0.53529
#CE8F7D,206,143,125,13.33333,0.3932,0.45251,0.80784,0.64902
#3621F1,54,33,241,246.05769,0.86307,0.88136,0.9451,0.53725
#ECC309,236,195,9,49.163,0.96186,0.92653,0.92549,0.48039
#62EB21,98,235,33,100.69307,0.85957,0.83471,0.92157,0.52549
#676B02,103,107,2,62.28571,0.98131,0.9633,0.41961,0.21373
#88E51F,136,229,31,88.18182,0.86463,0.792,0.89804,0.5098
#D51833,213,24,51,351.42857,0.88732,0.79747,0.83529,0.46471
#64764E,100,118,78,87.0,0.33898,0.20408,0.46275,0.38431
#FB991B,251,153,27,33.75,0.89243,0.96552,0.98431,0.5451
#DE7EEA,222,126,234,293.33333,0.46154,0.72,0.91765,0.70588
#114551,17,69,81,191.25,0.79012,0.65306,0.31765,0.19216
#3616F8,54,22,248,248.49558,0.91129,0.94167,0.97255,0.52941
#19F35B,25,243,91,138.16514,0.89712,0.90083,0.95294,0.52549
#A2E305,162,227,5,77.56757,0.97797,0.9569,0.8902,0.4549
#CB08F1,203,8,241,290.21459,0.9668,0.93574,0.9451,0.48824
#2447B3,36,71,179,225.31469,0.79888,0.66512,0.70196,0.42157
#A6A1E3,166,161,227,244.54545,0.29075,0.54098,0.8902,0.76078
#5F3613,95,54,19,27.63158,0.8,0.66667,0.37255,0.22353
#8C3F92,140,63,146,295.66265,0.56849,0.39713,0.57255,0.4098
#80BA7F,128,186,127,118.98305,0.3172,0.29949,0.72941,0.61373
#BCE4B5,188,228,181,111.06383,0.20614,0.46535,0.89412,0.80196
#D7162E,215,22,46,352.53886,0.89767,0.81435,0.84314,0.46471
#B28A32,178,138,50,41.25,0.7191,0.5614,0.69804,0.44706
#0845F8,8,69,248,224.75,0.96774,0.94488,0.97255,0.50196
#1F115E,31,17,94,250.90909,0.81915,0.69369,0.36863,0.21765
#8A1F4A,138,31,74,335.88785,0.77536,0.63314,0.54118,0.33137
#B72D05,183,45,5,13.48315,0.97268,0.94681,0.71765,0.36863
#12981F,18,152,31,125.8209,0.88158,0.78824,0.59608,0.33333
#9FBBC0,159,187,192,189.09091,0.17187,0.20755,0.75294,0.68824
#30DFD9,48,223,217,177.94286,0.78475,0.73222,0.87451,0.53137
#B82371,184,35,113,328.5906,0.80978,0.68037,0.72157,0.42941
#651139,101,17,57,331.42857,0.83168,0.71186,0.39608,0.23137
#E1F9E8,225,249,232,137.5,0.09639,0.66667,0.97647,0.92941
#4982AB,73,130,171,205.10204,0.5731,0.40164,0.67059,0.47843
#C660F6,198,96,246,280.8,0.60976,0.89286,0.96471,0.67059
#96996E,150,153,110,64.18605,0.28105,0.17409,0.6,0.51569
#6F3F81,111,63,129,283.63636,0.51163,0.34375,0.50588,0.37647
#6984E3,105,132,227,226.72131,0.53744,0.68539,0.8902,0.65098
#AA3E37,170,62,55,3.65217,0.67647,0.51111,0.66667,0.44118
#E13B51,225,59,81,352.04819,0.73778,0.73451,0.88235,0.55686
#4A0D18,74,13,24,349.18033,0.82432,0.70115,0.2902,0.17059
#113C8A,17,60,138,218.67769,0.87681,0.78065,0.54118,0.30392
#2274BB,34,116,187,207.84314,0.81818,0.69231,0.73333,0.43333
#9CDBF8,156,219,248,198.91304,0.37097,0.86792,0.97255,0.79216
#B1F08A,177,240,138,97.05882,0.425,0.77273,0.94118,0.74118
#3A5905,58,89,5,82.14286,0.94382,0.89362,0.34902,0.18431
#6A7D81,106,125,129,190.43478,0.17829,0.09787,0.50588,0.46078
#25D68C,37,214,140,154.91525,0.8271,0.70518,0.83922,0.49216
#A855FA,168,85,250,270.18182,0.66,0.94286,0.98039,0.65686
#E47F09,228,127,9,32.32877,0.96053,0.92405,0.89412,0.46471
#27BF84,39,191,132,156.71053,0.79581,0.66087,0.74902,0.45098
#172515,23,37,21,112.5,0.43243,0.27586,0.1451,0.11373
#D8447A,216,68,122,338.10811,0.68519,0.65487,0.84706,0.55686
#10DA80,16,218,128,153.26733,0.92661,0.86325,0.8549,0.45882
#2BECCF,43,236,207,170.98446,0.8178,0.8355,0.92549,0.54706
#683110,104,49,16,22.5,0.84615,0.73333,0.40784,0.23529
#8CDF4F,140,223,79,94.58333,0.64574,0.69231,0.87451,0.59216
#FD888C,253,136,140,357.94872,0.46245,0.96694,0.99216,0.76275
#34438E,52,67,142,230.0,0.6338,0.46392,0.55686,0.38039
#2E79B4,46,121,180,206.41791,0.74444,0.59292,0.70588,0.44314
#6F45A3,111,69,163,266.80851,0.57669,0.40517,0.63922,0.4549
#306765,48,103,101,177.81818,0.53398,0.36424,0.40392,0.29608
#6EACC7,110,172,199,198.20225,0.44724,0.44279,0.78039,0.60588
#AC360B,172,54,11,16.02484,0.93605,0.87978,0.67451,0.35882
#F0A0CD,240,160,205,326.25,0.33333,0.72727,0.94118,0.78431
#2E386A,46,56,106,230.0,0.56604,0.39474,0.41569,0.29804
#37BE97,55,190,151,162.66667,0.71053,0.55102,0.7451,0.48039
#6FC718,111,199,24,90.17143,0.8794,0.78475,0.78039,0.43725
#CBA711,203,167,17,48.3871,0.91626,0.84545,0.79608,0.43137
#82B9E0,130,185,224,204.89362,0.41964,0.60256,0.87843,0.69412
#B700FC,183,0,252,283.57143,1.0,1.0,0.98824,0.49412
#048B77,4,139,119,171.11111,0.97122,0.94406,0.5451,0.28039
#E4098A,228,9,138,324.65753,0.96053,0.92405,0.89412,0.46471
#60F722,96,247,34,102.53521,0.86235,0.93013,0.96863,0.55098
#F2D3B7,242,211,183,28.47458,0.2438,0.69412,0.94902,0.83333
#E5B036,229,176,54,41.82857,0.76419,0.77093,0.89804,0.5549
#D0EBB5,208,235,181,90.0,0.22979,0.57447,0.92157,0.81569
#948EB8,148,142,184,248.57143,0.22826,0.22826,0.72157,0.63922
#64B51C,100,181,28,91.76471,0.8453,0.73206,0.7098,0.4098
#2A0F10,42,15,16,357.77778,0.64286,0.47368,0.16471,0.11176
#67C377,103,195,119,130.43478,0.47179,0.43396,0.76471,0.58431
#90FADB,144,250,219,162.45283,0.424,0.91379,0.98039,0.77255
#675980,103,89,128,261.53846,0.30469,0.17972,0.50196,0.42549
#2E9614,46,150,20,108.0,0.86667,0.76471,0.58824,0.33333
#5ED842,94,216,66,108.8,0.69444,0.65789,0.84706,0.55294
#9D22C6,157,34,198,285.0,0.82828,0.7069,0.77647,0.4549
#AF0146,175,1,70,336.2069,0.99429,0.98864,0.68627,0.3451
#391663,57,22,99,267.27273,0.77778,0.63636,0.38824,0.23725
#281E86,40,30,134,245.76923,0.77612,0.63415,0.52549,0.32157
#A85A3D,168,90,61,16.26168,0.6369,0.46725,0.65882,0.44902
#725DFD,114,93,253,247.875,0.63241,0.97561,0.99216,0.67843
#008073,0,128,115,173.90625,1.0,1.0,0.50196,0.25098
#2FF8B1,47,248,177,158.80597,0.81048,0.93488,0.97255,0.57843
#E5A5AE,229,165,174,351.5625,0.27948,0.55172,0.89804,0.77255
#89D585,137,213,133,117.0,0.37559,0.4878,0.83529,0.67843
#728214,114,130,20,68.72727,0.84615,0.73333,0.5098,0.29412
#AF5D89,175,93,137,327.80488,0.46857,0.33884,0.68627,0.52549
#4CA0D9,76,160,217,204.25532,0.64977,0.64977,0.85098,0.57451
#C17E4A,193,126,74,26.21849,0.61658,0.48971,0.75686,0.52353
#38DA29,56,218,41,114.91525,0.81193,0.70518,0.8549,0.50784
#3DBA52,61,186,82,130.08,0.67204,0.50607,0.72941,0.48431
#6B9734,107,151,52,86.66667,0.65563,0.48768,0.59216,0.39804
#5756C3,87,86,195,240.55046,0.55897,0.47598,0.76471,0.55098
#CD551F,205,85,31,18.62069,0.84878,0.73729,0.80392,0.46275
#F2D447,242,212,71,49.47368,0.70661,0.86802,0.94902,0.61373
#55492C,85,73,44,42.43902,0.48235,0.31783,0.33333,0.25294
#292091,41,32,145,244.77876,0.77931,0.63842,0.56863,0.34706
#184191,24,65,145,219.66942,0.83448,0.71598,0.56863,0.33137
#1FAC07,31,172,7,111.27273,0.9593,0.92179,0.67451,0.35098
#9A4125,154,65,37,14.35897,0.75974,0.61257,0.60392,0.37451
#148EFC,20,142,252,208.44828,0.92063,0.97479,0.98824,0.53333
#7D7F26,125,127,38,61.34831,0.70079,0.53939,0.49804,0.32353
#0BE6B9,11,230,185,167.67123,0.95217,0.90871,0.90196,0.47255
#BEE64F,190,230,79,75.89404,0.65652,0.75124,0.90196,0.60588
#2828C6,40,40,198,240.0,0.79798,0.66387,0.77647,0.46667
#F149C7,241,73,199,315.0,0.6971,0.85714,0.9451,0.61569
#F3C443,243,196,67,43.97727,0.72428,0.88,0.95294,0.60784
#C1BBA8,193,187,168,45.6,0.12953,0.16779,0.75686,0.70784
#DEBB80,222,187,128,37.65957,0.42342,0.5875,0.87059,0.68627
#837F2A,131,127,42,57.30337,0.67939,0.51445,0.51373,0.33922
#8FFE79,143,254,121,110.07519,0.52362,0.98519,0.99608,0.73529
#D68B54,214,139,84,25.38462,0.60748,0.61321,0.83922,0.58431
#D81403,216,20,3,4.78873,0.98611,0.9726,0.84706,0.42941
#AFDDF8,175,221,248,202.19178,0.29435,0.83908,0.97255,0.82941
#24A65B,36,166,91,145.38462,0.78313,0.64356,0.65098,0.39608
#013E5C,1,62,92,199.78022,0.98913,0.97849,0.36078,0.18235
#9B66B3,155,102,179,281.2987,0.43017,0.33624,0.70196,0.55098
#CBFEEF,203,254,239,162.35294,0.20079,0.96226,0.99608,0.89608
#4260A8,66,96,168,222.35294,0.60714,0.4359,0.65882,0.45882
#43A762,67,167,98,138.6,0.5988,0.42735,0.6549,0.45882
#7F8E95,127,142,149,199.09091,0.14765,0.09402,0.58431,0.54118
#0B38CB,11,56,203,225.9375,0.94581,0.8972,0.79608,0.41961
#BCD4AD,188,212,173,96.92308,0.18396,0.312,0.83137,0.7549
#176718,23,103,24,120.75,0.7767,0.63492,0.40392,0.24706
#2E74A4,46,116,164,204.40678,0.71951,0.5619,0.64314,0.41176
#566143,86,97,67,82.0,0.30928,0.18293,0.38039,0.32157
#9CCBD0,156,203,208,185.76923,0.25,0.35616,0.81569,0.71373
#3EA139,62,161,57,117.11538,0.64596,0.47706,0.63137,0.42745
#7BA3DF,123,163,223,216.0,0.44843,0.60976,0.87451,0.67843
#484070,72,64,112,250.0,0.42857,0.27273,0.43922,0.3451
#4F580B,79,88,11,67.01299,0.875,0.77778,0.3451,0.19412
#BFF886,191,248,134,90.0,0.45968,0.89062,0.97255,0.74902
#A76E76,167,110,118,351.57895,0.34132,0.24464,0.6549,0.54314
#2B9F18,43,159,24,111.55556,0.84906,0.7377,0.62353,0.35882
#86EC72,134,236,114,110.16393,0.51695,0.7625,0.92549,0.68627
#0B80E9,11,128,233,208.37838,0.95279,0.90984,0.91373,0.47843
#6632E3,102,50,227,257.62712,0.77974,0.75966,0.8902,0.54314
#75F39D,117,243,157,139.04762,0.51852,0.84,0.95294,0.70588
#296B7B,41,107,123,191.70732,0.66667,0.5,0.48235,0.32157
#1B2456,27,36,86,230.84746,0.68605,0.52212,0.33725,0.22157
#D9E9D3,217,233,211,103.63636,0.09442,0.33333,0.91373,0.87059
#0AEB96,10,235,150,157.33333,0.95745,0.91837,0.92157,0.48039
#FDDB83,253,219,131,43.27869,0.48221,0.96825,0.99216,0.75294
#627ECB,98,126,203,224.0,0.51724,0.50239,0.79608,0.5902
#685552,104,85,82,8.18182,0.21154,0.11828,0.40784,0.36471
#AAF844,170,248,68,86.0,0.72581,0.92784,0.97255,0.61961
#A6062B,166,6,43,346.125,0.96386,0.93023,0.65098,0.33725
#7749D0,119,73,208,260.44444,0.64904,0.58952,0.81569,0.55098
#552556,85,37,86,298.77551,0.56977,0.39837,0.33725,0.24118
#2A7132,42,113,50,126.76056,0.62832,0.45806,0.44314,0.30392
#2D8032,45,128,50,123.61446,0.64844,0.47977,0.50196,0.33922
#1564B1,21,100,177,209.61538,0.88136,0.78788,0.69412,0.38824
#A336AC,163,54,172,295.42373,0.68605,0.52212,0.67451,0.44314
#157CA9,21,124,169,198.24324,0.87574,0.77895,0.66275,0.37255
#782138,120,33,56,344.13793,0.725,0.56863,0.47059,0.3
#440CCD,68,12,205,257.40933,0.94146,0.8894,0.80392,0.42549
#259E9B,37,158,155,178.5124,0.76582,0.62051,0.61961,0.38235
#783C5C,120,60,92,328.0,0.5,0.33333,0.47059,0.35294
#042880,4,40,128,222.58065,0.96875,0.93939,0.50196,0.25882
#E496AC,228,150,172,343.07692,0.34211,0.59091,0.89412,0.74118
#0C1486,12,20,134,236.06557,0.91045,0.83562,0.52549,0.28627
#52B84A,82,184,74,115.63636,0.59783,0.43651,0.72157,0.50588
#FF3FAE,255,63,174,325.3125,0.75294,1.0,1.0,0.62353
#051A2F,5,26,47,210.0,0.89362,0.80769,0.18431,0.10196
#FB3225,251,50,37,3.64486,0.85259,0.96396,0.98431,0.56471
#29B51D,41,181,29,115.26316,0.83978,0.72381,0.7098,0.41176
#3BE31F,59,227,31,111.42857,0.86344,0.77778,0.8902,0.50588
#242554,36,37,84,238.75,0.57143,0.4,0.32941,0.23529
#6832CE,104,50,206,260.76923,0.75728,0.61417,0.80784,0.50196
#236D0C,35,109,12,105.7732,0.88991,0.80165,0.42745,0.23725
#6F56A9,111,86,169,258.07229,0.49112,0.32549,0.66275,0.5
#88A492,136,164,146,141.42857,0.17073,0.13333,0.64314,0.58824
#6B5936,107,89,54,39.62264,0.49533,0.32919,0.41961,0.31569
#A4B4E5,164,180,229,225.23077,0.28384,0.55556,0.89804,0.77059
#CC5F8F,204,95,143,333.57798,0.53431,0.51659,0.8,0.58627
#BE0964,190,9,100,329.83425,0.95263,0.90955,0.7451,0.3902
#8895DE,136,149,222,230.93023,0.38739,0.56579,0.87059,0.70196
#BD32FC,189,50,252,281.28713,0.80159,0.97115,0.98824,0.59216
#679713,103,151,19,81.81818,0.87417,0.77647,0.59216,0.33333
#D856EE,216,86,238,291.31579,0.63866,0.8172,0.93333,0.63529
#9BC8D2,155,200,210,190.90909,0.2619,0.37931,0.82353,0.71569
#237353,35,115,83,156.0,0.69565,0.53333,0.45098,0.29412
#6ECB48,110,203,72,102.59542,0.64532,0.55745,0.79608,0.53922
#58444E,88,68,78,330.0,0.22727,0.12821,0.3451,0.30588
#CDFF30,205,255,48,74.49275,0.81176,1.0,1.0,0.59412
#FB6C02,251,108,2,25.54217,0.99203,0.98419,0.98431,0.49608
#5EBCB4,94,188,180,174.89362,0.5,0.41228,0.73725,0.55294
#745553,116,85,83,3.63636,0.28448,0.16583,0.4549,0.3902
#563EF1,86,62,241,248.04469,0.74274,0.86473,0.9451,0.59412
#C54609,197,70,9,19.46809,0.95431,0.91262,0.77255,0.40392
#55E338,85,227,56,109.82456,0.7533,0.7533,0.8902,0.5549
#F0E643,240,230,67,56.53179,0.72083,0.85222,0.94118,0.60196
#98C9C0,152,201,192,168.97959,0.24378,0.3121,0.78824,0.69216
#E68E59,230,142,89,22.55319,0.61304,0.73822,0.90196,0.62549
#BF0258,191,2,88,332.69841,0.98953,0.97927,0.74902,0.37843
#F86DE2,248,109,226,309.4964,0.56048,0.9085,0.97255,0.7
#0E5C50,14,92,80,170.76923,0.84783,0.73585,0.36078,0.20784
#32E948,50,233,72,127.21311,0.78541,0.80617,0.91373,0.5549
#496671,73,102,113,196.5,0.35398,0.21505,0.44314,0.36471
#19AB21,25,171,33,123.28767,0.8538,0.7449,0.67059,0.38431
#C891F5,200,145,245,273.0,0.40816,0.83333,0.96078,0.76471
#1BAAD4,27,170,212,193.62162,0.87264,0.77406,0.83137,0.46863
#6BA2BC,107,162,188,199.25926,0.43085,0.37674,0.73725,0.57843
#57A4AA,87,164,170,184.33735,0.48824,0.32806,0.66667,0.50392
#FCA18D,252,161,141,10.81081,0.44048,0.94872,0.98824,0.77059
#3ECBB7,62,203,183,171.48936,0.69458,0.57551,0.79608,0.51961
#12C229,18,194,41,127.84091,0.90722,0.83019,0.76078,0.41569
#C9E3B6,201,227,182,94.66667,0.19824,0.44554,0.8902,0.80196
#1B4234,27,66,52,158.46154,0.59091,0.41935,0.25882,0.18235
#773423,119,52,35,12.14286,0.70588,0.54545,0.46667,0.30196
#47CD5C,71,205,92,129.40299,0.65366,0.57265,0.80392,0.54118
#AB8064,171,128,100,23.66197,0.4152,0.29707,0.67059,0.53137
#2E1248,46,18,72,271.11111,0.75,0.6,0.28235,0.17647
#0DDF9D,13,223,157,161.14286,0.9417,0.88983,0.87451,0.46275
#25BFC3,37,191,195,181.51899,0.81026,0.68103,0.76471,0.4549
#6FB8D6,111,184,214,197.47573,0.48131,0.55676,0.83922,0.63725
#0FA43F,15,164,63,139.32886,0.90854,0.8324,0.64314,0.35098
#A548DD,165,72,221,277.44966,0.67421,0.68664,0.86667,0.57451
#D674B2,214,116,178,322.04082,0.45794,0.54444,0.83922,0.64706
#358B9E,53,139,158,190.85714,0.66456,0.49763,0.61961,0.41373
#A10187,161,1,135,309.75,0.99379,0.98765,0.63137,0.31765
#673E19,103,62,25,28.46154,0.75728,0.60938,0.40392,0.25098
#8DA0B4,141,160,180,210.76923,0.21667,0.20635,0.70588,0.62941
#ED03A8,237,3,168,317.69231,0.98734,0.975,0.92941,0.47059
#6A2B0F,106,43,15,18.46154,0.85849,0.75207,0.41569,0.23725
#B7F8BD,183,248,189,125.53846,0.2621,0.82278,0.97255,0.8451
#57164D,87,22,77,309.23077,0.74713,0.59633,0.34118,0.21373
#2525C3,37,37,195,240.0,0.81026,0.68103,0.76471,0.4549
#13A103,19,161,3,113.92405,0.98137,0.96341,0.63137,0.32157
#1F25A5,31,37,165,237.31343,0.81212,0.68367,0.64706,0.38431
#B599D3,181,153,211,268.96552,0.27488,0.39726,0.82745,0.71373
#9ED452,158,212,82,84.92308,0.61321,0.60185,0.83137,0.57647
#37D818,55,216,24,110.3125,0.88889,0.8,0.84706,0.47059
#764048,118,64,72,351.11111,0.45763,0.2967,0.46275,0.35686
#61656B,97,101,107,216.0,0.09346,0.04902,0.41961,0.4
#09B873,9,184,115,156.34286,0.95109,0.90674,0.72157,0.37843
#F3F2D6,243,242,214,57.93103,0.11934,0.54717,0.95294,0.89608
#9E8C35,158,140,53,49.71429,0.66456,0.49763,0.61961,0.41373
#0B0C0A,11,12,10,90.0,0.16667,0.09091,0.04706,0.04314
#53696D,83,105,109,189.23077,0.23853,0.13542,0.42745,0.37647
#A8F1D9,168,241,217,160.27397,0.3029,0.72277,0.9451,0.80196
#D6ECAD,214,236,173,80.95238,0.26695,0.62376,0.92549,0.80196
#1E6537,30,101,55,141.12676,0.70297,0.54198,0.39608,0.25686
#04B672,4,182,114,157.07865,0.97802,0.95699,0.71373,0.36471
#42F3A7,66,243,167,154.23729,0.7284,0.8806,0.95294,0.60588
#E1660C,225,102,12,25.35211,0.94667,0.89873,0.88235,0.46471
#6F91CB,111,145,203,217.82609,0.4532,0.46939,0.79608,0.61569
#454B88,69,75,136,234.62687,0.49265,0.32683,0.53333,0.40196
#E80C69,232,12,105,334.63636,0.94828,0.90164,0.9098,0.47843
#732B5F,115,43,95,316.66667,0.62609,0.4557,0.45098,0.3098
#E0214C,224,33,76,346.49215,0.85268,0.75494,0.87843,0.50392
#79F310,121,243,16,92.2467,0.93416,0.90438,0.95294,0.50784
#E3A70C,227,167,12,43.25581,0.94714,0.89958,0.8902,0.46863
#F9B7C4,249,183,196,348.18182,0.26506,0.84615,0.97647,0.84706
#65B9DE,101,185,222,198.34711,0.54505,0.64706,0.87059,0.63333
#4A678C,74,103,140,213.63636,0.47143,0.30841,0.54902,0.41961
#229D73,34,157,115,159.5122,0.78344,0.64398,0.61569,0.37451
#6A406D,106,64,109,296.0,0.41284,0.26012,0.42745,0.33922
#3C3C17,60,60,23,60.0,0.61667,0.44578,0.23529,0.16275
#A34C15,163,76,21,23.23944,0.87117,0.77174,0.63922,0.36078
#DD47D1,221,71,209,304.8,0.67873,0.68807,0.86667,0.57255
#8162FE,129,98,254,251.92308,0.61417,0.98734,0.99608,0.6902
#9E9093,158,144,147,347.14286,0.08861,0.06731,0.61961,0.59216
#BCB0BD,188,176,189,295.38462,0.06878,0.08966,0.74118,0.71569
#445940,68,89,64,110.4,0.2809,0.1634,0.34902,0.3
#28B5B1,40,181,177,178.29787,0.77901,0.63801,0.7098,0.43333
#766871,118,104,113,321.42857,0.11864,0.06306,0.46275,0.43529
#4F88EC,79,136,236,218.21656,0.66525,0.80513,0.92549,0.61765
#EFCF75,239,207,117,44.2623,0.51046,0.79221,0.93725,0.69804
#A12B4C,161,43,76,343.22034,0.73292,0.57843,0.63137,0.4
#5353AA,83,83,170,240.0,0.51176,0.34387,0.66667,0.49608
#3919A1,57,25,161,254.11765,0.84472,0.73118,0.63137,0.36471
#CA7CF5,202,124,245,278.67769,0.49388,0.85816,0.96078,0.72353
#43F275,67,242,117,137.14286,0.72314,0.87065,0.94902,0.60588
#43267A,67,38,122,260.71429,0.68852,0.525,0.47843,0.31373
#2A02C5,42,2,197,252.30769,0.98985,0.9799,0.77255,0.3902
#66C4D6,102,196,214,189.64286,0.52336,0.57732,0.83922,0.61961
#FB2B5B,251,43,91,346.15385,0.82869,0.96296,0.98431,0.57647
#97E050,151,224,80,90.41667,0.64286,0.69903,0.87843,0.59608
#D89F4D,216,159,77,35.39568,0.64352,0.64055,0.84706,0.57451
#07C4F3,7,196,243,191.94915,0.97119,0.944,0.95294,0.4902
#2D8C75,45,140,117,165.47368,0.67857,0.51351,0.54902,0.36275
#448B0E,68,139,14,94.08,0.89928,0.81699,0.5451,0.3
#D9A723,217,167,35,43.51648,0.83871,0.72222,0.85098,0.49412
#94739E,148,115,158,286.04651,0.27215,0.18143,0.61961,0.53529
#4AD417,74,212,23,103.80952,0.89151,0.80426,0.83137,0.46078
#71C9F0,113,201,240,198.4252,0.52917,0.80892,0.94118,0.69216
#DA640A,218,100,10,25.96154,0.95413,0.91228,0.8549,0.44706
#E30786,227,7,134,325.36364,0.96916,0.94017,0.8902,0.45882
#561D26,86,29,38,350.52632,0.66279,0.49565,0.33725,0.22549
#4C0B66,76,11,102,282.85714,0.89216,0.80531,0.4,0.22157
#230E46,35,14,70,262.5,0.8,0.66667,0.27451,0.16471
#21749D,33,116,157,199.83871,0.78981,0.65263,0.61569,0.37255
#E0074C,224,7,76,340.92166,0.96875,0.93939,0.87843,0.45294
#446BB8,68,107,184,219.82759,0.63043,0.46032,0.72157,0.49412
#E433C7,228,51,199,309.83051,0.77632,0.76623,0.89412,0.54706
#D6091A,214,9,26,355.02439,0.95794,0.91928,0.83922,0.43725
#DF0E26,223,14,38,353.11005,0.93722,0.88186,0.87451,0.46471
#2C91FD,44,145,253,211.00478,0.82609,0.98122,0.99216,0.58235
#5B5ED6,91,94,214,238.53659,0.57477,0.6,0.83922,0.59804
#5A9A60,90,154,96,125.625,0.41558,0.2623,0.60392,0.47843
#128735,18,135,53,137.94872,0.86667,0.76471,0.52941,0.3
#77D513,119,213,19,89.07216,0.9108,0.83621,0.83529,0.4549
#A8058D,168,5,141,309.93865,0.97024,0.9422,0.65882,0.33922
#AE0318,174,3,24,352.63158,0.98276,0.9661,0.68235,0.34706
#7E3D3D,126,61,61,0.0,0.51587,0.34759,0.49412,0.36667
#58ED15,88,237,21,101.38889,0.91139,0.85714,0.92941,0.50588
#1B0AEF,27,10,239,244.45415,0.95816,0.91968,0.93725,0.48824
#DFB7E4,223,183,228,293.33333,0.19737,0.45455,0.89412,0.80588
#E2C5E3,226,197,227,298.0,0.13216,0.34884,0.8902,0.83137
#F1951A,241,149,26,34.32558,0.89212,0.88477,0.9451,0.52353
#6EF1E6,110,241,230,174.96183,0.54357,0.8239,0.9451,0.68824
#B22C02,178,44,2,14.31818,0.98876,0.97778,0.69804,0.35294
#0754B9,7,84,185,214.04494,0.96216,0.92708,0.72549,0.37647
#16F983,22,249,131,148.81057,0.91165,0.94979,0.97647,0.53137
#D13217,209,50,23,8.70968,0.88995,0.80172,0.81961,0.4549
#D6AD54,214,173,84,41.07692,0.60748,0.61321,0.83922,0.58431
#7FAB99,127,171,153,155.45455,0.25731,0.20755,0.67059,0.58431
#9F6F86,159,111,134,331.25,0.30189,0.2,0.62353,0.52941
#E6D21B,230,210,27,54.08867,0.88261,0.80237,0.90196,0.50392
#E4023F,228,2,63,343.80531,0.99123,0.98261,0.89412,0.45098
#B03460,176,52,96,338.70968,0.70455,0.54386,0.6902,0.44706
#808DDC,128,141,220,231.52174,0.41818,0.5679,0.86275,0.68235
#06709D,6,112,157,197.88079,0.96178,0.92638,0.61569,0.31961
#8698E0,134,152,224,228.0,0.40179,0.59211,0.87843,0.70196
#717192,113,113,146,240.0,0.22603,0.13147,0.57255,0.50784
#413090,65,48,144,250.625,0.66667,0.5,0.56471,0.37647
#26759F,38,117,159,200.82645,0.76101,0.61421,0.62353,0.38627
#989B32,152,155,50,61.71429,0.67742,0.5122,0.60784,0.40196
#5C1FDF,92,31,223,259.0625,0.86099,0.75591,0.87451,0.49804
#CA62E0,202,98,224,289.52381,0.5625,0.67021,0.87843,0.63137
#3325E2,51,37,226,244.44444,0.83628,0.76518,0.88627,0.51569
#816D75,129,109,117,336.0,0.15504,0.08403,0.50588,0.46667
#87F22D,135,242,45,92.58883,0.81405,0.88341,0.94902,0.56275
#9FEE55,159,238,85,90.98039,0.64286,0.81818,0.93333,0.63333
#74228C,116,34,140,286.41509,0.75714,0.6092,0.54902,0.34118
#C402F7,196,2,247,287.5102,0.9919,0.98394,0.96863,0.48824
#3B0C0B,59,12,11,1.25,0.81356,0.68571,0.23137,0.13725
#B7DEEF,183,222,239,198.21429,0.23431,0.63636,0.93725,0.82745
#2AEAF9,42,234,249,184.34783,0.83133,0.94521,0.97647,0.57059
#021FB1,2,31,177,230.05714,0.9887,0.97765,0.69412,0.35098
#7D39A3,125,57,163,278.49057,0.65031,0.48182,0.63922,0.43137
#8A879A,138,135,154,249.47368,0.12338,0.08597,0.60392,0.56667
#0F864E,15,134,78,151.76471,0.88806,0.79866,0.52549,0.29216
#639C5A,99,156,90,111.81818,0.42308,0.26829,0.61176,0.48235
#DCAFED,220,175,237,283.54839,0.2616,0.63265,0.92941,0.80784
#92871C,146,135,28,54.40678,0.80822,0.67816,0.57255,0.34118
#0ABCBE,10,188,190,180.66667,0.94737,0.9,0.7451,0.39216
#0DC539,13,197,57,134.34783,0.93401,0.87619,0.77255,0.41176
#FD2335,253,35,53,355.04587,0.86166,0.98198,0.99216,0.56471
#D710DB,215,16,219,298.81773,0.92694,0.86383,0.85882,0.46078
#786FBB,120,111,187,247.10526,0.40642,0.35849,0.73333,0.58431
#AB5886,171,88,134,326.74699,0.48538,0.33068,0.67059,0.50784
#A91E2E,169,30,46,353.09353,0.82249,0.69849,0.66275,0.3902
#B2FF85,178,255,133,97.86885,0.47843,1.0,1.0,0.76078
#AD46EE,173,70,238,276.78571,0.70588,0.83168,0.93333,0.60392
#198C93,25,140,147,183.44262,0.82993,0.7093,0.57647,0.33725
#09E9CC,9,233,204,172.23214,0.96137,0.92562,0.91373,0.47451
#932180,147,33,128,310.0,0.77551,0.63333,0.57647,0.35294
#C96EDB,201,110,219,290.09174,0.49772,0.60221,0.85882,0.6451
#CB5803,203,88,3,25.5,0.98522,0.97087,0.79608,0.40392
#C7EE4B,199,238,75,74.35583,0.68487,0.82741,0.93333,0.61373
#650076,101,0,118,291.35593,1.0,1.0,0.46275,0.23137
#3272FE,50,114,254,221.17647,0.80315,0.99029,0.99608,0.59608
#8640DC,134,64,220,266.92308,0.70909,0.69027,0.86275,0.55686
#77B74A,119,183,74,95.22936,0.59563,0.43083,0.71765,0.50392
#8F97FF,143,151,255,235.71429,0.43922,1.0,1.0,0.78039
#58363A,88,54,58,352.94118,0.38636,0.23944,0.3451,0.27843
#D02361,208,35,97,338.49711,0.83173,0.71193,0.81569,0.47647
#5B238F,91,35,143,271.11111,0.75524,0.60674,0.56078,0.34902
#0A63D2,10,99,210,213.3,0.95238,0.90909,0.82353,0.43137
#C2C551,194,197,81,61.55172,0.58883,0.5,0.77255,0.5451
#4C06CC,76,6,204,261.21212,0.97059,0.94286,0.8,0.41176
#64C518,100,197,24,93.64162,0.87817,0.78281,0.77255,0.43333
#3C19B7,60,25,183,253.29114,0.86339,0.75962,0.71765,0.40784
#6B361B,107,54,27,20.25,0.74766,0.59701,0.41961,0.26275
#21D236,33,210,54,127.11864,0.84286,0.7284,0.82353,0.47647
#F9BFCB,249,191,203,347.58621,0.23293,0.82857,0.97647,0.86275
#C898F5,200,152,245,270.96774,0.37959,0.82301,0.96078,0.77843
#BC016A,188,1,106,326.31016,0.99468,0.98942,0.73725,0.37059
#213E0B,33,62,11,94.11765,0.82258,0.69863,0.24314,0.14314
#44E407,68,228,7,103.43891,0.9693,0.94043,0.89412,0.46078
#0E0D47,14,13,71,241.03448,0.8169,0.69048,0.27843,0.16471
#F00BB3,240,11,179,315.98253,0.95417,0.91235,0.94118,0.49216
#5C99FB,92,153,251,216.98113,0.63347,0.9521,0.98431,0.67255
#5C975B,92,151,91,119.0,0.39735,0.24793,0.59216,0.47451
#35CD89,53,205,137,153.15789,0.74146,0.60317,0.80392,0.50588
#AD7029,173,112,41,32.27273,0.76301,0.61682,0.67843,0.41961
#27DD62,39,221,98,139.45055,0.82353,0.728,0.86667,0.5098
#86BE20,134,190,32,81.26582,0.83158,0.71171,0.7451,0.43529
#9EF36B,158,243,107,97.5,0.55967,0.85,0.95294,0.68627
#28C933,40,201,51,124.09938,0.801,0.66805,0.78824,0.47255
#942D93,148,45,147,300.58252,0.69595,0.53368,0.58039,0.37843
#2DD837,45,216,55,123.50877,0.79167,0.68675,0.84706,0.51176
#0B8B89,11,139,137,179.0625,0.92086,0.85333,0.5451,0.29412
#31F29C,49,242,156,153.26425,0.79752,0.88128,0.94902,0.57059
#ABA85F,171,168,95,57.63158,0.44444,0.31148,0.67059,0.52157
#D9F91A,217,249,26,68.60987,0.89558,0.94894,0.97647,0.53922
#A41BC0,164,27,192,289.81818,0.85938,0.75342,0.75294,0.42941
#4D8E5A,77,142,90,132.0,0.45775,0.2968,0.55686,0.42941
#CE53DD,206,83,221,293.47826,0.62443,0.6699,0.86667,0.59608
#326DDE,50,109,222,219.4186,0.77477,0.72269,0.87059,0.53333
#1168A7,17,104,167,205.2,0.8982,0.81522,0.6549,0.36078
#91329E,145,50,158,292.77778,0.68354,0.51923,0.61961,0.40784
#1D83A9,29,131,169,196.28571,0.8284,0.70707,0.66275,0.38824
#148A26,20,138,38,129.15254,0.85507,0.74684,0.54118,0.3098
#999A5E,153,154,94,61.0,0.38961,0.24194,0.60392,0.48627
#F6CFDB,246,207,219,341.53846,0.15854,0.68421,0.96471,0.88824
#672434,103,36,52,345.67164,0.65049,0.48201,0.40392,0.27255
#376A22,55,106,34,102.5,0.67925,0.51429,0.41569,0.27451
#34C20F,52,194,15,107.59777,0.92268,0.85646,0.76078,0.4098
#02C553,2,197,83,144.92308,0.98985,0.9799,0.77255,0.3902
#4B567C,75,86,124,226.53061,0.39516,0.24623,0.48627,0.3902
#DAF9F8,218,249,248,178.06452,0.1245,0.72093,0.97647,0.91569
#93F7E9,147,247,233,171.6,0.40486,0.86207,0.96863,0.77255
#62E079,98,224,121,130.95238,0.5625,0.67021,0.87843,0.63137
#E96D1B,233,109,27,23.8835,0.88412,0.824,0.91373,0.5098
#EE17DE,238,23,222,304.46512,0.90336,0.86345,0.93333,0.51176
#DC4945,220,73,69,1.5894,0.68636,0.68326,0.86275,0.56667
#8C00AD,140,0,173,288.55491,1.0,1.0,0.67843,0.33922
#0BA2D5,11,162,213,195.14851,0.94836,0.90179,0.83529,0.43922
#E235B0,226,53,176,317.34104,0.76549,0.74892,0.88627,0.54706
#3905DE,57,5,222,254.37788,0.97748,0.95595,0.87059,0.4451
#800834,128,8,52,338.0,0.9375,0.88235,0.50196,0.26667
#97DEFD,151,222,253,198.23529,0.40316,0.96226,0.99216,0.79216
#800ABB,128,10,187,280.0,0.94652,0.89848,0.73333,0.38627
#936230,147,98,48,30.30303,0.67347,0.50769,0.57647,0.38235
#43B5BE,67,181,190,184.39024,0.64737,0.48617,0.7451,0.50392
#25E5BE,37,229,190,167.8125,0.83843,0.78689,0.89804,0.52157
#C64164,198,65,100,344.21053,0.67172,0.53846,0.77647,0.51569
#2D4F38,45,79,56,139.41176,0.43038,0.27419,0.3098,0.24314
#8B5A18,139,90,24,34.43478,0.82734,0.70552,0.5451,0.31961
#1FDA83,31,218,131,152.08556,0.8578,0.751,0.8549,0.48824
#5EDFF1,94,223,241,187.34694,0.60996,0.84,0.9451,0.65686
#A8083E,168,8,62,339.75,0.95238,0.90909,0.65882,0.3451
#FC1247,252,18,71,346.41026,0.92857,0.975,0.98824,0.52941
#589103,88,145,3,84.08451,0.97931,0.95946,0.56863,0.2902
#19202C,25,32,44,217.89474,0.43182,0.27536,0.17255,0.13529
#B04E67,176,78,103,344.69388,0.55682,0.38583,0.6902,0.49804
#42E0E8,66,224,232,182.89157,0.71552,0.78302,0.9098,0.58431
#D445F6,212,69,246,288.47458,0.71951,0.90769,0.96471,0.61765
#737F6D,115,127,109,100.0,0.14173,0.07627,0.49804,0.46275
#166C60,22,108,96,171.62791,0.7963,0.66154,0.42353,0.2549
#90489E,144,72,158,290.23256,0.5443,0.37391,0.61961,0.45098
#F4555E,244,85,94,356.60377,0.65164,0.87845,0.95686,0.6451
#D90505,217,5,5,0.0,0.97696,0.95495,0.85098,0.43529
#7171E7,113,113,231,240.0,0.51082,0.71084,0.90588,0.67451
#2781DD,39,129,221,210.32967,0.82353,0.728,0.86667,0.5098
#038318,3,131,24,129.84375,0.9771,0.95522,0.51373,0.26275
#76A8C5,118,168,197,202.02532,0.40102,0.40513,0.77255,0.61765
#85B2A2,133,178,162,158.66667,0.25281,0.22613,0.69804,0.6098
#C37350,195,115,80,18.26087,0.58974,0.48936,0.76471,0.53922
#391A40,57,26,64,288.94737,0.59375,0.42222,0.25098,0.17647
#7756AA,119,86,170,263.57143,0.49412,0.33071,0.66667,0.50196
#884AFC,136,74,252,260.89888,0.70635,0.96739,0.98824,0.63922
#D8D2B9,216,210,185,48.3871,0.14352,0.2844,0.84706,0.78627
#647FD5,100,127,213,225.66372,0.53052,0.5736,0.83529,0.61373
#284012,40,64,18,91.30435,0.71875,0.56098,0.25098,0.16078
#20B9A9,32,185,169,173.72549,0.82703,0.70507,0.72549,0.42549
#D490C3,212,144,195,315.0,0.32075,0.44156,0.83137,0.69804
#99E59D,153,229,157,123.15789,0.33188,0.59375,0.89804,0.74902
#947B30,148,123,48,45.0,0.67568,0.5102,0.58039,0.38431
#3E8009,62,128,9,93.27731,0.92969,0.86861,0.50196,0.26863
#568B59,86,139,89,123.39623,0.38129,0.23556,0.5451,0.44118
#F3E062,243,224,98,52.13793,0.59671,0.85799,0.95294,0.66863
#FCA8C3,252,168,195,340.71429,0.33333,0.93333,0.98824,0.82353
#E63F8E,230,63,142,331.61677,0.72609,0.76959,0.90196,0.57451
#8E6367,142,99,103,354.4186,0.30282,0.17842,0.55686,0.47255
#CCBDEF,204,189,239,258.0,0.20921,0.60976,0.93725,0.83922
#264DF2,38,77,242,228.52941,0.84298,0.88696,0.94902,0.54902
#2BD6BD,43,214,189,171.22807,0.79907,0.67589,0.83922,0.50392
#9548E1,149,72,225,270.19608,0.68,0.71831,0.88235,0.58235
#00EB87,0,235,135,154.46809,1.0,1.0,0.92157,0.46078
#3362C5,51,98,197,220.68493,0.74112,0.58871,0.77255,0.48627
#1BA9E3,27,169,227,197.4,0.88106,0.7874,0.8902,0.49804
#ECCCA3,236,204,163,33.69863,0.30932,0.65766,0.92549,0.78235
#FC2160,252,33,96,342.73973,0.86905,0.97333,0.98824,0.55882
#61B01D,97,176,29,92.2449,0.83523,0.71707,0.6902,0.40196
#359F1D,53,159,29,108.92308,0.81761,0.69149,0.62353,0.36863
#1A6C43,26,108,67,150.0,0.75926,0.61194,0.42353,0.26275
#2A112F,42,17,47,290.0,0.6383,0.46875,0.18431,0.12549
#786C30,120,108,48,50.0,0.6,0.42857,0.47059,0.32941
#3756CE,55,86,206,227.68212,0.73301,0.60643,0.80784,0.51176
#E6D17B,230,209,123,48.2243,0.46522,0.68153,0.90196,0.69216
#AF12A1,175,18,161,305.35032,0.89714,0.81347,0.68627,0.37843
#1017AF,16,23,175,237.35849,0.90857,0.83246,0.68627,0.37451
#CB24F7,203,36,247,287.48815,0.85425,0.92952,0.96863,0.5549
#51F043,81,240,67,115.14451,0.72083,0.85222,0.94118,0.60196
#914D8F,145,77,143,301.76471,0.46897,0.30631,0.56863,0.43529
#73711C,115,113,28,58.62069,0.75652,0.60839,0.45098,0.28039
#9ABA94,154,186,148,110.52632,0.2043,0.21591,0.72941,0.6549
#672AEC,103,42,236,258.86598,0.82203,0.83621,0.92549,0.5451
#1BA632,27,166,50,129.92806,0.83735,0.72021,0.65098,0.37843
#265306,38,83,6,95.06494,0.92771,0.86517,0.32549,0.17451
#3C3D9B,60,61,155,239.36842,0.6129,0.44186,0.60784,0.42157
#DEFC4B,222,252,75,70.16949,0.70238,0.96721,0.98824,0.64118
#C45584,196,85,132,334.59459,0.56633,0.48472,0.76863,0.55098
#DD8695,221,134,149,349.65517,0.39367,0.56129,0.86667,0.69608
#850A7C,133,10,124,304.39024,0.92481,0.86014,0.52157,0.28039
#8C5184,140,81,132,308.13559,0.42143,0.26697,0.54902,0.43333
#CC43D4,204,67,212,296.68966,0.68396,0.62771,0.83137,0.54706
#CE85DB,206,133,219,290.93023,0.39269,0.5443,0.85882,0.6902
#56D356,86,211,86,120.0,0.59242,0.58685,0.82745,0.58235
#3ED5BF,62,213,191,171.25828,0.70892,0.64255,0.83529,0.53922
#4B1FA5,75,31,165,259.70149,0.81212,0.68367,0.64706,0.38431
#FD60E8,253,96,232,308.02548,0.62055,0.97516,0.99216,0.68431
#F8CB07,248,203,7,48.79668,0.97177,0.9451,0.97255,0.5
#B45AD0,180,90,208,285.76271,0.56731,0.5566,0.81569,0.58431
#AE28B9,174,40,185,295.44828,0.78378,0.64444,0.72549,0.44118
#233352,35,51,82,219.57447,0.57317,0.40171,0.32157,0.22941
#A2B3FC,162,179,252,228.66667,0.35714,0.9375,0.98824,0.81176
#55D5CD,85,213,205,176.25,0.60094,0.60377,0.83529,0.58431
#77B328,119,179,40,85.89928,0.77654,0.6347,0.70196,0.42941
#F317C0,243,23,192,313.90909,0.90535,0.90164,0.95294,0.52157
#9BE8A3,155,232,163,126.23377,0.3319,0.62602,0.9098,0.75882
#1C09E7,28,9,231,245.13514,0.96104,0.925,0.90588,0.47059
#B32786,179,39,134,319.28571,0.78212,0.6422,0.70196,0.42745
#A55054,165,80,84,357.17647,0.51515,0.34694,0.64706,0.48039
#D2C3E7,210,195,231,265.0,0.15584,0.42857,0.90588,0.83529
#31CEF4,49,206,244,191.69231,0.79918,0.89862,0.95686,0.57451
#64653F,100,101,63,61.57895,0.37624,0.23171,0.39608,0.32157
#0179AC,1,121,172,197.89474,0.99419,0.98844,0.67451,0.33922
#644BFB,100,75,251,248.52273,0.7012,0.95652,0.98431,0.63922
#C23A3D,194,58,61,358.67647,0.70103,0.53968,0.76078,0.49412
#B89775,184,151,117,30.44776,0.36413,0.32057,0.72157,0.5902
#8ECA34,142,202,52,84.0,0.74257,0.59055,0.79216,0.49804
#4813FC,72,19,252,253.64807,0.9246,0.9749,0.98824,0.53137
#DC8416,220,132,22,33.33333,0.9,0.81818,0.86275,0.47451
#573BB6,87,59,182,253.65854,0.67582,0.51037,0.71373,0.47255
#212EE2,33,46,226,235.95855,0.85398,0.76892,0.88627,0.50784
#28E55B,40,229,91,136.19048,0.82533,0.78423,0.89804,0.52745
#CFAC38,207,172,56,46.09272,0.72947,0.61134,0.81176,0.51569
#5785B1,87,133,177,209.33333,0.50847,0.36585,0.69412,0.51765
#A3CEEC,163,206,236,204.65753,0.30932,0.65766,0.92549,0.78235
#B47D05,180,125,5,41.14286,0.97222,0.94595,0.70588,0.36275
#B03D0A,176,61,10,18.43373,0.94318,0.89247,0.6902,0.36471
#CE9F3D,206,159,61,40.55172,0.70388,0.59671,0.80784,0.52353
#5B5BD5,91,91,213,240.0,0.57277,0.59223,0.83529,0.59608
#62507D,98,80,125,264.0,0.36,0.21951,0.4902,0.40196
#CB41A4,203,65,164,316.95652,0.6798,0.57025,0.79608,0.52549
#2590B5,37,144,181,195.41667,0.79558,0.66055,0.7098,0.42745
#0AEC04,10,236,4,118.44828,0.98305,0.96667,0.92549,0.47059
#AC90BF,172,144,191,275.74468,0.24607,0.26857,0.74902,0.65686
#028DEC,2,141,236,204.35897,0.99153,0.98319,0.92549,0.46667
#5E0153,94,1,83,307.09677,0.98936,0.97895,0.36863,0.18627
#1F74B7,31,116,183,206.44737,0.8306,0.71028,0.71765,0.41961
#49233D,73,35,61,318.94737,0.52055,0.35185,0.28627,0.21176
#A2E8B9,162,232,185,139.71429,0.30172,0.60345,0.9098,0.77255
#818AC4,129,138,196,231.9403,0.34184,0.36216,0.76863,0.63725
#731346,115,19,70,328.125,0.83478,0.71642,0.45098,0.26275
#441427,68,20,39,336.25,0.70588,0.54545,0.26667,0.17255
#5DECAD,93,236,173,153.56643,0.60593,0.79006,0.92549,0.6451
#E768E3,231,104,227,301.88976,0.54978,0.72571,0.90588,0.65686
#167408,22,116,8,112.22222,0.93103,0.87097,0.4549,0.24314
#ABD68B,171,214,139,94.4,0.35047,0.47771,0.83922,0.69216
#3246F8,50,70,248,233.93939,0.79839,0.93396,0.97255,0.58431
#ECF045,236,240,69,61.40351,0.7125,0.85075,0.94118,0.60588
#92D766,146,215,102,96.63717,0.52558,0.58549,0.84314,0.62157
#6E4FB0,110,79,176,259.17526,0.55114,0.38039,0.6902,0.5
#DC4320,220,67,32,11.17021,0.85455,0.74603,0.86275,0.49412
#80AFD2,128,175,210,205.60976,0.39048,0.47674,0.82353,0.66275
#B8DC55,184,220,85,76.0,0.61364,0.65854,0.86275,0.59804
#6F7344,111,115,68,65.10638,0.4087,0.25683,0.45098,0.35882
#15CAD1,21,202,209,182.23404,0.89952,0.81739,0.81961,0.45098
#810E9D,129,14,157,288.25175,0.91083,0.83626,0.61569,0.33529
#1DEFBC,29,239,188,165.42857,0.87866,0.86777,0.93725,0.52549
#4011C1,64,17,193,256.02273,0.91192,0.8381,0.75686,0.41176
#F9165C,249,22,92,341.4978,0.91165,0.94979,0.97647,0.53137
#E81BBB,232,27,187,313.17073,0.88362,0.81673,0.9098,0.50784
#AA1D49,170,29,73,341.2766,0.82941,0.70854,0.66667,0.3902
#D93012,217,48,18,9.04523,0.91705,0.84681,0.85098,0.46078
#B8B14F,184,177,79,56.0,0.57065,0.4251,0.72157,0.51569
#8AA1F7,138,161,247,227.33945,0.4413,0.872,0.96863,0.7549
#9911DD,153,17,221,280.0,0.92308,0.85714,0.86667,0.46667
#5FED83,95,237,131,135.21127,0.59916,0.79775,0.92941,0.65098
#E73703,231,55,3,13.68421,0.98701,0.97436,0.90588,0.45882
#A7C626,167,198,38,71.625,0.80808,0.67797,0.77647,0.46275
#3E9025,62,144,37,105.98131,0.74306,0.59116,0.56471,0.3549
#A5DF93,165,223,147,105.78947,0.34081,0.54286,0.87451,0.72549
#BF764B,191,118,75,22.24138,0.60733,0.47541,0.74902,0.52157
#B44F74,180,79,116,338.0198,0.56111,0.40239,0.70588,0.50784
#8E8A9E,142,138,158,252.0,0.12658,0.09346,0.61961,0.58039
#91F3BB,145,243,187,145.71429,0.40329,0.80328,0.95294,0.76078
#FFB3E3,255,179,227,322.10526,0.29804,1.0,1.0,0.85098
#9FCB77,159,203,119,91.42857,0.41379,0.44681,0.79608,0.63137
#4DF21C,77,242,28,106.26168,0.8843,0.89167,0.94902,0.52941
#3E2F4F,62,47,79,268.125,0.40506,0.25397,0.3098,0.24706
#8BA7A1,139,167,161,167.14286,0.16766,0.13725,0.6549,0.6
#7B0CE6,123,12,230,270.55046,0.94783,0.90083,0.90196,0.47451
#8E92E3,142,146,227,237.17647,0.37445,0.60284,0.8902,0.72353
#3157F0,49,87,240,228.06283,0.79583,0.86425,0.94118,0.56667
#90BBAF,144,187,175,163.25581,0.22995,0.24022,0.73333,0.64902
#257B16,37,123,22,111.08911,0.82114,0.69655,0.48235,0.28431
#1D9EE8,29,158,232,201.87192,0.875,0.81526,0.9098,0.51176
#36B126,54,177,38,113.09353,0.78531,0.64651,0.69412,0.42157
#CC0436,204,4,54,345.0,0.98039,0.96154,0.8,0.40784
#6EB917,110,185,23,87.77778,0.87568,0.77885,0.72549,0.40784
#67AFC2,103,175,194,192.52747,0.46907,0.42723,0.76078,0.58235
#7A5048,122,80,72,9.6,0.40984,0.25773,0.47843,0.38039
#B21983,178,25,131,318.43137,0.85955,0.75369,0.69804,0.39804
#E78576,231,133,118,7.9646,0.48918,0.70186,0.90588,0.68431
#BF0ADD,191,10,221,291.46919,0.95475,0.91342,0.86667,0.45294
#9972FD,153,114,253,256.83453,0.54941,0.97203,0.99216,0.71961
#3D7C42,61,124,66,124.7619,0.50806,0.34054,0.48627,0.36275
#D1624B,209,98,75,10.29851,0.64115,0.59292,0.81961,0.55686
#29E1FB,41,225,251,187.42857,0.83665,0.9633,0.98431,0.57255
#D3F515,211,245,21,69.10714,0.91429,0.91803,0.96078,0.52157
#6E9E95,110,158,149,168.75,0.3038,0.19835,0.61961,0.52549
#2A4AB3,42,74,179,225.9854,0.76536,0.61991,0.70196,0.43333
#F07E25,240,126,37,26.30542,0.84583,0.87124,0.94118,0.54314
#FC671A,252,103,26,20.44248,0.89683,0.97414,0.98824,0.5451
#E636E8,230,54,232,299.32584,0.76724,0.79464,0.9098,0.56078
#EF2147,239,33,71,348.93204,0.86192,0.86555,0.93725,0.53333
#762F31,118,47,49,358.30986,0.60169,0.4303,0.46275,0.32353
#8D9FD3,141,159,211,224.57143,0.33175,0.44304,0.82745,0.6902
#4DCFF6,77,207,246,193.84615,0.68699,0.90374,0.96471,0.63333
#3F9391,63,147,145,178.57143,0.57143,0.4,0.57647,0.41176
#43C011,67,192,17,102.85714,0.91146,0.83732,0.75294,0.4098
#85A5E1,133,165,225,219.13043,0.40889,0.60526,0.88235,0.70196
#74C181,116,193,129,130.12987,0.39896,0.38308,0.75686,0.60588
#F22678,242,38,120,335.88235,0.84298,0.88696,0.94902,0.54902
#D1B6CB,209,182,203,313.33333,0.12919,0.22689,0.81961,0.76667
#462F71,70,47,113,260.90909,0.58407,0.4125,0.44314,0.31373
#5F0E91,95,14,145,277.09924,0.90345,0.8239,0.56863,0.31176
#B1A473,177,164,115,47.41935,0.35028,0.2844,0.69412,0.57255
#F02A7A,240,42,122,335.75758,0.825,0.86842,0.94118,0.55294
#F237AF,242,55,175,321.49733,0.77273,0.87793,0.94902,0.58235
#ECD793,236,215,147,45.8427,0.37712,0.70079,0.92549,0.75098
#E8F1B7,232,241,183,69.31034,0.24066,0.67442,0.9451,0.83137
#1D0C6D,29,12,109,250.51546,0.88991,0.80165,0.42745,0.23725
#5A4C1A,90,76,26,46.875,0.71111,0.55172,0.35294,0.22745
#1B1F52,27,31,82,235.63636,0.67073,0.50459,0.32157,0.21373
#6EE139,110,225,57,101.07143,0.74667,0.73684,0.88235,0.55294
#EBD740,235,215,64,52.98246,0.72766,0.81043,0.92157,0.58627
#FF8022,255,128,34,25.52036,0.86667,1.0,1.0,0.56667
#CEA909,206,169,9,48.73096,0.95631,0.91628,0.80784,0.42157
#8E3533,142,53,51,1.31868,0.64085,0.4715,0.55686,0.37843
#58C2C9,88,194,201,183.71681,0.56219,0.51131,0.78824,0.56667
#2C0DFA,44,13,250,247.8481,0.948,0.95951,0.98039,0.51569
#A507F1,165,7,241,280.51282,0.97095,0.94355,0.9451,0.48627
#2A8FFE,42,143,254,211.41509,0.83465,0.99065,0.99608,0.58039
#F7547B,247,84,123,345.64417,0.65992,0.91061,0.96863,0.64902
#8B970B,139,151,11,65.14286,0.92715,0.8642,0.59216,0.31765
#0102B7,1,2,183,239.67033,0.99454,0.98913,0.71765,0.36078
#746A7E,116,106,126,270.0,0.15873,0.08621,0.49412,0.4549
#B1F709,177,247,9,77.64706,0.96356,0.93701,0.96863,0.50196
#483538,72,53,56,350.52632,0.26389,0.152,0.28235,0.2451
#2C2254,44,34,84,252.0,0.59524,0.42373,0.32941,0.23137
#2A0F8F,42,15,143,252.65625,0.8951,0.81013,0.56078,0.3098
#19747C,25,116,124,184.84848,0.79839,0.66443,0.48627,0.29216
#8F1781,143,23,129,307.0,0.83916,0.72289,0.56078,0.32549
#1848BB,24,72,187,222.33129,0.87166,0.77251,0.73333,0.41373
#9D63B7,157,99,183,281.42857,0.45902,0.36842,0.71765,0.55294
#0AF775,10,247,117,147.08861,0.95951,0.93676,0.96863,0.50392
#641526,100,21,38,347.08861,0.79,0.65289,0.39216,0.23725
#2B5726,43,87,38,113.87755,0.56322,0.392,0.34118,0.2451
#2061FC,32,97,252,222.27273,0.87302,0.97345,0.98824,0.55686
#FA9947,250,153,71,27.48603,0.716,0.94709,0.98039,0.62941
#EAEB41,234,235,65,60.35294,0.7234,0.80952,0.92157,0.58824
#C3B6EB,195,182,235,254.71698,0.22553,0.56989,0.92157,0.81765
#804974,128,73,116,313.09091,0.42969,0.27363,0.50196,0.39412
#6A0142,106,1,66,322.85714,0.99057,0.98131,0.41569,0.2098
#9BD2E4,155,210,228,194.79452,0.32018,0.5748,0.89412,0.75098
#6C3E74,108,62,116,291.11111,0.46552,0.30337,0.4549,0.34902
#5F82F4,95,130,244,225.90604,0.61066,0.87135,0.95686,0.66471
#BBE0A7,187,224,167,98.94737,0.25446,0.47899,0.87843,0.76667
#3ED2FD,62,210,253,193.50785,0.75494,0.97949,0.99216,0.61765
#97A215,151,162,21,64.68085,0.87037,0.77049,0.63529,0.35882
#8F6FE7,143,111,231,256.0,0.51948,0.71429,0.90588,0.67059
#5BC948,91,201,72,111.16279,0.64179,0.5443,0.78824,0.53529
#62819E,98,129,158,209.0,0.37975,0.23622,0.61961,0.50196
#B72038,183,32,56,350.46358,0.82514,0.70233,0.71765,0.42157
#931344,147,19,68,337.03125,0.87075,0.77108,0.57647,0.32549
#6D9597,109,149,151,182.85714,0.27815,0.168,0.59216,0.5098
#A2C1B4,162,193,180,154.83871,0.16062,0.2,0.75686,0.69608
#C72C62,199,44,98,339.09677,0.77889,0.63786,0.78039,0.47647
#90B581,144,181,129,102.69231,0.28729,0.26,0.7098,0.60784
#DEB0BF,222,176,191,340.43478,0.20721,0.41071,0.87059,0.78039
#71653E,113,101,62,45.88235,0.45133,0.29143,0.44314,0.34314
#5BCC73,91,204,115,132.74336,0.55392,0.52558,0.8,0.57843
#DDACC7,221,172,199,326.93878,0.22172,0.4188,0.86667,0.77059
#5C4CB4,92,76,180,249.23077,0.57778,0.40945,0.70588,0.50196
#DEB1DF,222,177,223,298.69565,0.20628,0.41818,0.87451,0.78431
#F7BBA2,247,187,162,17.64706,0.34413,0.84158,0.96863,0.80196
#9F3BB1,159,59,177,290.84746,0.66667,0.5,0.69412,0.46275
#5A1F07,90,31,7,17.3494,0.92222,0.85567,0.35294,0.1902
#41120B,65,18,11,7.77778,0.83077,0.71053,0.2549,0.14902
#8180D7,129,128,215,240.68966,0.40465,0.52096,0.84314,0.67255
#9BA9E7,155,169,231,228.94737,0.329,0.6129,0.90588,0.75686
#2DFD0C,45,253,12,111.78423,0.95257,0.98367,0.99216,0.51961
#897298,137,114,152,276.31579,0.25,0.15574,0.59608,0.52157
#ED6331,237,99,49,15.95745,0.79325,0.83929,0.92941,0.56078
#21CD4C,33,205,76,135.0,0.83902,0.72269,0.80392,0.46667
#02746A,2,116,106,174.73684,0.98276,0.9661,0.4549,0.23137
#82972D,130,151,45,71.88679,0.70199,0.54082,0.59216,0.38431
#51EF6F,81,239,111,131.39241,0.66109,0.83158,0.93725,0.62745
#5BDB76,91,219,118,132.65625,0.58447,0.64,0.85882,0.60784
#EECC5D,238,204,93,45.93103,0.60924,0.81006,0.93333,0.64902
#CACAA6,202,202,166,60.0,0.17822,0.25352,0.79216,0.72157
#6416EF,100,22,239,261.56682,0.90795,0.87149,0.93725,0.51176
#01A206,1,162,6,121.86335,0.99383,0.98773,0.63529,0.31961
#FF2016,255,32,22,2.57511,0.91373,1.0,1.0,0.54314
#71BBBD,113,187,189,181.57895,0.40212,0.36538,0.74118,0.59216
#9C6E0F,156,110,15,40.42553,0.90385,0.82456,0.61176,0.33529
#79C4BE,121,196,190,175.2,0.38265,0.3886,0.76863,0.62157
#C5B88D,197,184,141,46.07143,0.28426,0.32558,0.77255,0.66275
#072147,7,33,71,215.625,0.90141,0.82051,0.27843,0.15294
#42AD71,66,173,113,146.35514,0.6185,0.4477,0.67843,0.46863
#2BE17F,43,225,127,147.69231,0.80889,0.75207,0.88235,0.52549
#2DD24B,45,210,75,130.90909,0.78571,0.64706,0.82353,0.5
#ECA7B3,236,167,179,349.56522,0.29237,0.64486,0.92549,0.7902
#1DCCED,29,204,237,189.51923,0.87764,0.85246,0.92941,0.52157
#5AD220,90,210,32,100.44944,0.84762,0.73554,0.82353,0.47451
#DB0DB5,219,13,181,311.06796,0.94064,0.88793,0.85882,0.4549
#D5B443,213,180,67,46.43836,0.68545,0.63478,0.83529,0.54902
#B4FAE5,180,250,229,162.0,0.28,0.875,0.98039,0.84314
#7F4429,127,68,41,18.83721,0.67717,0.5119,0.49804,0.32941
#25A0A4,37,160,164,181.88976,0.77439,0.63184,0.64314,0.39412
#462B52,70,43,82,281.53846,0.47561,0.312,0.32157,0.2451
#77F3C2,119,243,194,156.29032,0.51029,0.83784,0.95294,0.7098
#53E754,83,231,84,120.40541,0.64069,0.7551,0.90588,0.61569
#DD00F1,221,0,241,295.02075,1.0,1.0,0.9451,0.47255
#1C484C,28,72,76,185.0,0.63158,0.46154,0.29804,0.20392
#D902FF,217,2,255,290.98814,0.99216,1.0,1.0,0.50392
#F24FF1,242,79,241,300.3681,0.67355,0.86243,0.94902,0.62941
#46D51D,70,213,29,106.63043,0.86385,0.76033,0.83529,0.47451
#186DB1,24,109,177,206.66667,0.86441,0.76119,0.69412,0.39412
#26A369,38,163,105,152.16,0.76687,0.62189,0.63922,0.39412
#E910CE,233,16,206,307.46544,0.93133,0.87149,0.91373,0.48824
#094538,9,69,56,167.0,0.86957,0.76923,0.27059,0.15294
#A214A9,162,20,169,297.18121,0.88166,0.78836,0.66275,0.37059
#320293,50,2,147,259.86207,0.98639,0.97315,0.57647,0.29216
#024FFE,2,79,254,221.66667,0.99213,0.99213,0.99608,0.50196
#E91E9D,233,30,157,322.46305,0.87124,0.82186,0.91373,0.51569
#ED7C26,237,124,38,25.92965,0.83966,0.84681,0.92941,0.53922
#6B10EF,107,16,239,264.4843,0.93305,0.87451,0.93725,0.5
#F30ACC,243,10,204,310.04292,0.95885,0.92095,0.95294,0.49608
#FCAD26,252,173,38,37.85047,0.84921,0.97273,0.98824,0.56863
#C1EE4B,193,238,75,76.56442,0.68487,0.82741,0.93333,0.61373
#04B621,4,182,33,129.77528,0.97802,0.95699,0.71373,0.36471
#2FA58C,47,165,140,167.28814,0.71515,0.5566,0.64706,0.41569
#EE33D7,238,51,215,307.37968,0.78571,0.84615,0.93333,0.56667
#8B6C94,139,108,148,286.5,0.27027,0.15748,0.58039,0.50196
#0AE4C6,10,228,198,171.74312,0.95614,0.91597,0.89412,0.46667
#5C6D84,92,109,132,214.5,0.30303,0.17857,0.51765,0.43922
#8E581F,142,88,31,30.81081,0.78169,0.64162,0.55686,0.33922
#4BCC87,75,204,135,147.90698,0.63235,0.55844,0.8,0.54706
#FA9BD5,250,155,213,323.36842,0.38,0.90476,0.98039,0.79412
#291A1B,41,26,27,356.0,0.36585,0.22388,0.16078,0.13137
#A728E4,167,40,228,280.53191,0.82456,0.77686,0.89412,0.52549
#3DD563,61,213,99,135.0,0.71362,0.64407,0.83529,0.53725
#94BBAB,148,187,171,155.38462,0.20856,0.22286,0.73333,0.65686
#6567E8,101,103,232,239.08397,0.56466,0.74011,0.9098,0.65294
#03A750,3,167,80,148.17073,0.98204,0.96471,0.6549,0.33333
#E4BE10,228,190,16,49.24528,0.92982,0.86885,0.89412,0.47843
#5C62AF,92,98,175,235.66265,0.47429,0.34156,0.68627,0.52353
#FBC411,251,196,17,45.89744,0.93227,0.96694,0.98431,0.52549
#91AC07,145,172,7,69.81818,0.9593,0.92179,0.67451,0.35098
#25C10F,37,193,15,112.58427,0.92228,0.85577,0.75686,0.40784
#961037,150,16,55,342.53731,0.89333,0.80723,0.58824,0.32549
#4E4937,78,73,55,46.95652,0.29487,0.17293,0.30588,0.26078
#3E973D,62,151,61,119.33333,0.59603,0.42453,0.59216,0.41569
#1C1F67,28,31,103,237.6,0.72816,0.57252,0.40392,0.25686
#BD6256,189,98,86,6.99029,0.54497,0.4383,0.74118,0.53922
#9FEE32,159,238,50,85.21277,0.78992,0.84685,0.93333,0.56471
#6D9D52,109,157,82,98.4,0.47771,0.31381,0.61569,0.46863
#A77588,167,117,136,337.2,0.2994,0.22124,0.6549,0.55686
#DD3E1E,221,62,30,10.05236,0.86425,0.76096,0.86667,0.49216
#DBBE6E,219,190,110,44.0367,0.49772,0.60221,0.85882,0.6451
#BB4568,187,69,104,342.20339,0.63102,0.46457,0.73333,0.50196
#8EB45D,142,180,93,86.2069,0.48333,0.36709,0.70588,0.53529
#D77683,215,118,131,351.95876,0.45116,0.54802,0.84314,0.65294
#9671BF,150,113,191,268.46154,0.40838,0.37864,0.74902,0.59608
#CD2401,205,36,1,10.29412,0.99512,0.99029,0.80392,0.40392
#200F87,32,15,135,248.5,0.88889,0.8,0.52941,0.29412
#F92BD6,249,43,214,310.19417,0.82731,0.94495,0.97647,0.57255
#778195,119,129,149,220.0,0.20134,0.12397,0.58431,0.52549
#7B091A,123,9,26,351.05263,0.92683,0.86364,0.48235,0.25882
#49B8AC,73,184,172,173.51351,0.60326,0.43874,0.72157,0.50392
#4BF456,75,244,86,123.90533,0.69262,0.88482,0.95686,0.62549
#B82995,184,41,149,314.68531,0.77717,0.63556,0.72157,0.44118
#D0677F,208,103,127,346.28571,0.50481,0.52764,0.81569,0.6098
#F69228,246,146,40,30.87379,0.8374,0.91964,0.96471,0.56078
#962D31,150,45,49,357.71429,0.7,0.53846,0.58824,0.38235
#CEEFEE,206,239,238,178.18182,0.13808,0.50769,0.93725,0.87255
#9F231D,159,35,29,2.76923,0.81761,0.69149,0.62353,0.36863
#0B5C35,11,92,53,151.11111,0.88043,0.78641,0.36078,0.20196
#FA5530,250,85,48,10.9901,0.808,0.95283,0.98039,0.58431
#93256D,147,37,109,320.72727,0.7483,0.59783,0.57647,0.36078
#269998,38,153,152,179.47826,0.75163,0.60209,0.6,0.37451
#C01E73,192,30,115,328.51852,0.84375,0.72973,0.75294,0.43529
#223726,34,55,38,131.42857,0.38182,0.23596,0.21569,0.17451
#A41564,164,21,100,326.85315,0.87195,0.77297,0.64314,0.36275
#B975FD,185,117,253,270.0,0.53755,0.97143,0.99216,0.72549
#B7703C,183,112,60,25.36585,0.67213,0.50617,0.71765,0.47647
#64A4CD,100,164,205,203.42857,0.5122,0.5122,0.80392,0.59804
#D5F68B,213,246,139,78.50467,0.43496,0.856,0.96471,0.7549
#4F660E,79,102,14,75.68182,0.86275,0.75862,0.4,0.22745
#95FB00,149,251,0,84.38247,1.0,1.0,0.98431,0.49216
#AD5C34,173,92,52,19.83471,0.69942,0.53778,0.67843,0.44118
#886CE2,136,108,226,254.23729,0.52212,0.67045,0.88627,0.6549
#D4DF13,212,223,19,63.23529,0.9148,0.84298,0.87451,0.47451
#DF4079,223,64,121,338.49057,0.713,0.713,0.87451,0.56275
#B7DF5F,183,223,95,78.75,0.57399,0.66667,0.87451,0.62353
#B7D14E,183,209,78,71.9084,0.62679,0.58744,0.81961,0.56275
#AC2185,172,33,133,316.83453,0.80814,0.67805,0.67451,0.40196
#5ACBD7,90,203,215,185.76,0.5814,0.60976,0.84314,0.59804
#303BE9,48,59,233,236.43243,0.79399,0.80786,0.91373,0.55098
#8C09A9,140,9,169,289.125,0.94675,0.89888,0.66275,0.34902
#91EAEA,145,234,234,180.0,0.38034,0.67939,0.91765,0.74314
#43C997,67,201,151,157.61194,0.66667,0.55372,0.78824,0.52549
#02C325,2,195,37,130.88083,0.98974,0.9797,0.76471,0.38627
#91BAEE,145,186,238,213.54839,0.39076,0.73228,0.93333,0.75098
#8D35B8,141,53,184,280.30534,0.71196,0.55274,0.72157,0.46471
#CEC53F,206,197,63,56.22378,0.69417,0.59336,0.80784,0.52745
#72C884,114,200,132,132.55814,0.43,0.43878,0.78431,0.61569
#0AC996,10,201,150,163.97906,0.95025,0.90521,0.78824,0.41373
#63E77D,99,231,125,131.81818,0.57143,0.73333,0.90588,0.64706
#26F5C3,38,245,195,165.50725,0.8449,0.91189,0.96078,0.5549
#8270C8,130,112,200,252.27273,0.44,0.44444,0.78431,0.61176
#8AED9A,138,237,154,129.69697,0.41772,0.73333,0.92941,0.73529
#C5BF1B,197,191,27,57.88235,0.86294,0.75893,0.77255,0.43922
#562EF0,86,46,240,252.37113,0.80833,0.86607,0.94118,0.56078
#273DBB,39,61,187,231.08108,0.79144,0.65487,0.73333,0.44314
#49E2EB,73,226,235,183.33333,0.68936,0.80198,0.92157,0.60392
#8B0909,139,9,9,0.0,0.93525,0.87838,0.5451,0.2902
#3EAF51,62,175,81,130.0885,0.64571,0.47679,0.68627,0.46471
#598F76,89,143,118,152.22222,0.37762,0.23276,0.56078,0.4549
#E9DE44,233,222,68,56.0,0.70815,0.78947,0.91373,0.5902
#7DBA60,125,186,96,100.66667,0.48387,0.39474,0.72941,0.55294
#167BBC,22,123,188,203.49398,0.88298,0.79048,0.73725,0.41176
#492105,73,33,5,24.70588,0.93151,0.87179,0.28627,0.15294
#4366EC,67,102,236,227.57396,0.7161,0.81643,0.92549,0.59412
#28876B,40,135,107,162.31579,0.7037,0.54286,0.52941,0.34314
#1AFCDD,26,252,221,171.76991,0.89683,0.97414,0.98824,0.5451
#7890EB,120,144,235,227.47826,0.48936,0.74194,0.92157,0.69608
#E328A4,227,40,164,320.2139,0.82379,0.76955,0.8902,0.52353
#6376B6,99,118,182,226.26506,0.45604,0.36245,0.71373,0.55098
#82B726,130,183,38,81.93103,0.79235,0.65611,0.71765,0.43333
#3B7673,59,118,115,176.94915,0.5,0.33333,0.46275,0.34706
#728DEF,114,141,239,227.04,0.52301,0.79618,0.93725,0.69216
#0D76C7,13,118,199,206.12903,0.93467,0.87736,0.78039,0.41569
#03DC16,3,220,22,125.25346,0.98636,0.97309,0.86275,0.43725
#7E0BA7,126,11,167,284.23077,0.93413,0.8764,0.6549,0.34902
#687182,104,113,130,219.23077,0.2,0.11111,0.5098,0.45882
#3C9551,60,149,81,134.1573,0.59732,0.42584,0.58431,0.4098
#5CE5B4,92,229,180,158.54015,0.59825,0.72487,0.89804,0.62941
#97BCC2,151,188,194,188.37209,0.22165,0.26061,0.76078,0.67647
#5CDB19,92,219,25,99.27835,0.88584,0.79508,0.85882,0.47843
#BFA389,191,163,137,28.88889,0.28272,0.2967,0.74902,0.64314
#A58E26,165,142,38,49.13386,0.7697,0.62562,0.64706,0.39804
#8999DF,137,153,223,228.83721,0.38565,0.57333,0.87451,0.70588
#F1ED51,241,237,81,58.5,0.6639,0.85106,0.9451,0.63137
#AA1029,170,16,41,350.25974,0.90588,0.82796,0.66667,0.36471
#FCFF1F,252,255,31,60.80357,0.87843,1.0,1.0,0.56078
#CC3D14,204,61,20,13.36957,0.90196,0.82143,0.8,0.43922
#C34DA7,195,77,167,314.23729,0.60513,0.4958,0.76471,0.53333
#044693,4,70,147,212.30769,0.97279,0.94702,0.57647,0.29608
#4F37FC,79,55,252,247.30964,0.78175,0.97044,0.98824,0.60196
#58EF4B,88,239,75,115.2439,0.68619,0.83673,0.93725,0.61569
#2026DA,32,38,218,238.06452,0.85321,0.744,0.8549,0.4902
#E9EB41,233,235,65,60.70588,0.7234,0.80952,0.92157,0.58824
#631174,99,17,116,289.69697,0.85345,0.74436,0.4549,0.26078
#C3CC71,195,204,113,65.93407,0.44608,0.4715,0.8,0.62157
#913BDD,145,59,221,271.85185,0.73303,0.70435,0.86667,0.54902
#435DA1,67,93,161,223.40426,0.58385,0.41228,0.63137,0.44706
#E435EF,228,53,239,296.45161,0.77824,0.85321,0.93725,0.57255
#3524FF,53,36,255,244.65753,0.85882,1.0,1.0,0.57059
#B959BA,185,89,186,299.38144,0.52151,0.41277,0.72941,0.53922
#BD58A9,189,88,169,311.88119,0.53439,0.43348,0.74118,0.54314
#6B90CB,107,144,203,216.875,0.47291,0.48,0.79608,0.60784
#A049FA,160,73,250,269.49153,0.708,0.94652,0.98039,0.63333
#37B514,55,181,20,106.95652,0.8895,0.801,0.7098,0.39412
#159D5B,21,157,91,150.88235,0.86624,0.76404,0.61569,0.34902
#999047,153,144,71,53.41463,0.53595,0.36607,0.6,0.43922
#89AB8C,137,171,140,125.29412,0.19883,0.16832,0.67059,0.60392
#EB805F,235,128,95,14.14286,0.59574,0.77778,0.92157,0.64706
#C491A8,196,145,168,332.94118,0.2602,0.30178,0.76863,0.66863
#E49180,228,145,128,10.2,0.4386,0.64935,0.89412,0.69804
#FE7D81,254,125,129,358.13953,0.50787,0.98473,0.99608,0.74314
#2EBED4,46,190,212,187.95181,0.78302,0.65873,0.83137,0.50588
#26513E,38,81,62,153.48837,0.53086,0.36134,0.31765,0.23333
#720DB1,114,13,177,276.95122,0.92655,0.86316,0.69412,0.37255
#2BF8CD,43,248,205,167.41463,0.82661,0.93607,0.97255,0.57059
#F8AE89,248,174,137,20.0,0.44758,0.888,0.97255,0.7549
#CB0706,203,7,6,0.30457,0.97044,0.94258,0.79608,0.4098
#FFC839,255,200,57,43.33333,0.77647,1.0,1.0,0.61176
#22E7C7,34,231,199,170.25381,0.85281,0.80408,0.90588,0.51961
#2C6AA9,44,106,169,210.24,0.73964,0.58685,0.66275,0.41765
#95A53D,149,165,61,69.23077,0.6303,0.46018,0.64706,0.44314
#CE9020,206,144,32,38.62069,0.84466,0.73109,0.80784,0.46667
#1FB086,31,176,134,162.62069,0.82386,0.70048,0.6902,0.40588
#F471EE,244,113,238,302.74809,0.53689,0.85621,0.95686,0.7
#A60BEC,166,11,236,281.33333,0.95339,0.91093,0.92549,0.48431
#F3AA16,243,170,22,40.181,0.90947,0.90204,0.95294,0.51961
#C23E01,194,62,1,18.96373,0.99485,0.98974,0.76078,0.38235
#49B8C5,73,184,197,186.29032,0.62944,0.51667,0.77255,0.52941
#35D28E,53,210,142,154.01274,0.74762,0.63563,0.82353,0.51569
#E30BF3,227,11,243,295.86207,0.95473,0.91339,0.95294,0.49804
#8F8174,143,129,116,28.88889,0.18881,0.10757,0.56078,0.50784
#DDE854,221,232,84,64.45946,0.63793,0.76289,0.9098,0.61961
#D94F7E,217,79,126,339.56522,0.63594,0.64486,0.85098,0.58039
#565267,86,82,103,251.42857,0.20388,0.11351,0.40392,0.36275
#F4706A,244,112,106,2.6087,0.56557,0.8625,0.95686,0.68627
#2B38D3,43,56,211,235.35714,0.79621,0.66142,0.82745,0.49804
#DF12F5,223,18,245,294.18502,0.92653,0.91903,0.96078,0.51569
#9A839E,154,131,158,291.11111,0.17089,0.12217,0.61961,0.56667
#88AB6A,136,171,106,92.30769,0.38012,0.27897,0.67059,0.54314
#981ACD,152,26,205,282.23464,0.87317,0.77489,0.80392,0.45294
#6471EB,100,113,235,234.22222,0.57447,0.77143,0.92157,0.65686
#3A88F2,58,136,242,214.56522,0.76033,0.87619,0.94902,0.58824
#46B135,70,177,53,111.77419,0.70056,0.53913,0.69412,0.45098
#6C4962,108,73,98,317.14286,0.32407,0.19337,0.42353,0.3549
#0B5F7B,11,95,123,195.0,0.91057,0.83582,0.48235,0.26275
#570AD0,87,10,208,263.33333,0.95192,0.90826,0.81569,0.42745
#F66F6A,246,111,106,2.14286,0.56911,0.88608,0.96471,0.6902
#7AC043,122,192,67,93.6,0.65104,0.49801,0.75294,0.50784
#9F9883,159,152,131,45.0,0.1761,0.12727,0.62353,0.56863
#AEDFE1,174,223,225,182.35294,0.22667,0.45946,0.88235,0.78235
#CDB42D,205,180,45,50.625,0.78049,0.64,0.80392,0.4902
#A78213,167,130,19,45.0,0.88623,0.7957,0.6549,0.36471
#1BE86D,27,232,109,144.0,0.88362,0.81673,0.9098,0.50784
#7A6197,122,97,151,267.77778,0.35762,0.21774,0.59216,0.48627
#61CD80,97,205,128,137.22222,0.52683,0.51923,0.80392,0.59216
#3543A0,53,67,160,232.14953,0.66875,0.50235,0.62745,0.41765
#F36CEC,243,108,236,303.11111,0.55556,0.84906,0.95294,0.68824
#C6C4E4,198,196,228,243.75,0.14035,0.37209,0.89412,0.83137
#B8A6A8,184,166,168,353.33333,0.09783,0.1125,0.72157,0.68627
#AF8E19,175,142,25,46.8,0.85714,0.75,0.68627,0.39216
#7E30BA,126,48,186,273.91304,0.74194,0.58974,0.72941,0.45882
#86A97B,134,169,123,105.65217,0.27219,0.21101,0.66275,0.57255
#93E940,147,233,64,90.53254,0.72532,0.79343,0.91373,0.58235
#CF7CA6,207,124,166,329.63855,0.40097,0.46369,0.81176,0.64902
#7A16DB,122,22,219,270.45685,0.89954,0.81743,0.85882,0.47255
#864025,134,64,37,16.70103,0.72388,0.56725,0.52549,0.33529
#75E845,117,232,69,102.33129,0.70259,0.7799,0.9098,0.5902
#9DF7BB,157,247,187,140.0,0.36437,0.84906,0.96863,0.79216
#7F6C09,127,108,9,50.33898,0.92913,0.86765,0.49804,0.26667
#BB55F1,187,85,241,279.23077,0.6473,0.84783,0.9451,0.63922
#7CC0A6,124,192,166,157.05882,0.35417,0.35052,0.75294,0.61961
#A84FB6,168,79,182,291.84466,0.56593,0.41365,0.71373,0.51176
#79913B,121,145,59,76.74419,0.5931,0.42157,0.56863,0.4
#6564D0,101,100,208,240.55556,0.51923,0.53465,0.81569,0.60392
#D3F3E9,211,243,233,161.25,0.13169,0.57143,0.95294,0.8902
#D8C007,216,192,7,53.11005,0.96759,0.93722,0.84706,0.43725
#51AEFB,81,174,251,207.17647,0.67729,0.95506,0.98431,0.65098
#DE61DB,222,97,219,301.44,0.56306,0.65445,0.87059,0.62549
#9EEF3B,158,239,59,87.0,0.75314,0.84906,0.93725,0.58431
#1CAB4A,28,171,74,139.3007,0.83626,0.71859,0.67059,0.3902
#FFD2EE,255,210,238,322.66667,0.17647,1.0,1.0,0.91176
#14EEEC,20,238,236,179.44954,0.91597,0.86508,0.93333,0.50588
#3A0339,58,3,57,301.09091,0.94828,0.90164,0.22745,0.11961
#D032FD,208,50,253,286.69951,0.80237,0.98068,0.99216,0.59412
#3D5D6B,61,93,107,198.26087,0.42991,0.27381,0.41961,0.32941
#B260A0,178,96,160,313.17073,0.46067,0.34746,0.69804,0.53725
#2A8D2A,42,141,42,120.0,0.70213,0.54098,0.55294,0.35882
#D18857,209,136,87,24.09836,0.58373,0.57009,0.81961,0.58039
#249178,36,145,120,166.23853,0.75172,0.60221,0.56863,0.3549
#B14128,177,65,40,10.94891,0.77401,0.63134,0.69412,0.42549
#2C8C5D,44,140,93,150.625,0.68571,0.52174,0.54902,0.36078
#EB246E,235,36,110,337.68844,0.84681,0.83264,0.92157,0.53137
#037E99,3,126,153,190.8,0.98039,0.96154,0.6,0.30588
#32053D,50,5,61,288.21429,0.91803,0.84848,0.23922,0.12941
#0B8909,11,137,9,119.0625,0.93431,0.87671,0.53725,0.28627
#EAF8C0,234,248,192,75.0,0.22581,0.8,0.97255,0.86275
#ED3A81,237,58,129,336.20112,0.75527,0.83256,0.92941,0.57843
#088830,8,136,48,138.75,0.94118,0.88889,0.53333,0.28235
#474568,71,69,104,243.42857,0.33654,0.20231,0.40784,0.33922
#BC5F9C,188,95,156,320.64516,0.49468,0.40969,0.73725,0.5549
#CF976D,207,151,109,25.71429,0.47343,0.50515,0.81176,0.61961
#3B554F,59,85,79,166.15385,0.30588,0.18056,0.33333,0.28235
#DE8DB3,222,141,179,331.85185,0.36486,0.55102,0.87059,0.71176
#5985BE,89,133,190,213.86139,0.53158,0.43723,0.7451,0.54706
#CE3E19,206,62,25,12.26519,0.87864,0.78355,0.80784,0.45294
#E89516,232,149,22,36.28571,0.90517,0.82677,0.9098,0.49804
#BDADB2,189,173,178,341.25,0.08466,0.10811,0.74118,0.7098
#223549,34,53,73,210.76923,0.53425,0.36449,0.28627,0.2098
#DC27C0,220,39,192,309.28177,0.82273,0.72112,0.86275,0.50784
#E60F08,230,15,8,1.89189,0.96522,0.93277,0.90196,0.46667
#7765BE,119,101,190,252.13483,0.46842,0.40639,0.7451,0.57059
#9FDA4B,159,218,75,84.75524,0.65596,0.65899,0.8549,0.57451
#EB0A59,235,10,89,338.93333,0.95745,0.91837,0.92157,0.48039
#A250EB,162,80,235,271.74194,0.65957,0.79487,0.92157,0.61765
#C938BB,201,56,187,305.7931,0.72139,0.57312,0.78824,0.50392
#B41987,180,25,135,317.41935,0.86111,0.7561,0.70588,0.40196
#520FDC,82,15,220,259.60976,0.93182,0.87234,0.86275,0.46078
#6D7532,109,117,50,67.16418,0.57265,0.4012,0.45882,0.32745
#8A3374,138,51,116,315.17241,0.63043,0.46032,0.54118,0.37059
#5699C4,86,153,196,203.45455,0.56122,0.48246,0.76863,0.55294
#0BE46B,11,228,107,146.54378,0.95175,0.90795,0.89412,0.46863
#920A47,146,10,71,333.08824,0.93151,0.87179,0.57255,0.30588
#BE56FD,190,86,253,277.36527,0.66008,0.97661,0.99216,0.66471
#38D3BA,56,211,186,170.32258,0.7346,0.63786,0.82745,0.52353
#E9F6AC,233,246,172,70.54054,0.30081,0.80435,0.96471,0.81961
#24B787,36,183,135,160.40816,0.80328,0.67123,0.71765,0.42941
#FC1431,252,20,49,352.5,0.92063,0.97479,0.98824,0.53333
#FB0B18,251,11,24,356.75,0.95618,0.96774,0.98431,0.51373
#54149F,84,20,159,267.6259,0.87421,0.77654,0.62353,0.35098
#5FFE5E,95,254,94,119.625,0.62992,0.98765,0.99608,0.68235
#F685C8,246,133,200,324.42478,0.45935,0.8626,0.96471,0.74314
#AE80C9,174,128,201,277.80822,0.36318,0.40331,0.78824,0.6451
#F1E588,241,229,136,53.14286,0.43568,0.78947,0.9451,0.73922
#B71726,183,23,38,354.375,0.87432,0.7767,0.71765,0.40392
#81B002,129,176,2,76.2069,0.98864,0.97753,0.6902,0.34902
#C419B2,196,25,178,306.31579,0.87245,0.77376,0.76863,0.43333
#084C7A,8,76,122,204.21053,0.93443,0.87692,0.47843,0.2549
#B9F6F4,185,246,244,178.03279,0.24797,0.77215,0.96471,0.8451
#6018DA,96,24,218,262.26804,0.88991,0.80165,0.8549,0.47451
#2CEF20,44,239,32,116.52174,0.86611,0.86611,0.93725,0.53137
#BC3167,188,49,103,336.69065,0.73936,0.5865,0.73725,0.46471
#1BB5E3,27,181,227,193.8,0.88106,0.7874,0.8902,0.49804
#4C878A,76,135,138,182.90323,0.44928,0.28972,0.54118,0.41961
#FFCB66,255,203,102,39.60784,0.6,1.0,1.0,0.7
#632AB1,99,42,177,265.33333,0.76271,0.61644,0.69412,0.42941
#BA8B41,186,139,65,36.69421,0.65054,0.48207,0.72941,0.49216
#25E6FA,37,230,250,185.6338,0.852,0.95516,0.98039,0.56275
#57FA2A,87,250,42,107.01923,0.832,0.95413,0.98039,0.57255
#32F575,50,245,117,140.61538,0.79592,0.90698,0.96078,0.57843
#84D36A,132,211,106,105.14286,0.49763,0.54404,0.82745,0.62157
#D067E6,208,103,230,289.6063,0.55217,0.71751,0.90196,0.65294
#78354E,120,53,78,337.61194,0.55833,0.38728,0.47059,0.33922
#1F1C21,31,28,33,276.0,0.15152,0.08197,0.12941,0.11961
#63BF78,99,191,120,133.69565,0.48168,0.41818,0.74902,0.56863
#60BF0F,96,191,15,92.38636,0.92147,0.85437,0.74902,0.40392
#B79236,183,146,54,42.7907,0.70492,0.5443,0.71765,0.46471
#18CD9C,24,205,156,163.75691,0.88293,0.79039,0.80392,0.44902
#E0B7DD,224,183,221,304.39024,0.18304,0.39806,0.87843,0.79804
#B61253,182,18,83,336.21951,0.9011,0.82,0.71373,0.39216
#752F87,117,47,135,287.72727,0.65185,0.48352,0.52941,0.35686
#B19187,177,145,135,14.28571,0.23729,0.21212,0.69412,0.61176
#EE0F4A,238,15,74,344.12556,0.93697,0.88142,0.93333,0.49608
#3455E4,52,85,228,228.75,0.77193,0.76522,0.89412,0.54902
#58223C,88,34,60,331.11111,0.61364,0.44262,0.3451,0.23922
#0C16FB,12,22,251,237.48954,0.95219,0.96761,0.98431,0.51569
#037900,3,121,0,118.5124,1.0,1.0,0.47451,0.23725
#9E93E1,158,147,225,248.46154,0.34667,0.56522,0.88235,0.72941
#EBF41C,235,244,28,62.5,0.88525,0.90756,0.95686,0.53333
#64A781,100,167,129,145.97015,0.4012,0.27572,0.6549,0.52353
#9DB34B,157,179,75,72.69231,0.58101,0.40945,0.70196,0.49804
#BF9156,191,145,86,33.71429,0.54974,0.45064,0.74902,0.54314
#BF526C,191,82,108,345.68807,0.57068,0.45992,0.74902,0.53529
#F40172,244,1,114,332.09877,0.9959,0.99184,0.95686,0.48039
#AD96B9,173,150,185,279.42857,0.18919,0.2,0.72549,0.65686
#C4A001,196,160,1,48.92308,0.9949,0.98985,0.76863,0.38627
#FAAD6A,250,173,106,27.91667,0.576,0.93506,0.98039,0.69804
#3EA3A2,62,163,162,179.40594,0.61963,0.44889,0.63922,0.44118
#DAF251,218,242,81,68.9441,0.66529,0.86096,0.94902,0.63333
#F440BD,244,64,189,318.33333,0.7377,0.89109,0.95686,0.60392
#F2264A,242,38,74,349.41176,0.84298,0.88696,0.94902,0.54902
#2EF369,46,243,105,137.96954,0.8107,0.8914,0.95294,0.56667
#EA18CA,234,24,202,309.14286,0.89744,0.83333,0.91765,0.50588
#03CFB1,3,207,177,171.17647,0.98551,0.97143,0.81176,0.41176
#71AD5C,113,173,92,104.44444,0.46821,0.33061,0.67843,0.51961
#EF63CD,239,99,205,314.57143,0.58577,0.81395,0.93725,0.66275
#4B438B,75,67,139,246.66667,0.51799,0.34951,0.5451,0.40392
#91B357,145,179,87,82.17391,0.51397,0.37705,0.70196,0.52157
#EB547C,235,84,124,344.10596,0.64255,0.79058,0.92157,0.62549
#9071A2,144,113,162,277.95918,0.30247,0.20851,0.63529,0.53922
#B728FF,183,40,255,279.90698,0.84314,1.0,1.0,0.57843
#2285AE,34,133,174,197.57143,0.8046,0.67308,0.68235,0.40784
#BBF024,187,240,36,75.58824,0.85,0.87179,0.94118,0.54118
#78061F,120,6,31,346.84211,0.95,0.90476,0.47059,0.24706
#228948,34,137,72,142.13592,0.75182,0.60234,0.53725,0.33529
#7C5315,124,83,21,36.1165,0.83065,0.71034,0.48627,0.28431
#C8D5B3,200,213,179,82.94118,0.15962,0.28814,0.83529,0.76863
#5C83C1,92,131,193,216.83168,0.52332,0.44889,0.75686,0.55882
#E54571,229,69,113,343.5,0.69869,0.75472,0.89804,0.58431
#CF7786,207,119,134,349.77273,0.42512,0.47826,0.81176,0.63922
#84A97B,132,169,123,108.26087,0.27219,0.21101,0.66275,0.57255
#5A3FD1,90,63,209,251.09589,0.69856,0.61345,0.81961,0.53333
#2FCA16,47,202,22,111.66667,0.89109,0.80357,0.79216,0.43922
#1AD676,26,214,118,149.3617,0.8785,0.78333,0.83922,0.47059
#322902,50,41,2,48.75,0.96,0.92308,0.19608,0.10196
#D21C31,210,28,49,353.07692,0.86667,0.76471,0.82353,0.46667
#B55724,181,87,36,21.10345,0.8011,0.6682,0.7098,0.42549
#6B0AF4,107,10,244,264.87179,0.95902,0.92126,0.95686,0.49804
#83FC2F,131,252,47,95.41463,0.81349,0.97156,0.98824,0.58627
#B80BAE,184,11,174,303.46821,0.94022,0.88718,0.72157,0.38235
#121686,18,22,134,237.93103,0.86567,0.76316,0.52549,0.29804
#DDE4C0,221,228,192,71.66667,0.15789,0.4,0.89412,0.82353
#38A35F,56,163,95,141.86916,0.65644,0.48858,0.63922,0.42941
#6F91BE,111,145,190,214.17722,0.41579,0.37799,0.7451,0.5902
#66720D,102,114,13,67.12871,0.88596,0.79528,0.44706,0.24902
#7F3DCD,127,61,205,267.5,0.70244,0.59016,0.80392,0.52157
#FF322A,255,50,42,2.25352,0.83529,1.0,1.0,0.58235
#1C79E6,28,121,230,212.37624,0.87826,0.80159,0.90196,0.50588
#BCC96E,188,201,110,68.57143,0.45274,0.45729,0.78824,0.6098
#76D371,118,211,113,116.93878,0.46445,0.52688,0.82745,0.63529
#7DE96E,125,233,110,112.68293,0.5279,0.73653,0.91373,0.67255
#F1927F,241,146,127,10.0,0.47303,0.80282,0.9451,0.72157
#065F57,6,95,87,174.60674,0.93684,0.88119,0.37255,0.19804
#34844A,52,132,74,136.5,0.60606,0.43478,0.51765,0.36078
#3B5868,59,88,104,201.33333,0.43269,0.27607,0.40784,0.31961
#045D50,4,93,80,171.23596,0.95699,0.91753,0.36471,0.1902
#54DDBD,84,221,189,165.9854,0.61991,0.66829,0.86667,0.59804
#D3220D,211,34,13,6.36364,0.93839,0.88393,0.82745,0.43922
#D0B14A,208,177,74,46.1194,0.64423,0.58772,0.81569,0.55294
#B3D3C1,179,211,193,146.25,0.15166,0.26667,0.82745,0.76471
#EAB6C9,234,182,201,338.07692,0.22222,0.55319,0.91765,0.81569
#0382A3,3,130,163,192.375,0.9816,0.96386,0.63922,0.32549
#0D38E2,13,56,226,227.88732,0.94248,0.89121,0.88627,0.46863
#F19C02,241,156,2,38.66109,0.9917,0.98354,0.9451,0.47647
#A4E71A,164,231,26,79.60976,0.88745,0.81028,0.90588,0.50392
#E9BD02,233,189,2,48.57143,0.99142,0.98298,0.91373,0.46078
#BCABAA,188,171,170,3.33333,0.09574,0.11842,0.73725,0.70196
#3A9C14,58,156,20,103.23529,0.87179,0.77273,0.61176,0.3451
#899EB5,137,158,181,211.36364,0.24309,0.22917,0.7098,0.62353
#4C6A25,76,106,37,86.08696,0.65094,0.48252,0.41569,0.28039
#A4956C,164,149,108,43.92857,0.34146,0.23529,0.64314,0.53333
#48E39C,72,227,156,152.51613,0.68282,0.7346,0.8902,0.58627
#C92B82,201,43,130,326.96203,0.78607,0.64754,0.78824,0.47843
#19CBA3,25,203,163,166.51685,0.87685,0.7807,0.79608,0.44706
#A80336,168,3,54,341.45455,0.98214,0.96491,0.65882,0.33529
#3F9585,63,149,133,168.83721,0.57718,0.40566,0.58431,0.41569
#D691CC,214,145,204,308.69565,0.32243,0.45695,0.83922,0.70392
#25AEA3,37,174,163,175.18248,0.78736,0.64929,0.68235,0.41373
#F1EC3A,241,236,58,58.36066,0.75934,0.8673,0.9451,0.58627
#ADC301,173,195,1,66.80412,0.99487,0.9898,0.76471,0.38431
#EDFD55,237,253,85,65.71429,0.66403,0.97674,0.99216,0.66275
#FB44C4,251,68,196,318.03279,0.72908,0.95812,0.98431,0.62549
#8C8D2C,140,141,44,60.61856,0.68794,0.52432,0.55294,0.36275
#781689,120,22,137,291.13043,0.83942,0.72327,0.53725,0.31176
#5DEEF6,93,238,246,183.13725,0.62195,0.89474,0.96471,0.66471
#BF8A9C,191,138,156,339.62264,0.27749,0.29282,0.74902,0.6451
#BFF313,191,243,19,73.92857,0.92181,0.90323,0.95294,0.51373
#A8E9F4,168,233,244,188.68421,0.31148,0.77551,0.95686,0.80784
#0E5A03,14,90,3,112.41379,0.96667,0.93548,0.35294,0.18235
#F6DA25,246,218,37,51.96172,0.84959,0.9207,0.96471,0.5549
#85DC26,133,220,38,88.68132,0.82727,0.72222,0.86275,0.50588
#72ED12,114,237,18,93.69863,0.92405,0.85882,0.92941,0.5
#0C68E8,12,104,232,214.90909,0.94828,0.90164,0.9098,0.47843
#779C34,119,156,52,81.34615,0.66667,0.5,0.61176,0.40784
#2A5065,42,80,101,201.35593,0.58416,0.41259,0.39608,0.28039
#0B2A19,11,42,25,147.09677,0.7381,0.58491,0.16471,0.10392
#F854D6,248,84,214,312.43902,0.66129,0.92135,0.97255,0.65098
#74B16A,116,177,106,111.5493,0.40113,0.31278,0.69412,0.5549
#EE5F85,238,95,133,344.05594,0.60084,0.80791,0.93333,0.65294
#42BC01,66,188,1,99.14439,0.99468,0.98942,0.73725,0.37059
#E17155,225,113,85,12.0,0.62222,0.7,0.88235,0.60784
#31854B,49,133,75,138.57143,0.63158,0.46154,0.52157,0.35686
#118F0C,17,143,12,117.70992,0.91608,0.84516,0.56078,0.30392
#790D43,121,13,67,330.0,0.89256,0.80597,0.47451,0.26275
#4655CF,70,85,207,233.43066,0.66184,0.58798,0.81176,0.54314
#42A7FF,66,167,255,207.93651,0.74118,1.0,1.0,0.62941
#D67E54,214,126,84,19.38462,0.60748,0.61321,0.83922,0.58431
#2395C1,35,149,193,196.70886,0.81865,0.69298,0.75686,0.44706
#A55B4F,165,91,79,8.37209,0.52121,0.35246,0.64706,0.47843
#4A7693,74,118,147,203.83562,0.4966,0.33032,0.57647,0.43333
#F8CF01,248,207,1,50.04049,0.99597,0.99197,0.97255,0.48824
#E4E9DA,228,233,218,80.0,0.06438,0.25424,0.91373,0.88431
#E5D7FF,229,215,255,261.0,0.15686,1.0,1.0,0.92157
#7CF7BC,124,247,188,151.21951,0.49798,0.88489,0.96863,0.72745
#26044E,38,4,78,267.56757,0.94872,0.90244,0.30588,0.16078
#CF0986,207,9,134,322.12121,0.95652,0.91667,0.81176,0.42353
#A86B1B,168,107,27,34.04255,0.83929,0.72308,0.65882,0.38235
#BBFD9B,187,253,155,100.40816,0.38735,0.96078,0.99216,0.8
#99A6CB,153,166,203,224.4,0.24631,0.32468,0.79608,0.69804
#3BB59A,59,181,154,166.72131,0.67403,0.50833,0.7098,0.47059
#687E81,104,126,129,187.2,0.1938,0.1073,0.50588,0.45686
#542920,84,41,32,10.38462,0.61905,0.44828,0.32941,0.22745
#C7EE06,199,238,6,70.08621,0.97479,0.95082,0.93333,0.47843
#897C70,137,124,112,28.8,0.18248,0.1004,0.53725,0.48824
#D6CD1C,214,205,28,57.09677,0.86916,0.7686,0.83922,0.47451
#FA5CDD,250,92,221,311.01266,0.632,0.94048,0.98039,0.67059
#356861,53,104,97,171.76471,0.49038,0.32484,0.40784,0.30784
#6D3C46,109,60,70,347.7551,0.44954,0.28994,0.42745,0.33137
#ED0ADB,237,10,219,304.75771,0.95781,0.91903,0.92941,0.48431
#2B5FCE,43,95,206,220.8589,0.79126,0.65462,0.80784,0.48824
#6C4EDA,108,78,218,252.85714,0.6422,0.65421,0.8549,0.58039
#4C7470,76,116,112,174.0,0.34483,0.20833,0.4549,0.37647
#6DCCDB,109,204,219,188.18182,0.50228,0.6044,0.85882,0.64314
#00943B,0,148,59,143.91892,1.0,1.0,0.58039,0.2902
#6CD708,108,215,8,91.01449,0.96279,0.92825,0.84314,0.43725
#98AFB6,152,175,182,194.0,0.16484,0.17045,0.71373,0.6549
#544980,84,73,128,252.0,0.42969,0.27363,0.50196,0.39412
#FE57B0,254,87,176,328.02395,0.65748,0.98817,0.99608,0.66863
#92593F,146,89,63,18.79518,0.56849,0.39713,0.57255,0.4098
#5E5574,94,85,116,257.41935,0.26724,0.15423,0.4549,0.39412
#27A365,39,163,101,150.0,0.76074,0.61386,0.63922,0.39608
#93B487,147,180,135,104.0,0.25,0.23077,0.70588,0.61765
#4F2FEC,79,47,236,250.15873,0.80085,0.8326,0.92549,0.5549
#547987,84,121,135,196.47059,0.37778,0.23288,0.52941,0.42941
#5250C2,82,80,194,241.05263,0.58763,0.48305,0.76078,0.53725
#CFFBCF,207,251,207,120.0,0.1753,0.84615,0.98431,0.89804
#DEAFE1,222,175,225,296.4,0.22222,0.45455,0.88235,0.78431
#2C0745,44,7,69,275.80645,0.89855,0.81579,0.27059,0.14902
#5AF285,90,242,133,136.97368,0.6281,0.85393,0.94902,0.65098
#5EAD07,94,173,7,88.55422,0.95954,0.92222,0.67843,0.35294
#20B02A,32,176,42,124.16667,0.81818,0.69231,0.6902,0.40784
#CB22B5,203,34,181,307.81065,0.83251,0.71308,0.79608,0.46471
#C7CDCE,199,205,206,188.57143,0.03398,0.06667,0.80784,0.79412
#C2093C,194,9,60,343.45946,0.95361,0.91133,0.76078,0.39804
#DA3A8C,218,58,140,329.25,0.73394,0.68376,0.8549,0.54118
#DB21AA,219,33,170,315.80645,0.84932,0.7381,0.85882,0.49412
#EE9EEA,238,158,234,303.0,0.33613,0.70175,0.93333,0.77647
#3A3CB8,58,60,184,239.04762,0.68478,0.52066,0.72157,0.47451
#18C741,24,199,65,134.05714,0.8794,0.78475,0.78039,0.43725
#D99328,217,147,40,36.27119,0.81567,0.6996,0.85098,0.50392
#31F482,49,244,130,144.92308,0.79918,0.89862,0.95686,0.57451
#226537,34,101,55,138.80597,0.66337,0.4963,0.39608,0.26471
#D252CD,210,82,205,302.34375,0.60952,0.58716,0.82353,0.57255
#5767D1,87,103,209,232.13115,0.58373,0.57009,0.81961,0.58039
#3F65AE,63,101,174,219.45946,0.63793,0.46835,0.68235,0.46471
#667978,102,121,120,176.84211,0.15702,0.0852,0.47451,0.43725
#FBFC11,251,252,17,60.25532,0.93254,0.9751,0.98824,0.52745
#23BA97,35,186,151,166.09272,0.81183,0.68326,0.72941,0.43333
#162345,22,35,69,223.40426,0.68116,0.51648,0.27059,0.17843
#70CFBC,112,207,188,168.0,0.45894,0.49738,0.81176,0.62549
#F8616D,248,97,109,355.23179,0.60887,0.91515,0.97255,0.67647
#86B208,134,178,8,75.52941,0.95506,0.91398,0.69804,0.36471
#ABDD35,171,221,53,77.85714,0.76018,0.71186,0.86667,0.53725
#F06683,240,102,131,347.3913,0.575,0.82143,0.94118,0.67059
#A89560,168,149,96,44.16667,0.42857,0.29268,0.65882,0.51765
#66A0E7,102,160,231,213.02326,0.55844,0.72881,0.90588,0.65294
#E441BE,228,65,190,313.98773,0.71491,0.75115,0.89412,0.57451
#5FB5F4,95,181,244,205.36913,0.61066,0.87135,0.95686,0.66471
#BB1BA9,187,27,169,306.75,0.85561,0.74766,0.73333,0.41961
#867E94,134,126,148,261.81818,0.14865,0.09322,0.58039,0.53725
#227904,34,121,4,104.61538,0.96694,0.936,0.47451,0.2451
#776932,119,105,50,47.82609,0.57983,0.40828,0.46667,0.33137
#F23CF1,242,60,241,300.32967,0.75207,0.875,0.94902,0.59216
#2A2F4B,42,47,75,230.90909,0.44,0.28205,0.29412,0.22941
#BBA94C,187,169,76,50.27027,0.59358,0.44939,0.73333,0.51569
#3DA1D0,61,161,208,199.18367,0.70673,0.60996,0.81569,0.52745
#E8EDAD,232,237,173,64.6875,0.27004,0.64,0.92941,0.80392
#0D6C00,13,108,0,112.77778,1.0,1.0,0.42353,0.21176
#DBB05B,219,176,91,39.84375,0.58447,0.64,0.85882,0.60784
#CE4B05,206,75,5,20.89552,0.97573,0.95261,0.80784,0.41373
#ADA867,173,168,103,55.71429,0.40462,0.29915,0.67843,0.54118
#D0B5FC,208,181,252,262.8169,0.28175,0.92208,0.98824,0.84902
#E1CBB9,225,203,185,27.0,0.17778,0.4,0.88235,0.80392
#E86C4A,232,108,74,12.91139,0.68103,0.77451,0.9098,0.6
#D2C57B,210,197,123,51.03448,0.41429,0.49153,0.82353,0.65294
#2CF38B,44,243,139,148.64322,0.81893,0.89238,0.95294,0.56275
#A92606,169,38,6,11.77914,0.9645,0.93143,0.66275,0.34314
#8E8AD0,142,138,208,243.42857,0.33654,0.42683,0.81569,0.67843
#F165F3,241,101,243,299.15493,0.58436,0.85542,0.95294,0.67451
#DADBC2,218,219,194,62.4,0.11416,0.25773,0.85882,0.8098
#743D9B,116,61,155,275.10638,0.60645,0.43519,0.60784,0.42353
#0723CB,7,35,203,231.42857,0.96552,0.93333,0.79608,0.41176
#B3E4D3,179,228,211,159.18367,0.21491,0.47573,0.89412,0.79804
#1088D7,16,136,215,203.8191,0.92558,0.86147,0.84314,0.45294
#40D2B1,64,210,177,166.43836,0.69524,0.61864,0.82353,0.53725
#8EDB2B,142,219,43,86.25,0.80365,0.70968,0.85882,0.51373
#54EFFD,84,239,253,184.97041,0.66798,0.97688,0.99216,0.66078
#D1818C,209,129,140,351.75,0.38278,0.46512,0.81961,0.66275
#778176,119,129,118,114.54545,0.08527,0.04453,0.50588,0.48431
#090477,9,4,119,242.6087,0.96639,0.93496,0.46667,0.24118
#09510F,9,81,15,125.0,0.88889,0.8,0.31765,0.17647
#AEF5D3,174,245,211,151.26761,0.2898,0.78022,0.96078,0.82157
#91F3AF,145,243,175,138.36735,0.40329,0.80328,0.95294,0.76078
#7B1EFC,123,30,252,265.13514,0.88095,0.97368,0.98824,0.55294
#FE61EF,254,97,239,305.73248,0.61811,0.98742,0.99608,0.68824
#D9419E,217,65,158,323.28947,0.70046,0.66667,0.85098,0.55294
#9B3AB7,155,58,183,286.56,0.68306,0.51867,0.71765,0.47255
#9CD330,156,211,48,80.2454,0.77251,0.6494,0.82745,0.50784
#3FF347,63,243,71,122.66667,0.74074,0.88235,0.95294,0.6
#B631E9,182,49,233,283.36957,0.7897,0.80702,0.91373,0.55294
#41D573,65,213,115,140.27027,0.69484,0.63793,0.83529,0.5451
#A4CF11,164,207,17,73.57895,0.91787,0.84821,0.81176,0.43922
#734C5C,115,76,92,335.38462,0.33913,0.20419,0.45098,0.37451
#38979E,56,151,158,184.11765,0.64557,0.47664,0.61961,0.41961
#662035,102,32,53,342.0,0.68627,0.52239,0.4,0.26275
#F5901D,245,144,29,31.94444,0.88163,0.91525,0.96078,0.53725
#45DB9A,69,219,154,154.0,0.68493,0.67568,0.85882,0.56471
#619494,97,148,148,180.0,0.34459,0.20816,0.58039,0.48039
#A1A9A9,161,169,169,180.0,0.04734,0.04444,0.66275,0.64706
#F593A3,245,147,163,350.20408,0.4,0.83051,0.96078,0.76863
#035E65,3,94,101,184.28571,0.9703,0.94231,0.39608,0.20392
#9F95DE,159,149,222,248.21918,0.32883,0.52518,0.87059,0.72745
#041E1C,4,30,28,175.38462,0.86667,0.76471,0.11765,0.06667
#BED41F,190,212,31,67.29282,0.85377,0.74486,0.83137,0.47647
#2BBC90,43,188,144,161.7931,0.77128,0.62771,0.73725,0.45294
#B11FC3,177,31,195,293.41463,0.84103,0.72566,0.76471,0.44314
#C4FF68,196,255,104,83.44371,0.59216,1.0,1.0,0.70392
#E373FD,227,115,253,288.69565,0.54545,0.97183,0.99216,0.72157
#BCC760,188,199,96,66.40777,0.51759,0.47907,0.78039,0.57843
#F91C93,249,28,147,327.69231,0.88755,0.9485,0.97647,0.54314
#953CEA,149,60,234,270.68966,0.74359,0.80556,0.91765,0.57647
#37F63D,55,246,61,121.88482,0.77642,0.91388,0.96471,0.5902
#248F9D,36,143,157,186.94215,0.7707,0.62694,0.61569,0.37843
#19E083,25,224,131,151.9598,0.88839,0.7992,0.87843,0.48824
#B2E488,178,228,136,92.6087,0.40351,0.63014,0.89412,0.71373
#47691E,71,105,30,87.2,0.71429,0.55556,0.41176,0.26471
#B922EB,185,34,235,285.07463,0.85532,0.83402,0.92157,0.52745
#BFA32A,191,163,42,48.72483,0.7801,0.63948,0.74902,0.45686
#978949,151,137,73,49.23077,0.51656,0.34821,0.59216,0.43922
#19F950,25,249,80,134.73214,0.8996,0.94915,0.97647,0.53725
#A25115,162,81,21,25.53191,0.87037,0.77049,0.63529,0.35882
#D187E5,209,135,229,287.23404,0.41048,0.64384,0.89804,0.71373
#B2C754,178,199,84,70.95652,0.57789,0.50661,0.78039,0.5549
#40D6BC,64,214,188,169.6,0.70093,0.64655,0.83922,0.5451
#988E90,152,142,144,348.0,0.06579,0.0463,0.59608,0.57647
#3F66D3,63,102,211,224.18919,0.70142,0.62712,0.82745,0.53725
#005BAE,0,91,174,208.62069,1.0,1.0,0.68235,0.34118
#81DFD6,129,223,214,174.25532,0.42152,0.59494,0.87451,0.6902
#6DAABC,109,170,188,193.67089,0.42021,0.37089,0.73725,0.58235
#CABC06,202,188,6,55.71429,0.9703,0.94231,0.79216,0.40784
#99B05C,153,176,92,76.42857,0.47727,0.34711,0.6902,0.52549
#05EDD4,5,237,212,173.53448,0.9789,0.95868,0.92941,0.47451
#C1AB28,193,171,40,51.37255,0.79275,0.65665,0.75686,0.45686
#B30E21,179,14,33,353.09091,0.92179,0.85492,0.70196,0.37843
#3790C5,55,144,197,202.39437,0.72081,0.56349,0.77255,0.49412
#8AD3CF,138,211,207,176.71233,0.34597,0.45342,0.82745,0.68431
#AA6DA5,170,109,165,304.91803,0.35882,0.26407,0.66667,0.54706
#BDEC86,189,236,134,87.64706,0.4322,0.72857,0.92549,0.72549
#DB03A4,219,3,164,315.27778,0.9863,0.97297,0.85882,0.43529
#F3B3B9,243,179,185,354.375,0.26337,0.72727,0.95294,0.82745
#234BD5,35,75,213,226.51685,0.83568,0.71774,0.83529,0.48627
#468B3D,70,139,61,113.07692,0.56115,0.39,0.5451,0.39216
#B13088,177,48,136,319.06977,0.72881,0.57333,0.69412,0.44118
#A1B1A7,161,177,167,142.5,0.0904,0.09302,0.69412,0.66275
#CCF3DA,204,243,218,141.53846,0.16049,0.61905,0.95294,0.87647
#CBAD8A,203,173,138,32.30769,0.3202,0.38462,0.79608,0.66863
#4A713B,74,113,59,103.33333,0.47788,0.31395,0.44314,0.33725
#55CEA3,85,206,163,158.67769,0.58738,0.55251,0.80784,0.57059
#655EC0,101,94,192,244.28571,0.51042,0.4375,0.75294,0.56078
#C73BE9,199,59,233,288.27586,0.74678,0.79817,0.91373,0.57255
#C3C8CD,195,200,205,210.0,0.04878,0.09091,0.80392,0.78431
#38A1A4,56,161,164,181.66667,0.65854,0.49091,0.64314,0.43137
#17F639,23,246,57,129.14798,0.9065,0.92531,0.96471,0.52745
#FCB657,252,182,87,34.54545,0.65476,0.96491,0.98824,0.66471
#E855FC,232,85,252,292.81437,0.6627,0.96532,0.98824,0.66078
#0E1FF3,14,31,243,235.54585,0.94239,0.90514,0.95294,0.50392
#CF457E,207,69,126,335.21739,0.66667,0.58974,0.81176,0.54118
#7E8966,126,137,102,78.85714,0.25547,0.14644,0.53725,0.46863
#E13164,225,49,100,342.61364,0.78222,0.74576,0.88235,0.53725
#A88EE9,168,142,233,257.14286,0.39056,0.67407,0.91373,0.73529
#44E5C9,68,229,201,169.56522,0.70306,0.75587,0.89804,0.58235
#748B7D,116,139,125,143.47826,0.16547,0.0902,0.5451,0.5
#EBB3A2,235,179,162,13.9726,0.31064,0.64602,0.92157,0.77843
#72C8F1,114,200,241,199.37008,0.52697,0.81935,0.9451,0.69608
#15CAB2,21,202,178,172.0442,0.89604,0.81166,0.79216,0.43725
#7737AC,119,55,172,272.82051,0.68023,0.51542,0.67451,0.4451
#266F3B,38,111,59,137.26027,0.65766,0.48993,0.43529,0.29216
#3364C7,51,100,199,220.13514,0.74372,0.592,0.78039,0.4902
#C1F9CB,193,249,203,130.71429,0.2249,0.82353,0.97647,0.86667
#7B9E3F,123,158,63,82.10526,0.60127,0.42986,0.61961,0.43333
#946B5D,148,107,93,15.27273,0.37162,0.22822,0.58039,0.47255
#2C020C,44,2,12,345.71429,0.95455,0.91304,0.17255,0.0902
#D84552,216,69,82,354.69388,0.68056,0.65333,0.84706,0.55882
#7FDB4D,127,219,77,98.87324,0.6484,0.66355,0.85882,0.58039
#A4CD2C,164,205,44,75.2795,0.78537,0.64659,0.80392,0.48824
#69D8E4,105,216,228,185.85366,0.53947,0.69492,0.89412,0.65294
#5B1D58,91,29,88,302.90323,0.68132,0.51667,0.35686,0.23529
#9C9248,156,146,72,52.85714,0.53846,0.36842,0.61176,0.44706
#362EC6,54,46,198,243.15789,0.76768,0.62295,0.77647,0.47843
#3AC2BB,58,194,187,176.91176,0.70103,0.53968,0.76078,0.49412
#DE3F0B,222,63,11,14.78673,0.95045,0.90558,0.87059,0.45686
#2A8A4C,42,138,76,141.25,0.69565,0.53333,0.54118,0.35294
#261D19,38,29,25,18.46154,0.34211,0.20635,0.14902,0.12353
#69565A,105,86,90,347.36842,0.18095,0.09948,0.41176,0.37451
#43C4B1,67,196,177,171.16279,0.65816,0.52227,0.76863,0.51569
#E99E91,233,158,145,8.86364,0.37768,0.66667,0.91373,0.74118
#55C930,85,201,48,105.4902,0.76119,0.61446,0.78824,0.48824
#DC2732,220,39,50,356.35359,0.82273,0.72112,0.86275,0.50784
#A65B12,166,91,18,29.59459,0.89157,0.80435,0.65098,0.36078
#4293D2,66,147,210,206.25,0.68571,0.61538,0.82353,0.54118
#E38476,227,132,118,7.70642,0.48018,0.66061,0.8902,0.67647
#1765C4,23,101,196,212.94798,0.88265,0.78995,0.76863,0.42941
#0B881E,11,136,30,129.12,0.91912,0.85034,0.53333,0.28824
#BAA9D6,186,169,214,262.66667,0.21028,0.35433,0.83922,0.75098
#6C9774,108,151,116,131.16279,0.28477,0.17131,0.59216,0.50784
#A04E94,160,78,148,308.78049,0.5125,0.34454,0.62745,0.46667
#4A4885,74,72,133,241.96721,0.45865,0.29756,0.52157,0.40196
#17B6CD,23,182,205,187.58242,0.8878,0.79825,0.80392,0.44706
#6C05A4,108,5,164,278.86792,0.96951,0.94083,0.64314,0.33137
#4BF6C1,75,246,193,161.40351,0.69512,0.90476,0.96471,0.62941
#052D18,5,45,24,148.5,0.88889,0.8,0.17647,0.09804
#6EB5AF,110,181,175,174.92958,0.39227,0.3242,0.7098,0.57059
#1DDA02,29,218,2,112.5,0.99083,0.98182,0.8549,0.43137
#270103,39,1,3,356.84211,0.97436,0.95,0.15294,0.07843
#7F3DE5,127,61,229,263.57143,0.73362,0.76364,0.89804,0.56863
#FAE583,250,229,131,49.41176,0.476,0.92248,0.98039,0.74706
#D24528,210,69,40,10.23529,0.80952,0.68,0.82353,0.4902
#B4723D,180,114,61,26.72269,0.66111,0.49378,0.70588,0.47255
#A6DE0C,166,222,12,76.0,0.94595,0.89744,0.87059,0.45882
#4121CD,65,33,205,251.16279,0.83902,0.72269,0.80392,0.46667
#EAEC6B,234,236,107,60.93023,0.54661,0.77246,0.92549,0.67255
#47F23F,71,242,63,117.31844,0.73967,0.87317,0.94902,0.59804
#FD1036,253,16,54,350.37975,0.93676,0.9834,0.99216,0.52745
#9E6842,158,104,66,24.78261,0.58228,0.41071,0.61961,0.43922
#1E3C45,30,60,69,193.84615,0.56522,0.39394,0.27059,0.19412
#33944E,51,148,78,136.70103,0.65541,0.48744,0.58039,0.3902
#5D90F0,93,144,240,219.18367,0.6125,0.83051,0.94118,0.65294
#D3C9AA,211,201,170,45.36585,0.19431,0.31783,0.82745,0.74706
#FAAF0D,250,175,13,41.01266,0.948,0.95951,0.98039,0.51569
#9CCCB8,156,204,184,155.0,0.23529,0.32,0.8,0.70588
#3F2B43,63,43,67,290.0,0.35821,0.21818,0.26275,0.21569
#5D0E22,93,14,34,344.81013,0.84946,0.73832,0.36471,0.2098
#D89752,216,151,82,30.89552,0.62037,0.63208,0.84706,0.58431
#FD3EE8,253,62,232,306.59686,0.75494,0.97949,0.99216,0.61765
#A012C2,160,18,194,288.40909,0.90722,0.83019,0.76078,0.41569
#EA3F73,234,63,115,341.75439,0.73077,0.80282,0.91765,0.58235
#0D90AD,13,144,173,190.875,0.92486,0.86022,0.67843,0.36471
#7CC37D,124,195,125,120.84507,0.3641,0.37173,0.76471,0.62549
#BBB90B,187,185,11,59.31818,0.94118,0.88889,0.73333,0.38824
#1E0B13,30,11,19,334.73684,0.63333,0.46341,0.11765,0.08039
#E3BB3A,227,187,58,45.79882,0.74449,0.75111,0.8902,0.55882
#FB1A42,251,26,66,349.33333,0.89641,0.96567,0.98431,0.54314
#1D33C4,29,51,196,232.09581,0.85204,0.74222,0.76863,0.44118
#FF4E42,255,78,66,3.80952,0.74118,1.0,1.0,0.62941
#81BE69,129,190,105,103.05882,0.44737,0.39535,0.7451,0.57843
#CFE658,207,230,88,69.71831,0.61739,0.73958,0.90196,0.62353
#4CDD48,76,221,72,118.38926,0.67421,0.68664,0.86667,0.57451
#945EF9,148,94,249,260.90323,0.62249,0.92814,0.97647,0.67255
#E43624,228,54,36,5.625,0.84211,0.78049,0.89412,0.51765
#B9DE40,185,222,64,74.05063,0.71171,0.70536,0.87059,0.56078
#90D033,144,208,51,84.4586,0.75481,0.6255,0.81569,0.50784
#04CA3C,4,202,60,136.9697,0.9802,0.96117,0.79216,0.40392
#B88DC6,184,141,198,285.26316,0.28788,0.33333,0.77647,0.66471
#B8769D,184,118,157,324.54545,0.3587,0.31731,0.72157,0.59216
#D1C975,209,201,117,54.78261,0.44019,0.5,0.81961,0.63922
#4D7906,77,121,6,82.95652,0.95041,0.90551,0.47451,0.24902
#4FF974,79,249,116,133.05882,0.68273,0.93407,0.97647,0.64314
#0FEE6A,15,238,106,144.4843,0.93697,0.88142,0.93333,0.49608
#03C7E9,3,199,233,188.86957,0.98712,0.97458,0.91373,0.46275
#D8E09F,216,224,159,67.38462,0.29018,0.51181,0.87843,0.75098
#75A7C8,117,167,200,203.85542,0.415,0.43005,0.78431,0.62157
#1AC66A,26,198,106,147.90698,0.86869,0.76786,0.77647,0.43922
#7E775C,126,119,92,47.64706,0.26984,0.15596,0.49412,0.42745
#FB2F9F,251,47,159,327.05882,0.81275,0.96226,0.98431,0.58431
#906C09,144,108,9,44.0,0.9375,0.88235,0.56471,0.3
#C4D0D1,196,208,209,184.61538,0.0622,0.12381,0.81961,0.79412
#884C50,136,76,80,356.0,0.44118,0.28302,0.53333,0.41569
#7C64BE,124,100,190,256.0,0.47368,0.40909,0.7451,0.56863
#8648E7,134,72,231,263.39623,0.68831,0.76812,0.90588,0.59412
#429DDC,66,157,220,204.54545,0.7,0.6875,0.86275,0.56078
#B9E502,185,229,2,71.62996,0.99127,0.98268,0.89804,0.45294
#89F32F,137,243,47,92.44898,0.80658,0.89091,0.95294,0.56863
#6C792E,108,121,46,70.4,0.61983,0.4491,0.47451,0.32745
#5478B3,84,120,179,217.26316,0.53073,0.38462,0.70196,0.51569
#D35F95,211,95,149,332.06897,0.54976,0.56863,0.82745,0.6
#9AC83B,154,200,59,79.57447,0.705,0.56175,0.78431,0.50784
#D08944,208,137,68,29.57143,0.67308,0.59829,0.81569,0.54118
#04E18D,4,225,141,157.19457,0.98222,0.96507,0.88235,0.44902
#9CF13B,156,241,59,88.02198,0.75519,0.86667,0.9451,0.58824
#EEA58F,238,165,143,13.89474,0.39916,0.73643,0.93333,0.74706
#48760F,72,118,15,86.79612,0.87288,0.77444,0.46275,0.26078
#093274,9,50,116,217.00935,0.92241,0.856,0.4549,0.2451
#4D2402,77,36,2,27.2,0.97403,0.94937,0.30196,0.1549
#3D1371,61,19,113,266.80851,0.83186,0.71212,0.44314,0.25882
#1F8153,31,129,83,151.83673,0.75969,0.6125,0.50588,0.31373
#F3D6E2,243,214,226,335.17241,0.11934,0.54717,0.95294,0.89608
#27AAA0,39,170,160,175.41985,0.77059,0.62679,0.66667,0.4098
#CB6C82,203,108,130,346.10526,0.46798,0.47739,0.79608,0.6098
#1A79F8,26,121,248,214.32432,0.89516,0.94068,0.97255,0.53725
#B8385E,184,56,94,342.1875,0.69565,0.53333,0.72157,0.47059
#557D2D,85,125,45,90.0,0.64,0.47059,0.4902,0.33333
#DAC420,218,196,32,52.90323,0.85321,0.744,0.8549,0.4902
#29FC00,41,252,0,110.2381,1.0,1.0,0.98824,0.49412
#B1C701,177,199,1,66.66667,0.99497,0.99,0.78039,0.39216
#99027A,153,2,122,312.31788,0.98693,0.97419,0.6,0.30392
#F3B335,243,179,53,39.78947,0.78189,0.88785,0.95294,0.58039
#6D083D,109,8,61,328.51485,0.92661,0.86325,0.42745,0.22941
#86C005,134,192,5,78.60963,0.97396,0.94924,0.75294,0.38627
#7DFDBA,125,253,186,148.59375,0.50593,0.9697,0.99216,0.74118
#D4EF1F,212,239,31,67.78846,0.87029,0.86667,0.93725,0.52941
#BC20BE,188,32,190,299.24051,0.83158,0.71171,0.7451,0.43529
#9B1023,155,16,35,351.79856,0.89677,0.81287,0.60784,0.33529
#A8E916,168,233,22,78.48341,0.90558,0.82745,0.91373,0.5
#0B821E,11,130,30,129.57983,0.91538,0.84397,0.5098,0.27647
#7B0117,123,1,23,349.18033,0.99187,0.98387,0.48235,0.24314
#6578FD,101,120,253,232.5,0.60079,0.97436,0.99216,0.69412
#35E863,53,232,99,135.41899,0.77155,0.79556,0.9098,0.55882
#FF13BF,255,19,191,316.27119,0.92549,1.0,1.0,0.53725
#7C527F,124,82,127,296.0,0.35433,0.21531,0.49804,0.4098
#60029E,96,2,158,276.15385,0.98734,0.975,0.61961,0.31373
#F757A4,247,87,164,331.125,0.64777,0.90909,0.96863,0.6549
#AA8DE9,170,141,233,258.91304,0.39485,0.67647,0.91373,0.73333
#7CE4DD,124,228,221,175.96154,0.45614,0.65823,0.89412,0.6902
#338DDD,51,141,221,208.23529,0.76923,0.71429,0.86667,0.53333
#A0C4A0,160,196,160,120.0,0.18367,0.23377,0.76863,0.69804
#627DD8,98,125,216,226.27119,0.5463,0.60204,0.84706,0.61569
#639D84,99,157,132,154.13793,0.36943,0.22835,0.61569,0.50196
#484F81,72,79,129,232.63158,0.44186,0.28358,0.50588,0.39412
#1EA9A3,30,169,163,177.41007,0.82249,0.69849,0.66275,0.3902
#912ADC,145,42,220,274.7191,0.80909,0.71774,0.86275,0.51373
#9C5AAC,156,90,172,288.29268,0.47674,0.33065,0.67451,0.51373
#6EF450,110,244,80,109.02439,0.67213,0.88172,0.95686,0.63529
#FCE746,252,231,70,53.07692,0.72222,0.96809,0.98824,0.63137
#2B9522,43,149,34,115.30435,0.77181,0.62842,0.58431,0.35882
#D45F12,212,95,18,23.81443,0.91509,0.84348,0.83137,0.45098
#959D67,149,157,103,68.88889,0.34395,0.216,0.61569,0.5098
#087A82,8,122,130,183.93443,0.93846,0.88406,0.5098,0.27059
#DCA43D,220,164,61,38.86792,0.72273,0.69432,0.86275,0.55098
#8FC318,143,195,24,78.24561,0.87692,0.78082,0.76471,0.42941
#83CCA9,131,204,169,151.23288,0.35784,0.41714,0.8,0.65686
#BA2658,186,38,88,339.72973,0.7957,0.66071,0.72941,0.43922
#426720,66,103,32,91.26761,0.68932,0.52593,0.40392,0.26471
#6FDE5C,111,222,92,111.23077,0.58559,0.66327,0.87059,0.61569
#7CB2AA,124,178,170,171.11111,0.30337,0.25962,0.69804,0.59216
#3798B5,55,152,181,193.80952,0.69613,0.5339,0.7098,0.46275
#01DF57,1,223,87,143.24324,0.99552,0.99107,0.87451,0.43922
#B46D1E,180,109,30,31.6,0.83333,0.71429,0.70588,0.41176
#06956D,6,149,109,163.21678,0.95973,0.92258,0.58431,0.30392
#CEC380,206,195,128,51.53846,0.37864,0.44318,0.80784,0.6549
#D136CE,209,54,206,301.16129,0.74163,0.62753,0.81961,0.51569
#244CA7,36,76,167,221.67939,0.78443,0.64532,0.6549,0.39804
#125444,18,84,68,165.45455,0.78571,0.64706,0.32941,0.2
#42F159,66,241,89,127.88571,0.72614,0.86207,0.9451,0.60196
#BB9DC0,187,157,192,291.42857,0.18229,0.21739,0.75294,0.68431
#0F71D1,15,113,209,209.69072,0.92823,0.86607,0.81961,0.43922
#0658E4,6,88,228,217.83784,0.97368,0.94872,0.89412,0.45882
#36AD1B,54,173,27,108.90411,0.84393,0.73,0.67843,0.39216
#6F0413,111,4,19,351.58879,0.96396,0.93043,0.43529,0.22549
#D46AC6,212,106,198,307.92453,0.5,0.55208,0.83137,0.62353
#1F68E3,31,104,227,217.65306,0.86344,0.77778,0.8902,0.50588
#92831A,146,131,26,52.5,0.82192,0.69767,0.57255,0.33725
#C12F52,193,47,82,345.61644,0.75648,0.60833,0.75686,0.47059
#DA891C,218,137,28,34.42105,0.87156,0.77236,0.8549,0.48235
#3B8B0E,59,139,14,98.4,0.89928,0.81699,0.5451,0.3
#78008B,120,0,139,291.79856,1.0,1.0,0.5451,0.27255
#8876CC,136,118,204,252.55814,0.42157,0.45745,0.8,0.63137
#5D8972,93,137,114,148.63636,0.32117,0.1913,0.53725,0.45098
#693575,105,53,117,288.75,0.54701,0.37647,0.45882,0.33333
#7BACE0,123,172,224,210.89109,0.45089,0.61963,0.87843,0.68039
#854F4F,133,79,79,0.0,0.40602,0.25472,0.52157,0.41569
#F8E115,248,225,21,53.9207,0.91532,0.94191,0.97255,0.52745
#1B9073,27,144,115,165.12821,0.8125,0.68421,0.56471,0.33529
#524229,82,66,41,36.58537,0.5,0.33333,0.32157,0.24118
#DCE910,220,233,16,63.59447,0.93133,0.87149,0.91373,0.48824
#044F78,4,79,120,201.2069,0.96667,0.93548,0.47059,0.24314
#A18121,161,129,33,45.0,0.79503,0.65979,0.63137,0.38039
#0187EF,1,135,239,206.21849,0.99582,0.99167,0.93725,0.47059
#9C7D2B,156,125,43,43.53982,0.72436,0.56784,0.61176,0.3902
#1F1565,31,21,101,247.5,0.79208,0.65574,0.39608,0.23922
#2AEB97,42,235,151,153.88601,0.82128,0.82833,0.92157,0.54314
#974E8C,151,78,140,309.0411,0.48344,0.31878,0.59216,0.44902
#EE8384,238,131,132,359.43925,0.44958,0.75887,0.93333,0.72353
#9DA5D0,157,165,208,230.58824,0.24519,0.35172,0.81569,0.71569
#0694E8,6,148,232,202.30088,0.97414,0.94958,0.9098,0.46667
#EF4C84,239,76,132,339.3865,0.68201,0.8359,0.93725,0.61765
#B8BE53,184,190,83,63.36449,0.56316,0.45148,0.7451,0.53529
#67B982,103,185,130,139.7561,0.44324,0.36937,0.72549,0.56471
#B5136A,181,19,106,327.77778,0.89503,0.81,0.7098,0.39216
#79D456,121,212,86,103.33333,0.59434,0.59434,0.83137,0.58431
#129E49,18,158,73,143.57143,0.88608,0.79545,0.61961,0.3451
#1E58C1,30,88,193,218.65031,0.84456,0.73094,0.75686,0.43725
#8D8FC6,141,143,198,237.89474,0.28788,0.33333,0.77647,0.66471
#80E859,128,232,89,103.63636,0.61638,0.75661,0.9098,0.62941
#64FF06,100,255,6,97.3494,0.97647,1.0,1.0,0.51176
#84075A,132,7,90,320.16,0.94697,0.89928,0.51765,0.27255
#64F41C,100,244,28,100.0,0.88525,0.90756,0.95686,0.53333
#6FA708,111,167,8,81.13208,0.9521,0.90857,0.6549,0.34314
#1A168F,26,22,143,241.98347,0.84615,0.73333,0.56078,0.32353
#592B3F,89,43,63,333.91304,0.51685,0.34848,0.34902,0.25882
#69CCB3,105,204,179,164.84848,0.48529,0.49254,0.8,0.60588
#1DD46F,29,212,111,146.88525,0.86321,0.75934,0.83137,0.47255
#A657C0,166,87,192,285.14286,0.54688,0.45455,0.75294,0.54706
#BB8301,187,131,1,41.93548,0.99465,0.98936,0.73333,0.36863
#4835DD,72,53,221,246.78571,0.76018,0.71186,0.86667,0.53725
#BBAB49,187,171,73,51.57895,0.60963,0.456,0.73333,0.5098
#E26AEC,226,106,236,295.38462,0.55085,0.77381,0.92549,0.67059
#F30970,243,9,112,333.58974,0.96296,0.92857,0.95294,0.49412
#390A26,57,10,38,324.25532,0.82456,0.70149,0.22353,0.13137
#F3738F,243,115,143,346.875,0.52675,0.84211,0.95294,0.70196
#AC0AE8,172,10,232,283.78378,0.9569,0.91736,0.9098,0.47451
#CFE22F,207,226,47,66.36872,0.79204,0.75527,0.88627,0.53529
#D0FA19,208,250,25,71.2,0.9,0.95745,0.98039,0.53922
#FDD7D9,253,215,217,356.84211,0.1502,0.90476,0.99216,0.91765
#E34373,227,67,115,342.0,0.70485,0.74074,0.8902,0.57647
#453D84,69,61,132,246.76056,0.53788,0.36788,0.51765,0.37843
#45E6D2,69,230,210,172.54658,0.7,0.76303,0.90196,0.58627
#4F275F,79,39,95,282.85714,0.58947,0.41791,0.37255,0.26275
#873496,135,52,150,290.81633,0.65333,0.48515,0.58824,0.39608
#ADA47B,173,164,123,49.2,0.28902,0.23364,0.67843,0.58039
#F05329,240,83,41,12.66332,0.82917,0.869,0.94118,0.55098
#DC088D,220,8,141,322.35849,0.96364,0.92982,0.86275,0.44706
#678D03,103,141,3,76.52174,0.97872,0.95833,0.55294,0.28235
#53D334,83,211,52,108.30189,0.75355,0.64372,0.82745,0.51569
#B54BF4,181,75,244,277.63314,0.69262,0.88482,0.95686,0.62549
#42D312,66,211,18,105.07772,0.91469,0.84279,0.82745,0.44902
#5A7683,90,118,131,199.02439,0.31298,0.18552,0.51373,0.43333
#9485FC,148,133,252,247.56303,0.47222,0.952,0.98824,0.7549
#B56F7A,181,111,122,350.57143,0.38674,0.3211,0.7098,0.57255
#A169B1,161,105,177,286.66667,0.40678,0.31579,0.69412,0.55294
#68A3FB,104,163,251,215.91837,0.58566,0.94839,0.98431,0.69608
#23F05D,35,240,93,136.97561,0.85417,0.87234,0.94118,0.53922
#414477,65,68,119,236.66667,0.45378,0.29348,0.46667,0.36078
#F2854B,242,133,75,20.83832,0.69008,0.86528,0.94902,0.62157
#5A5462,90,84,98,265.71429,0.14286,0.07692,0.38431,0.35686
#F578A5,245,120,165,338.4,0.5102,0.86207,0.96078,0.71569
#C62280,198,34,128,325.60976,0.82828,0.7069,0.77647,0.4549
#F0A068,240,160,104,24.70588,0.56667,0.81928,0.94118,0.67451
#6CA9F0,108,169,240,212.27273,0.55,0.81481,0.94118,0.68235
#3750BE,55,80,190,228.88889,0.71053,0.55102,0.7451,0.48039
#F9E8E2,249,232,226,15.65217,0.09237,0.65714,0.97647,0.93137
#B59553,181,149,83,40.40816,0.54144,0.39837,0.7098,0.51765
#8450CB,132,80,203,265.36585,0.60591,0.54185,0.79608,0.5549
#87071A,135,7,26,351.09375,0.94815,0.90141,0.52941,0.27843
#4654B0,70,84,176,232.07547,0.60227,0.43089,0.6902,0.48235
#D46C88,212,108,136,343.84615,0.49057,0.54737,0.83137,0.62745
#4DFDEC,77,253,236,174.20455,0.69565,0.97778,0.99216,0.64706
#C9928C,201,146,140,5.90164,0.30348,0.36095,0.78824,0.66863
#B8298C,184,41,140,318.46154,0.77717,0.63556,0.72157,0.44118
#590D88,89,13,136,277.07317,0.90441,0.8255,0.53333,0.29216
#4F99D8,79,153,216,207.59124,0.63426,0.63721,0.84706,0.57843
#F9A4D3,249,164,211,326.82353,0.34137,0.87629,0.97647,0.8098
#7CF6CC,124,246,204,159.34426,0.49593,0.87143,0.96471,0.72549
#312E1A,49,46,26,52.17391,0.46939,0.30667,0.19216,0.14706
#DA2CE4,218,44,228,296.73913,0.80702,0.77311,0.89412,0.53333
#93E030,147,224,48,86.25,0.78571,0.7395,0.87843,0.53333
#33B784,51,183,132,156.81818,0.72131,0.5641,0.71765,0.45882
#372806,55,40,6,41.63265,0.89091,0.80328,0.21569,0.11961
#0A853C,10,133,60,144.39024,0.92481,0.86014,0.52157,0.28039
#280BE6,40,11,230,247.94521,0.95217,0.90871,0.90196,0.47255
#4B4186,75,65,134,248.69565,0.51493,0.34673,0.52549,0.3902
#C77A9B,199,122,155,334.28571,0.38693,0.40741,0.78039,0.62941
#215907,33,89,7,100.97561,0.92135,0.85417,0.34902,0.18824
#ABF3C3,171,243,195,140.0,0.2963,0.75,0.95294,0.81176
#78AC4B,120,172,75,92.16495,0.56395,0.39271,0.67451,0.48431
#1298E4,18,152,228,201.71429,0.92105,0.85366,0.89412,0.48235
#BE8E3F,190,142,63,37.32283,0.66842,0.50198,0.7451,0.49608
#4666F5,70,102,245,229.02857,0.71429,0.89744,0.96078,0.61765
#40D674,64,214,116,140.8,0.70093,0.64655,0.83922,0.5451
#DE9E03,222,158,3,42.46575,0.98649,0.97333,0.87059,0.44118
#B4979D,180,151,157,347.58621,0.16111,0.16201,0.70588,0.64902
#61601B,97,96,27,59.14286,0.72165,0.56452,0.38039,0.24314
#F5E820,245,232,32,56.33803,0.86939,0.91416,0.96078,0.54314
#649DA6,100,157,166,188.18182,0.39759,0.27049,0.65098,0.52157
#F08749,240,135,73,22.27545,0.69583,0.84772,0.94118,0.61373
#E4C634,228,198,52,49.77273,0.77193,0.76522,0.89412,0.54902
#072DF6,7,45,246,230.46025,0.97154,0.94466,0.96471,0.49608
#DC3A3A,220,58,58,0.0,0.73636,0.69828,0.86275,0.5451
#10DFC1,16,223,193,171.30435,0.92825,0.86611,0.87451,0.46863
#181E3E,24,30,62,230.52632,0.6129,0.44186,0.24314,0.16863
#4B25DC,75,37,220,252.45902,0.83182,0.72332,0.86275,0.50392
#E15E88,225,94,136,340.76336,0.58222,0.68586,0.88235,0.62549
#5B4A03,91,74,3,48.40909,0.96703,0.93617,0.35686,0.18431
#B0984E,176,152,78,45.30612,0.55682,0.38583,0.6902,0.49804
#AC2A45,172,42,69,347.53846,0.75581,0.60748,0.67451,0.41961
#598301,89,131,1,79.38462,0.99237,0.98485,0.51373,0.25882
#24CFCA,36,207,202,178.24561,0.82609,0.7037,0.81176,0.47647
#882936,136,41,54,351.78947,0.69853,0.53672,0.53333,0.34706
#420F1E,66,15,30,342.35294,0.77273,0.62963,0.25882,0.15882
#7792D7,119,146,215,223.125,0.44651,0.54545,0.84314,0.6549
#CAC2F4,202,194,244,249.6,0.20492,0.69444,0.95686,0.85882
#029129,2,145,41,136.36364,0.98621,0.97279,0.56863,0.28824
#73D74A,115,215,74,102.55319,0.65581,0.63801,0.84314,0.56667
#10FF43,16,255,67,132.80335,0.93725,1.0,1.0,0.53137
#725154,114,81,84,354.54545,0.28947,0.16923,0.44706,0.38235
#09ADA7,9,173,167,177.80488,0.94798,0.9011,0.67843,0.35686
#0C11F1,12,17,241,238.68996,0.95021,0.90514,0.9451,0.49608
#5AA59D,90,165,157,173.6,0.45455,0.29412,0.64706,0.5
#FF66DC,255,102,220,313.72549,0.6,1.0,1.0,0.7
#D3B0D4,211,176,212,298.33333,0.16981,0.29508,0.83137,0.76078
#93D4D0,147,212,208,176.30769,0.3066,0.43046,0.83137,0.70392
#4682C0,70,130,192,210.4918,0.63542,0.49194,0.75294,0.51373
#36D200,54,210,0,104.57143,1.0,1.0,0.82353,0.41176
#D662FB,214,98,251,285.4902,0.60956,0.95031,0.98431,0.68431
#CD5126,205,81,38,15.4491,0.81463,0.68724,0.80392,0.47647
#1CDF43,28,223,67,132.0,0.87444,0.77689,0.87451,0.49216
#85FB80,133,251,128,117.56098,0.49004,0.93893,0.98431,0.74314
#6DEFC3,109,239,195,159.69231,0.54393,0.80247,0.93725,0.68235
#D83DBF,216,61,191,309.67742,0.71759,0.66524,0.84706,0.54314
#FD4E74,253,78,116,346.97143,0.6917,0.97765,0.99216,0.64902
#3AA328,58,163,40,111.21951,0.7546,0.60591,0.63922,0.39804
#22B851,34,184,81,138.8,0.81522,0.68807,0.72157,0.42745
#9BE7B2,155,231,178,138.15789,0.329,0.6129,0.90588,0.75686
#624505,98,69,5,41.29032,0.94898,0.90291,0.38431,0.20196
#6217BE,98,23,190,266.94611,0.87895,0.78404,0.7451,0.41765
#DDDB68,221,219,104,58.97436,0.52941,0.63243,0.86667,0.63725
#F2A7C7,242,167,199,334.4,0.30992,0.74257,0.94902,0.80196
#78708A,120,112,138,258.46154,0.18841,0.104,0.54118,0.4902
#0B7885,11,120,133,186.39344,0.91729,0.84722,0.52157,0.28235
#93C047,147,192,71,82.31405,0.63021,0.48988,0.75294,0.51569
#40D64D,64,214,77,125.2,0.70093,0.64655,0.83922,0.5451
#D7BD0A,215,189,10,52.39024,0.95349,0.91111,0.84314,0.44118
#9B2214,155,34,20,6.22222,0.87097,0.77143,0.60784,0.34314
#D4AC23,212,172,35,46.44068,0.83491,0.7166,0.83137,0.48431
#32D3D0,50,211,208,178.88199,0.76303,0.64659,0.82745,0.51176
#041756,4,23,86,226.09756,0.95349,0.91111,0.33725,0.17647
#CC0296,204,2,150,316.0396,0.9902,0.98058,0.8,0.40392
#ABE5C4,171,229,196,145.86207,0.25328,0.52727,0.89804,0.78431
#BC93B1,188,147,177,316.09756,0.21809,0.23429,0.73725,0.65686
#C8E0BB,200,224,187,98.91892,0.16518,0.37374,0.87843,0.80588
#B4FC37,180,252,55,81.92893,0.78175,0.97044,0.98824,0.60196
#F4B0E3,244,176,227,315.0,0.27869,0.75556,0.95686,0.82353
#D713A7,215,19,167,314.69388,0.91163,0.83761,0.84314,0.45882
#9B7317,155,115,23,41.81818,0.85161,0.74157,0.60784,0.34902
#63D33D,99,211,61,104.8,0.7109,0.63025,0.82745,0.53333
#C3DAC9,195,218,201,135.65217,0.1055,0.23711,0.8549,0.8098
#DC492A,220,73,42,10.44944,0.80909,0.71774,0.86275,0.51373
#25128A,37,18,138,249.5,0.86957,0.76923,0.54118,0.30588
#1A7FD6,26,127,214,207.76596,0.8785,0.78333,0.83922,0.47059
#9B7474,155,116,116,0.0,0.25161,0.16318,0.60784,0.53137
#B4B0DB,180,176,219,245.5814,0.19635,0.37391,0.85882,0.77451
#7E57FE,126,87,254,254.01198,0.65748,0.98817,0.99608,0.66863
#169AE6,22,154,230,201.92308,0.90435,0.8254,0.90196,0.49412
#6DC5C8,109,197,200,181.97802,0.455,0.45274,0.78431,0.60588
#1296EA,18,150,234,203.33333,0.92308,0.85714,0.91765,0.49412
#12E686,18,230,134,152.83019,0.92174,0.85484,0.90196,0.48627
#5DFDD3,93,253,211,164.25,0.63241,0.97561,0.99216,0.67843
#1E2A46,30,42,70,222.0,0.57143,0.4,0.27451,0.19608
#B6B309,182,179,9,58.95954,0.95055,0.90576,0.71373,0.37451
#5685E4,86,133,228,220.14085,0.62281,0.72449,0.89412,0.61569
#0A03C1,10,3,193,242.21053,0.98446,0.96939,0.75686,0.38431
#A601DD,166,1,221,285.0,0.99548,0.99099,0.86667,0.43529
#FB26A3,251,38,163,324.78873,0.84861,0.9638,0.98431,0.56667
#1C5E51,28,94,81,168.18182,0.70213,0.54098,0.36863,0.23922
#5420B0,84,32,176,261.66667,0.81818,0.69231,0.6902,0.40784
#A898A0,168,152,160,330.0,0.09524,0.08421,0.65882,0.62745
#061B6C,6,27,108,227.64706,0.94444,0.89474,0.42353,0.22353
#4EB9CC,78,185,204,189.04762,0.61765,0.55263,0.8,0.55294
#2BCCB4,43,204,180,171.0559,0.78922,0.65182,0.8,0.48431
#BE7B76,190,123,118,4.16667,0.37895,0.35644,0.7451,0.60392
#5DB9A7,93,185,167,168.26087,0.4973,0.39655,0.72549,0.5451
#16C5C3,22,197,195,179.31429,0.88832,0.79909,0.77255,0.42941
#AF82C0,175,130,192,283.54839,0.32292,0.32979,0.75294,0.63137
#D3FF45,211,255,69,74.19355,0.72941,1.0,1.0,0.63529
#265C24,38,92,36,117.85714,0.6087,0.4375,0.36078,0.25098
#339180,51,145,128,169.14894,0.64828,0.47959,0.56863,0.38431
#E3C6DB,227,198,219,316.55172,0.12775,0.34118,0.8902,0.83333
#8121FB,129,33,251,266.42202,0.86853,0.9646,0.98431,0.55686
#4A467E,74,70,126,244.28571,0.44444,0.28571,0.49412,0.38431
#0497E7,4,151,231,201.14537,0.98268,0.96596,0.90588,0.46078
#7BEEC9,123,238,201,160.69565,0.48319,0.77181,0.93333,0.70784
#1F15E5,31,21,229,242.88462,0.9083,0.832,0.89804,0.4902
#687E52,104,126,82,90.0,0.34921,0.21154,0.49412,0.40784
#A99119,169,145,25,50.0,0.85207,0.74227,0.66275,0.38039
#FB3850,251,56,80,352.61538,0.77689,0.96059,0.98431,0.60196
#0E6B10,14,107,16,121.29032,0.86916,0.7686,0.41961,0.23725
#331B7D,51,27,125,254.69388,0.784,0.64474,0.4902,0.29804
#5FEE92,95,238,146,141.3986,0.60084,0.80791,0.93333,0.65294
#E87041,232,112,65,16.88623,0.71983,0.78404,0.9098,0.58235
#484560,72,69,96,246.66667,0.28125,0.16364,0.37647,0.32353
#1FFD19,31,253,25,118.42105,0.90119,0.98276,0.99216,0.5451
#9A69D3,154,105,211,267.73585,0.50237,0.54639,0.82745,0.61961
#B5CCC7,181,204,199,166.95652,0.11275,0.184,0.8,0.7549
#E013BF,224,19,191,309.65854,0.91518,0.84362,0.87843,0.47647
#A507BF,165,7,191,291.52174,0.96335,0.92929,0.74902,0.38824
#84CCD3,132,204,211,185.31646,0.37441,0.47305,0.82745,0.67255
#F41803,244,24,3,5.22822,0.9877,0.97571,0.95686,0.48431
#F166E7,241,102,231,304.31655,0.57676,0.83234,0.9451,0.67255
#69E1F5,105,225,245,188.57143,0.57143,0.875,0.96078,0.68627
#4C80A5,76,128,165,204.94382,0.53939,0.36929,0.64706,0.47255
#E8C437,232,196,55,47.79661,0.76293,0.79372,0.9098,0.56275
#E84DC2,232,77,194,314.70968,0.6681,0.77114,0.9098,0.60588
#F3E940,243,233,64,56.64804,0.73663,0.88177,0.95294,0.60196
#304CF3,48,76,243,231.38462,0.80247,0.89041,0.95294,0.57059
#9FF185,159,241,133,105.55556,0.44813,0.79412,0.9451,0.73333
#A14450,161,68,80,352.25806,0.57764,0.40611,0.63137,0.44902
#5105A2,81,5,162,269.04459,0.96914,0.94012,0.63529,0.32745
#E7949E,231,148,158,352.77108,0.35931,0.63359,0.90588,0.74314
#9DE3B1,157,227,177,137.14286,0.30837,0.55556,0.8902,0.75294
#D42EE3,212,46,227,295.02762,0.79736,0.76371,0.8902,0.53529
#400310,64,3,16,347.21311,0.95312,0.91045,0.25098,0.13137
#2A7894,42,120,148,195.84906,0.71622,0.55789,0.58039,0.37255
#7462FA,116,98,250,247.10526,0.608,0.93827,0.98039,0.68235
#D16AD9,209,106,217,295.67568,0.51152,0.59358,0.85098,0.63333
#A313B5,163,19,181,293.33333,0.89503,0.81,0.7098,0.39216
#566878,86,104,120,208.23529,0.28333,0.16505,0.47059,0.40392
#7597EC,117,151,236,222.85714,0.50424,0.75796,0.92549,0.69216
#83B3C7,131,179,199,197.64706,0.34171,0.37778,0.78039,0.64706
#602F7F,96,47,127,276.75,0.62992,0.45977,0.49804,0.34118
#3ED747,62,215,71,123.52941,0.71163,0.65665,0.84314,0.54314
#82F425,130,244,37,93.04348,0.84836,0.90393,0.95686,0.55098
#87C959,135,201,89,95.35714,0.55721,0.50909,0.78824,0.56863
#F90564,249,5,100,336.63934,0.97992,0.96063,0.97647,0.49804
#34E7A1,52,231,161,156.53631,0.77489,0.78855,0.90588,0.5549
#7BEBC0,123,235,192,156.96429,0.4766,0.73684,0.92157,0.70196
#994E16,153,78,22,25.64885,0.85621,0.74857,0.6,0.34314
#ED8FC5,237,143,197,325.53191,0.39662,0.72308,0.92941,0.7451
#64F3B9,100,243,185,155.66434,0.58848,0.85629,0.95294,0.67255
#A51EF6,165,30,246,277.5,0.87805,0.92308,0.96471,0.54118
#385DA7,56,93,167,220.0,0.66467,0.49776,0.6549,0.43725
#A39083,163,144,131,24.375,0.19632,0.14815,0.63922,0.57647
#7BBA0B,123,186,11,81.6,0.94086,0.88832,0.72941,0.38627
#600C62,96,12,98,298.60465,0.87755,0.78182,0.38431,0.21569
#B480AA,180,128,170,311.53846,0.28889,0.25743,0.70588,0.60392
#174266,23,66,102,207.34177,0.77451,0.632,0.4,0.2451
#C1F779,193,247,121,85.71429,0.51012,0.88732,0.96863,0.72157
#8F4599,143,69,153,292.85714,0.54902,0.37838,0.6,0.43529
#2EE680,46,230,128,146.73913,0.8,0.78632,0.90196,0.54118
#A6D65C,166,214,92,83.60656,0.57009,0.59804,0.83922,0.6
#938C08,147,140,8,56.97842,0.94558,0.89677,0.57647,0.30392
#349BDD,52,155,221,203.43195,0.76471,0.71308,0.86667,0.53529
#232D33,35,45,51,202.5,0.31373,0.18605,0.2,0.16863
#546242,84,98,66,86.25,0.32653,0.19512,0.38431,0.32157
#D5F389,213,243,137,76.98113,0.43621,0.81538,0.95294,0.7451
#C517C2,197,23,194,301.03448,0.88325,0.79091,0.77255,0.43137
#8A544A,138,84,74,9.375,0.46377,0.30189,0.54118,0.41569
#5153FF,81,83,255,239.31034,0.68235,1.0,1.0,0.65882
#1E556B,30,85,107,197.14286,0.71963,0.56204,0.41961,0.26863
#57C947,87,201,71,112.61538,0.64677,0.54622,0.78824,0.53333
#6FB7EB,111,183,235,205.16129,0.52766,0.7561,0.92157,0.67843
#ABE93A,171,233,58,81.25714,0.75107,0.79909,0.91373,0.57059
#62B788,98,183,136,146.82353,0.46448,0.37118,0.71765,0.55098
#786135,120,97,53,39.40299,0.55833,0.38728,0.47059,0.33922
#2F8407,47,132,7,100.8,0.94697,0.89928,0.51765,0.27255
#66B676,102,182,118,132.0,0.43956,0.35398,0.71373,0.55686
#C2CAD2,194,202,210,210.0,0.07619,0.15094,0.82353,0.79216
#D0AA62,208,170,98,39.27273,0.52885,0.53922,0.81569,0.6
#E32CC8,227,44,200,308.85246,0.80617,0.76569,0.8902,0.53137
#E74D05,231,77,5,19.11504,0.97835,0.95763,0.90588,0.46275
#AD3085,173,48,133,319.2,0.72254,0.56561,0.67843,0.43333
#D99D7F,217,157,127,20.0,0.41475,0.54217,0.85098,0.67451
#7F6E7D,127,110,125,307.05882,0.13386,0.07173,0.49804,0.46471
#841AC7,132,26,199,276.76301,0.86935,0.76889,0.78039,0.44118
#1D48FB,29,72,251,228.37838,0.88446,0.96522,0.98431,0.54902
#C6E591,198,229,145,82.14286,0.36681,0.61765,0.89804,0.73333
#578FD5,87,143,213,213.33333,0.59155,0.6,0.83529,0.58824
#A6FC15,166,252,21,82.33766,0.91667,0.97468,0.98824,0.53529
#8C3C47,140,60,71,351.75,0.57143,0.4,0.54902,0.39216
#AEFBCA,174,251,202,141.81818,0.30677,0.90588,0.98431,0.83333
#8FB95C,143,185,92,87.09677,0.5027,0.39914,0.72549,0.54314
#6D80BF,109,128,191,226.09756,0.42932,0.39048,0.74902,0.58824
#10DB19,16,219,25,122.6601,0.92694,0.86383,0.85882,0.46078
#E58869,229,136,105,15.0,0.54148,0.70455,0.89804,0.6549
#1E0EC9,30,14,201,245.13369,0.93035,0.86977,0.78824,0.42157
#BE1847,190,24,71,343.01205,0.87368,0.7757,0.7451,0.41961
#850DEC,133,13,236,272.287,0.94492,0.89558,0.92549,0.48824
#52F754,82,247,84,120.72727,0.66802,0.9116,0.96863,0.6451
#C2E9FF,194,233,255,201.63934,0.23922,1.0,1.0,0.88039
#3D8DA3,61,141,163,192.94118,0.62577,0.45536,0.63922,0.43922
#512A6A,81,42,106,276.5625,0.60377,0.43243,0.41569,0.2902
#8962F5,137,98,245,255.91837,0.6,0.88024,0.96078,0.67255
#4788D1,71,136,209,211.73913,0.66029,0.6,0.81961,0.54902
#B6540F,182,84,15,24.79042,0.91758,0.84772,0.71373,0.38627
#B21BF7,178,27,247,281.18182,0.89069,0.9322,0.96863,0.53725
#DB3DC0,219,61,192,310.25316,0.72146,0.68696,0.85882,0.54902
#D98C6D,217,140,109,17.22222,0.4977,0.58696,0.85098,0.63922
#27AC12,39,172,18,111.81818,0.89535,0.81053,0.67451,0.37255
#B9FCCA,185,252,202,135.22388,0.26587,0.91781,0.98824,0.85686
#633A75,99,58,117,281.69492,0.50427,0.33714,0.45882,0.34314
#B8F124,184,241,36,76.68293,0.85062,0.87983,0.9451,0.54314
#96C1B5,150,193,181,163.25581,0.2228,0.25749,0.75686,0.67255
#3E50F8,62,80,248,234.19355,0.75,0.93,0.97255,0.60784
#B0678A,176,103,138,331.23288,0.41477,0.31602,0.6902,0.54706
#CF1CF0,207,28,240,290.66038,0.88333,0.87603,0.94118,0.52549
#7461B9,116,97,185,252.95455,0.47568,0.38596,0.72549,0.55294
#804466,128,68,102,326.0,0.46875,0.30612,0.50196,0.38431
#E22AF9,226,42,249,293.33333,0.83133,0.94521,0.97647,0.57059
#2AE6F6,42,230,246,184.70588,0.82927,0.91892,0.96471,0.56471
#6501A0,101,1,160,277.73585,0.99375,0.98758,0.62745,0.31569
#ECF239,236,242,57,61.94595,0.76446,0.87678,0.94902,0.58627
#B91A95,185,26,149,313.58491,0.85946,0.75355,0.72549,0.41373
#63D229,99,210,41,99.40828,0.80476,0.67331,0.82353,0.49216
#DE1DDA,222,29,218,301.24352,0.86937,0.76892,0.87059,0.49216
#21DA9B,33,218,155,159.56757,0.84862,0.73705,0.8549,0.49216
#BC29CD,188,41,205,293.78049,0.8,0.66667,0.80392,0.48235
#9BF6B5,155,246,181,137.14286,0.36992,0.83486,0.96471,0.78627
#F41A68,244,26,104,338.53211,0.89344,0.90833,0.95686,0.52941
#4BFAB3,75,250,179,155.65714,0.7,0.94595,0.98039,0.63725
#F8B887,248,184,135,26.0177,0.45565,0.88976,0.97255,0.75098
#393BD9,57,59,217,239.25,0.73733,0.67797,0.85098,0.53725
#1CEB69,28,235,105,142.31884,0.88085,0.83806,0.92157,0.51569
#5FC46A,95,196,106,126.53465,0.51531,0.46119,0.76863,0.57059
#0B8FA8,11,143,168,189.55414,0.93452,0.87709,0.65882,0.35098
#DFED04,223,237,4,63.60515,0.98312,0.9668,0.92941,0.47255
#A85D30,168,93,48,22.5,0.71429,0.55556,0.65882,0.42353
#A61BCA,166,27,202,287.65714,0.86634,0.76419,0.79216,0.44902
#5821CF,88,33,207,258.96552,0.84058,0.725,0.81176,0.47059
#E6D392,230,211,146,46.42857,0.36522,0.62687,0.90196,0.73725
#9DEAA7,157,234,167,127.79221,0.32906,0.64706,0.91765,0.76667
#1D4EFA,29,78,250,226.69683,0.884,0.95671,0.98039,0.54706
#074DFC,7,77,252,222.85714,0.97222,0.9761,0.98824,0.50784
#576728,87,103,40,75.2381,0.61165,0.44056,0.40392,0.28039
#94103E,148,16,62,339.09091,0.89189,0.80488,0.58039,0.32157
#3EBF9B,62,191,155,163.25581,0.67539,0.50988,0.74902,0.49608
#75B7FC,117,183,252,210.66667,0.53571,0.95745,0.98824,0.72353
#46C09F,70,192,159,163.77049,0.63542,0.49194,0.75294,0.51373
#E319DF,227,25,223,301.18812,0.88987,0.80159,0.8902,0.49412
#8DAAA1,141,170,161,161.37931,0.17059,0.14573,0.66667,0.6098
#686CBD,104,108,189,237.17647,0.44974,0.39171,0.74118,0.57451
#B384FD,179,132,253,263.30579,0.47826,0.968,0.99216,0.7549
#A6E91E,166,233,30,79.80296,0.87124,0.82186,0.91373,0.51569
#9CC0BC,156,192,188,173.33333,0.1875,0.22222,0.75294,0.68235
#E84159,232,65,89,351.37725,0.71983,0.78404,0.9098,0.58235
#366E74,54,110,116,185.80645,0.53448,0.36471,0.4549,0.33333
#EF992D,239,153,45,33.40206,0.81172,0.85841,0.93725,0.55686
#C58C0F,197,140,15,41.20879,0.92386,0.85849,0.77255,0.41569
#57547B,87,84,123,244.61538,0.31707,0.18841,0.48235,0.40588
#177A9C,23,122,156,195.33835,0.85256,0.74302,0.61176,0.35098
#07FD0D,7,253,13,121.46341,0.97233,0.984,0.99216,0.5098
#013E52,1,62,82,194.81481,0.9878,0.9759,0.32157,0.16275
#70B837,112,184,55,93.48837,0.70109,0.53975,0.72157,0.46863
#BE6073,190,96,115,347.87234,0.49474,0.41964,0.7451,0.56078
#078FA5,7,143,165,188.35443,0.95758,0.9186,0.64706,0.33725
#0BB8E0,11,184,224,191.26761,0.95089,0.90638,0.87843,0.46078
#D94EEB,217,78,235,293.12102,0.66809,0.79695,0.92157,0.61373
#EA1A4E,234,26,78,345.0,0.88889,0.832,0.91765,0.5098
#D1F271,209,242,113,75.34884,0.53306,0.83226,0.94902,0.69608
#E49820,228,152,32,36.73469,0.85965,0.784,0.89412,0.5098
#88359D,136,53,157,287.88462,0.66242,0.49524,0.61569,0.41176
#1F54D8,31,84,216,222.81081,0.85648,0.74899,0.84706,0.48431
#2C45A0,44,69,160,227.06897,0.725,0.56863,0.62745,0.4
#E9238B,233,35,139,328.48485,0.84979,0.81818,0.91373,0.52549
#8B6527,139,101,39,37.2,0.71942,0.5618,0.5451,0.34902
#1D1BBD,29,27,189,240.74074,0.85714,0.75,0.74118,0.42353
#49D91F,73,217,31,106.45161,0.85714,0.75,0.85098,0.48627
#285C7B,40,92,123,202.40964,0.6748,0.5092,0.48235,0.31961
#C90288,201,2,136,319.59799,0.99005,0.9803,0.78824,0.39804
#D93D6B,217,61,107,342.30769,0.71889,0.67241,0.85098,0.5451
#5E4C82,94,76,130,260.0,0.41538,0.26214,0.5098,0.40392
#A664D6,166,100,214,274.73684,0.53271,0.58163,0.83922,0.61569
#967D8F,150,125,143,316.8,0.16667,0.10638,0.58824,0.53922
#320A6A,50,10,106,265.0,0.90566,0.82759,0.41569,0.22745
#2EDF26,46,223,38,117.40541,0.8296,0.74297,0.87451,0.51176
#A934BE,169,52,190,290.86957,0.72632,0.57025,0.7451,0.47451
#CD7E0F,205,126,15,35.05263,0.92683,0.86364,0.80392,0.43137
#21DB04,33,219,4,111.90698,0.98174,0.96413,0.85882,0.43725
#7BB71D,123,183,29,83.37662,0.84153,0.72642,0.71765,0.41569
#A59D8B,165,157,139,41.53846,0.15758,0.12621,0.64706,0.59608
#812A75,129,42,117,308.27586,0.67442,0.50877,0.50588,0.33529
#6361CC,99,97,204,241.1215,0.52451,0.51196,0.8,0.5902
#334824,51,72,36,95.0,0.5,0.33333,0.28235,0.21176
#800DC7,128,13,199,277.09677,0.93467,0.87736,0.78039,0.41569
#999EF6,153,158,246,236.77419,0.37805,0.83784,0.96471,0.78235
#190FF3,25,15,243,242.63158,0.93827,0.90476,0.95294,0.50588
#5ED7D0,94,215,208,176.52893,0.56279,0.60199,0.84314,0.60588
#2483CC,36,131,204,206.07143,0.82353,0.7,0.8,0.47059
#6563BF,101,99,191,241.30435,0.48168,0.41818,0.74902,0.56863
#F9C658,249,198,88,40.99379,0.64659,0.93064,0.97647,0.66078
#7FC18E,127,193,142,133.63636,0.34197,0.34737,0.75686,0.62745
#DAECA5,218,236,165,75.21127,0.30085,0.65138,0.92549,0.78627
#B565D1,181,101,209,284.44444,0.51675,0.54,0.81961,0.60784
#852A96,133,42,150,290.55556,0.72,0.5625,0.58824,0.37647
#2F4965,47,73,101,211.11111,0.53465,0.36486,0.39608,0.2902
#BE08A4,190,8,164,308.57143,0.95789,0.91919,0.7451,0.38824
#628C89,98,140,137,175.71429,0.3,0.17647,0.54902,0.46667
#BDE879,189,232,121,83.24324,0.47845,0.70701,0.9098,0.69216
#36414F,54,65,79,213.6,0.31646,0.18797,0.3098,0.26078
#D94C02,217,76,2,20.65116,0.99078,0.98174,0.85098,0.42941
#EF0A11,239,10,17,358.16594,0.95816,0.91968,0.93725,0.48824
#54FED1,84,254,209,164.11765,0.66929,0.98837,0.99608,0.66275
#38600E,56,96,14,89.26829,0.85417,0.74545,0.37647,0.21569
#8216FA,130,22,250,268.42105,0.912,0.95798,0.98039,0.53333
#1C1A35,28,26,53,244.44444,0.50943,0.34177,0.20784,0.1549
#E1C6EF,225,198,239,279.5122,0.17155,0.56164,0.93725,0.85686
#63DAAD,99,218,173,157.31092,0.54587,0.61658,0.8549,0.62157
#B2E24E,178,226,78,79.45946,0.65487,0.71845,0.88627,0.59608
#31E10D,49,225,13,109.81132,0.94222,0.89076,0.88235,0.46667
#A01A84,160,26,132,312.53731,0.8375,0.72043,0.62745,0.36471
#CABB65,202,187,101,51.08911,0.5,0.48792,0.79216,0.59412
#74F8B8,116,248,184,150.90909,0.53226,0.90411,0.97255,0.71373
#55A47D,85,164,125,150.37975,0.48171,0.31727,0.64314,0.48824
#8F35B8,143,53,184,281.22137,0.71196,0.55274,0.72157,0.46471
#4C1DC6,76,29,198,256.68639,0.85354,0.74449,0.77647,0.4451
#DA6E8C,218,110,140,343.33333,0.49541,0.59341,0.8549,0.64314
#31D7D8,49,215,216,180.35928,0.77315,0.68163,0.84706,0.51961
#2AB993,42,185,147,164.05594,0.77297,0.62996,0.72549,0.4451
#E3B030,227,176,48,42.90503,0.78855,0.7617,0.8902,0.53922
#134CD2,19,76,210,222.09424,0.90952,0.83406,0.82353,0.44902
#35708C,53,112,140,199.31034,0.62143,0.45078,0.54902,0.37843
#A286C5,162,134,197,266.66667,0.3198,0.35196,0.77255,0.64902
#B45DD4,180,93,212,283.86555,0.56132,0.58049,0.83137,0.59804
#03F2FB,3,242,251,182.17742,0.98805,0.97638,0.98431,0.49804
#392A07,57,42,7,42.0,0.87719,0.78125,0.22353,0.12549
#F42054,244,32,84,345.28302,0.86885,0.90598,0.95686,0.54118
#9CBB4A,156,187,74,76.46018,0.60428,0.45382,0.73333,0.51176
#21192D,33,25,45,264.0,0.44444,0.28571,0.17647,0.13725
#56A89F,86,168,159,173.41463,0.4881,0.32283,0.65882,0.49804
#B79288,183,146,136,12.76596,0.25683,0.24607,0.71765,0.62549
#FE813D,254,129,61,21.1399,0.75984,0.98974,0.99608,0.61765
#032603,3,38,3,120.0,0.92105,0.85366,0.14902,0.08039
#134A63,19,74,99,198.75,0.80808,0.67797,0.38824,0.23137
#06DA04,6,218,4,119.43925,0.98165,0.96396,0.8549,0.43529
#FEE6A7,254,230,167,43.44828,0.34252,0.97753,0.99608,0.82549
#B21CC6,178,28,198,292.94118,0.85859,0.75221,0.77647,0.44314
#D44C6B,212,76,107,346.32353,0.64151,0.61261,0.83137,0.56471
#2C5FAF,44,95,175,216.64122,0.74857,0.59817,0.68627,0.42941
#779C8C,119,156,140,154.05405,0.23718,0.15745,0.61176,0.53922
#C6CA1D,198,202,29,61.38728,0.85644,0.74892,0.79216,0.45294
#66ABE8,102,171,232,208.15385,0.56034,0.73864,0.9098,0.6549
#ABABB8,171,171,184,240.0,0.07065,0.08387,0.72157,0.69608
#563266,86,50,102,281.53846,0.5098,0.34211,0.4,0.29804
#FBE2BA,251,226,186,36.92308,0.25896,0.89041,0.98431,0.85686
#6CC1B4,108,193,180,170.82353,0.44041,0.4067,0.75686,0.5902
#8F2F0C,143,47,12,16.03053,0.91608,0.84516,0.56078,0.30392
#4C63A1,76,99,161,223.76471,0.52795,0.35865,0.63137,0.46471
#AC9B11,172,155,17,53.41935,0.90116,0.82011,0.67451,0.37059
#A74568,167,69,104,338.57143,0.58683,0.41525,0.6549,0.46275
#F8D200,248,210,0,50.80645,1.0,1.0,0.97255,0.48627
#BCAE3A,188,174,58,53.53846,0.69149,0.52846,0.73725,0.48235
#F4F5CA,244,245,202,61.39535,0.17551,0.68254,0.96078,0.87647
#9CF7D9,156,247,217,160.21978,0.36842,0.85047,0.96863,0.7902
#CDDF16,205,223,22,65.37313,0.90135,0.82041,0.87451,0.48039
#5D15DE,93,21,222,261.49254,0.90541,0.82716,0.87059,0.47647
#136D60,19,109,96,171.33333,0.82569,0.70312,0.42745,0.25098
#605CBC,96,92,188,242.5,0.51064,0.41739,0.73725,0.54902
#FFE19E,255,225,158,41.4433,0.38039,1.0,1.0,0.8098
#83E377,131,227,119,113.33333,0.47577,0.65854,0.8902,0.67843
#AA4FFF,170,79,255,271.02273,0.6902,1.0,1.0,0.6549
#28F996,40,249,150,151.57895,0.83936,0.9457,0.97647,0.56667
#A38D20,163,141,32,49.92366,0.80368,0.67179,0.63922,0.38235
#1F5C6A,31,92,106,191.2,0.70755,0.54745,0.41569,0.26863
#E75539,231,85,57,9.65517,0.75325,0.78378,0.90588,0.56471
#FEABEC,254,171,236,313.01205,0.32677,0.97647,0.99608,0.83333
#E18290,225,130,144,351.15789,0.42222,0.6129,0.88235,0.69608
#B15AE8,177,90,232,276.76056,0.61207,0.75532,0.9098,0.63137
#BB1FA1,187,31,161,310.0,0.83422,0.7156,0.73333,0.42745
#2F86B0,47,134,176,199.53488,0.73295,0.57848,0.6902,0.43725
#2CB953,44,185,83,136.59574,0.76216,0.61572,0.72549,0.44902
#C06171,192,97,113,349.89474,0.49479,0.42986,0.75294,0.56667
#42EAD2,66,234,210,171.42857,0.71795,0.8,0.91765,0.58824
#9402B8,148,2,184,288.13187,0.98913,0.97849,0.72157,0.36471
#B881A2,184,129,162,324.0,0.29891,0.27919,0.72157,0.61373
#02FB9F,2,251,159,157.83133,0.99203,0.98419,0.98431,0.49608
#F1AAB5,241,170,181,350.70423,0.29461,0.71717,0.9451,0.80588
#21EAE8,33,234,232,179.40299,0.85897,0.82716,0.91765,0.52353
#9B5E08,155,94,8,35.10204,0.94839,0.90184,0.60784,0.31961
#480809,72,8,9,359.0625,0.88889,0.8,0.28235,0.15686
#CCA874,204,168,116,35.45455,0.43137,0.46316,0.8,0.62745
#C7F64E,199,246,78,76.78571,0.68293,0.90323,0.96471,0.63529
#C7075E,199,7,94,332.8125,0.96482,0.93204,0.78039,0.40392
#A51C18,165,28,24,1.70213,0.85455,0.74603,0.64706,0.37059
#8B81C1,139,129,193,249.375,0.33161,0.34043,0.75686,0.63137
#A74594,167,69,148,311.63265,0.58683,0.41525,0.6549,0.46275
#535006,83,80,6,57.66234,0.92771,0.86517,0.32549,0.17451
#4DBEF0,77,190,240,198.40491,0.67917,0.84456,0.94118,0.62157
#607068,96,112,104,150.0,0.14286,0.07692,0.43922,0.40784
#944BE4,148,75,228,268.62745,0.67105,0.73913,0.89412,0.59412
#96F934,150,249,52,90.15228,0.79116,0.94258,0.97647,0.5902
#05E61E,5,230,30,126.66667,0.97826,0.95745,0.90196,0.46078
#8A7FCF,138,127,207,248.25,0.38647,0.45455,0.81176,0.6549
#FA929A,250,146,154,355.38462,0.416,0.91228,0.98039,0.77647
#49633E,73,99,62,102.16216,0.37374,0.22981,0.38824,0.31569
#89074C,137,7,76,328.15385,0.94891,0.90278,0.53725,0.28235
#B03B66,176,59,102,337.94872,0.66477,0.49787,0.6902,0.46078
#05289A,5,40,154,225.90604,0.96753,0.93711,0.60392,0.31176
#C2FC71,194,252,113,85.03597,0.55159,0.95862,0.98824,0.71569
#8232C0,130,50,192,273.80282,0.73958,0.58678,0.75294,0.47451
#FAB7BE,250,183,190,353.73134,0.268,0.87013,0.98039,0.84902
#54B115,84,177,21,95.76923,0.88136,0.78788,0.69412,0.38824
#8626B8,134,38,184,279.45205,0.79348,0.65766,0.72157,0.43529
#8B1486,139,20,134,302.52101,0.85612,0.74843,0.5451,0.31176
#50C5C2,80,197,194,178.46154,0.59391,0.50215,0.77255,0.54314
#35F69B,53,246,155,151.70984,0.78455,0.91469,0.96471,0.58627
#B7BFEA,183,191,234,230.58824,0.21795,0.54839,0.91765,0.81765
#5E4ECF,94,78,207,247.44186,0.62319,0.57333,0.81176,0.55882
#8F3358,143,51,88,335.86957,0.64336,0.47423,0.56078,0.38039
#25CD0C,37,205,12,112.22798,0.94146,0.8894,0.80392,0.42549
#71A1F3,113,161,243,217.84615,0.53498,0.84416,0.95294,0.69804
#0B0D75,11,13,117,238.86792,0.90598,0.82812,0.45882,0.25098
#AD8C8D,173,140,141,358.18182,0.19075,0.16751,0.67843,0.61373
#37CD87,55,205,135,152.0,0.73171,0.6,0.80392,0.5098
#100032,16,0,50,259.2,1.0,1.0,0.19608,0.09804
#2E2620,46,38,32,25.71429,0.30435,0.17949,0.18039,0.15294
#077893,7,120,147,191.57143,0.95238,0.90909,0.57647,0.30196
#CF6D74,207,109,116,355.71429,0.47343,0.50515,0.81176,0.61961
#F43B45,244,59,69,356.75676,0.7582,0.89372,0.95686,0.59412
#5BDE8C,91,222,140,142.44275,0.59009,0.66497,0.87059,0.61373
#352144,53,33,68,274.28571,0.51471,0.34653,0.26667,0.19804
#AAF919,170,249,25,81.16071,0.8996,0.94915,0.97647,0.53725
#4ACFC9,74,207,201,177.29323,0.64251,0.58079,0.81176,0.55098
#CF82FA,207,130,250,278.5,0.48,0.92308,0.98039,0.7451
#BF4EF3,191,78,243,281.09091,0.67901,0.87302,0.95294,0.62941
#E79993,231,153,147,4.28571,0.36364,0.63636,0.90588,0.74118
#623170,98,49,112,286.66667,0.5625,0.3913,0.43922,0.31569
#CF0B70,207,11,112,329.08163,0.94686,0.89908,0.81176,0.42745
#7AAD6B,122,173,107,106.36364,0.3815,0.28696,0.67843,0.54902
#A00261,160,2,97,323.92405,0.9875,0.97531,0.62745,0.31765
#1044CC,16,68,204,223.40426,0.92157,0.85455,0.8,0.43137
#7792C7,119,146,199,219.75,0.40201,0.41667,0.78039,0.62353
#AFFF31,175,255,49,83.30097,0.80784,1.0,1.0,0.59608
#91C1EE,145,193,238,209.03226,0.39076,0.73228,0.93333,0.75098
#4E18C2,78,24,194,259.05882,0.87629,0.77982,0.76078,0.42745
#7D4F3A,125,79,58,18.80597,0.536,0.36612,0.4902,0.35882
#9F837D,159,131,125,10.58824,0.21384,0.15044,0.62353,0.55686
#353343,53,51,67,247.5,0.23881,0.13559,0.26275,0.23137
#580B6A,88,11,106,288.63158,0.89623,0.81197,0.41569,0.22941
#E5480E,229,72,14,16.18605,0.93886,0.88477,0.89804,0.47647
#0F8C24,15,140,36,130.08,0.89286,0.80645,0.54902,0.30392
#0B83F5,11,131,245,209.23077,0.9551,0.92126,0.96078,0.50196
#C9A355,201,163,85,40.34483,0.57711,0.51786,0.78824,0.56078
#C28092,194,128,146,343.63636,0.34021,0.35106,0.76078,0.63137
#B0B4A3,176,180,163,74.11765,0.09444,0.1018,0.70588,0.67255
#E7486F,231,72,111,345.28302,0.68831,0.76812,0.90588,0.59412
#CD232C,205,35,44,356.82353,0.82927,0.70833,0.80392,0.47059
#C44470,196,68,112,339.375,0.65306,0.52033,0.76863,0.51765
#F461C6,244,97,198,318.77551,0.60246,0.86982,0.95686,0.66863
#3C89C1,60,137,193,205.26316,0.68912,0.52569,0.75686,0.49608
#581E95,88,30,149,269.2437,0.79866,0.6648,0.58431,0.35098
#BCB7CD,188,183,205,253.63636,0.10732,0.18033,0.80392,0.76078
#2BBE13,43,190,19,111.57895,0.9,0.81818,0.7451,0.4098
#15FD80,21,253,128,147.67241,0.917,0.98305,0.99216,0.53725
#5ABD1F,90,189,31,97.59494,0.83598,0.71818,0.74118,0.43137
#1BF2A1,27,242,161,157.39535,0.88843,0.89212,0.94902,0.52745
#A186D6,161,134,214,260.25,0.37383,0.49383,0.83922,0.68235
#2D1C67,45,28,103,253.6,0.72816,0.57252,0.40392,0.25686
#ED9D3F,237,157,63,32.41379,0.73418,0.82857,0.92941,0.58824
#CEEB49,206,235,73,70.74074,0.68936,0.80198,0.92157,0.60392
#3C2B61,60,43,97,258.88889,0.5567,0.38571,0.38039,0.27451
#8592BD,133,146,189,226.07143,0.2963,0.29787,0.74118,0.63137
#6F4FE3,111,79,227,252.97297,0.65198,0.72549,0.8902,0.6
#619BE3,97,155,227,213.23077,0.57269,0.69892,0.8902,0.63529
#924210,146,66,16,23.07692,0.89041,0.80247,0.57255,0.31765
#F68B08,246,139,8,33.02521,0.96748,0.93701,0.96471,0.49804
#DF40F5,223,64,245,292.70718,0.73878,0.9005,0.96078,0.60588
#C94560,201,69,96,347.72727,0.65672,0.55,0.78824,0.52941
#2243F3,34,67,243,230.52632,0.86008,0.897,0.95294,0.54314
#69F32A,105,243,42,101.19403,0.82716,0.89333,0.95294,0.55882
#CC8A64,204,138,100,21.92308,0.5098,0.50485,0.8,0.59608
#E3816E,227,129,110,9.74359,0.51542,0.6763,0.8902,0.66078
#DE2A63,222,42,99,341.0,0.81081,0.73171,0.87059,0.51765
#A05B3E,160,91,62,17.7551,0.6125,0.44144,0.62745,0.43529
#85C62D,133,198,45,85.4902,0.77273,0.62963,0.77647,0.47647
#28DBFB,40,219,251,189.09953,0.84064,0.96347,0.98431,0.57059
#1BE63E,27,230,62,130.34483,0.88261,0.80237,0.90196,0.50392
#8ED05C,142,208,92,94.13793,0.55769,0.55238,0.81569,0.58824
#A420F7,164,32,247,276.83721,0.87045,0.93074,0.96863,0.54706
#B2BCC0,178,188,192,197.14286,0.07292,0.1,0.75294,0.72549
#00D7F2,0,215,242,186.69421,1.0,1.0,0.94902,0.47451
#2208EA,34,8,234,246.90265,0.96581,0.93388,0.91765,0.47451
#570425,87,4,37,336.14458,0.95402,0.91209,0.34118,0.17843
#40C450,64,196,80,127.27273,0.67347,0.528,0.76863,0.5098
#4C225C,76,34,92,283.44828,0.63043,0.46032,0.36078,0.24706
#932934,147,41,52,353.77358,0.72109,0.56383,0.57647,0.36863
#491792,73,23,146,264.39024,0.84247,0.72781,0.57255,0.33137
#A81F3C,168,31,60,347.29927,0.81548,0.68844,0.65882,0.3902
#273170,39,49,112,231.78082,0.65179,0.48344,0.43922,0.29608
#515199,81,81,153,240.0,0.47059,0.30769,0.6,0.45882
#51E1D7,81,225,215,175.83333,0.64,0.70588,0.88235,0.6
#6D6F56,109,111,86,64.8,0.22523,0.1269,0.43529,0.38627
#FF2333,255,35,51,355.63636,0.86275,1.0,1.0,0.56863
#D21AB4,210,26,180,309.78261,0.87619,0.77966,0.82353,0.46275
#928948,146,137,72,52.7027,0.50685,0.33945,0.57255,0.42745
#83AD39,131,173,57,81.72414,0.67052,0.50435,0.67843,0.45098
#7435E2,116,53,226,261.84971,0.76549,0.74892,0.88627,0.54706
#86ECC6,134,236,198,157.64706,0.4322,0.72857,0.92549,0.72549
#191707,25,23,7,53.33333,0.72,0.5625,0.09804,0.06275
#9100A7,145,0,167,292.09581,1.0,1.0,0.6549,0.32745
#C79711,199,151,17,44.17582,0.91457,0.84259,0.78039,0.42353
#988B18,152,139,24,53.90625,0.84211,0.72727,0.59608,0.3451
#0C1299,12,18,153,237.44681,0.92157,0.85455,0.6,0.32353
#40D054,64,208,84,128.33333,0.69231,0.60504,0.81569,0.53333
#E93081,233,48,129,333.72973,0.79399,0.80786,0.91373,0.55098
#F79EC5,247,158,197,333.70787,0.36032,0.84762,0.96863,0.79412
#12FEF1,18,254,241,176.69492,0.92913,0.9916,0.99608,0.53333
#4FD175,79,209,117,137.53846,0.62201,0.58559,0.81961,0.56471
#DE935A,222,147,90,25.90909,0.59459,0.66667,0.87059,0.61176
#6909DB,105,9,219,267.42857,0.9589,0.92105,0.85882,0.44706
#B8E087,184,224,135,86.96629,0.39732,0.5894,0.87843,0.70392
#D9652F,217,101,47,19.05882,0.78341,0.69106,0.85098,0.51765
#92F6EC,146,246,236,174.0,0.4065,0.84746,0.96471,0.76863
#67AF1B,103,175,27,89.18919,0.84571,0.73267,0.68627,0.39608
#07A894,7,168,148,172.54658,0.95833,0.92,0.65882,0.34314
#9259CA,146,89,202,270.26549,0.55941,0.51598,0.79216,0.57059
#AF6104,175,97,4,32.63158,0.97714,0.95531,0.68627,0.35098
#A23088,162,48,136,313.68421,0.7037,0.54286,0.63529,0.41176
#CEC813,206,200,19,58.07487,0.90777,0.83111,0.80784,0.44118
#C611B4,198,17,180,305.96685,0.91414,0.84186,0.77647,0.42157
#148FA8,20,143,168,190.13514,0.88095,0.78723,0.65882,0.36863
#76ED3E,118,237,62,100.8,0.7384,0.82938,0.92941,0.58627
#66CDAD,102,205,173,161.35922,0.50244,0.50739,0.80392,0.60196
#EC9AD0,236,154,208,320.4878,0.34746,0.68333,0.92549,0.76471
#B377B5,179,119,181,298.06452,0.34254,0.29524,0.7098,0.58824
#2092A8,32,146,168,189.70588,0.80952,0.68,0.65882,0.39216
#C7B3F9,199,179,249,257.14286,0.28112,0.85366,0.97647,0.83922
#015ACC,1,90,204,213.69458,0.9951,0.99024,0.8,0.40196
#01BE78,1,190,120,157.77778,0.99474,0.98953,0.7451,0.37451
#B3030D,179,3,13,356.59091,0.98324,0.96703,0.70196,0.35686
#F1F3A0,241,243,160,61.44578,0.34156,0.7757,0.95294,0.7902
#325418,50,84,24,94.0,0.71429,0.55556,0.32941,0.21176
#D5822D,213,130,45,30.35714,0.78873,0.66667,0.83529,0.50588
#B8FDFE,184,253,254,180.85714,0.27559,0.97222,0.99608,0.85882
#0193F6,1,147,246,204.2449,0.99593,0.9919,0.96471,0.48431
#68B33A,104,179,58,97.19008,0.67598,0.51055,0.70196,0.46471
#7300A2,115,0,162,282.59259,1.0,1.0,0.63529,0.31765
#A35E4B,163,94,75,12.95455,0.53988,0.36975,0.63922,0.46667
#315867,49,88,103,196.66667,0.52427,0.35526,0.40392,0.29804
#3D4421,61,68,33,72.0,0.51471,0.34653,0.26667,0.19804
#D379A0,211,121,160,334.0,0.42654,0.50562,0.82745,0.65098
#4ED151,78,209,81,121.37405,0.62679,0.58744,0.81961,0.56275
#3AC088,58,192,136,154.92537,0.69792,0.536,0.75294,0.4902
#D76228,215,98,40,19.88571,0.81395,0.68627,0.84314,0.5
#537CA9,83,124,169,211.39535,0.50888,0.34127,0.66275,0.49412
#9B290B,155,41,11,12.5,0.92903,0.86747,0.60784,0.32549
#6E8E0D,110,142,13,74.88372,0.90845,0.83226,0.55686,0.30392
#6A5BFE,106,91,254,245.52147,0.64173,0.98788,0.99608,0.67647
#E9EE30,233,238,48,61.57895,0.79832,0.84821,0.93333,0.56078
#358852,53,136,82,140.96386,0.61029,0.43915,0.53333,0.37059
#349005,52,144,5,99.71223,0.96528,0.93289,0.56471,0.29216
#9925BA,153,37,186,286.71141,0.80108,0.66816,0.72941,0.43725
#6E3B3A,110,59,58,1.15385,0.47273,0.30952,0.43137,0.32941
#0322FF,3,34,255,232.61905,0.98824,1.0,1.0,0.50588
#0EBC7E,14,188,126,158.62069,0.92553,0.86139,0.73725,0.39608
#BD2174,189,33,116,328.07692,0.8254,0.7027,0.74118,0.43529
#057CBD,5,124,189,201.19565,0.97354,0.94845,0.74118,0.38039
#227606,34,118,6,105.0,0.94915,0.90323,0.46275,0.24314
#01FD08,1,253,8,121.66667,0.99605,0.99213,0.99216,0.49804
#ECEAC7,236,234,199,56.75676,0.15678,0.49333,0.92549,0.85294
#0A698F,10,105,143,197.14286,0.93007,0.86928,0.56078,0.3
#DE0955,222,9,85,338.59155,0.95946,0.92208,0.87059,0.45294
#CCE012,204,224,18,65.82524,0.91964,0.85124,0.87843,0.47451
#4F7CD2,79,124,210,219.38931,0.62381,0.59276,0.82353,0.56667
#78994D,120,153,77,86.05263,0.49673,0.33043,0.6,0.45098
#154768,21,71,104,203.85542,0.79808,0.664,0.40784,0.2451
#72A57B,114,165,123,130.58824,0.30909,0.22078,0.64706,0.54706
#BE8DD7,190,141,215,279.72973,0.34419,0.48052,0.84314,0.69804
#ABA87D,171,168,125,56.08696,0.26901,0.21495,0.67059,0.58039
#5B605C,91,96,92,132.0,0.05208,0.02674,0.37647,0.36667
#CAD3C9,202,211,201,114.0,0.04739,0.10204,0.82745,0.80784
#EE04EF,238,4,239,299.74468,0.98326,0.96708,0.93725,0.47647
#77C591,119,197,145,140.0,0.39594,0.40206,0.77255,0.61961
#E898F7,232,152,247,290.52632,0.38462,0.85586,0.96863,0.78235
#CB96D5,203,150,213,290.47619,0.29577,0.42857,0.83529,0.71176
#644154,100,65,84,327.42857,0.35,0.21212,0.39216,0.32353
#D3F82D,211,248,45,70.93596,0.81855,0.93548,0.97255,0.57451
#92B428,146,180,40,74.57143,0.77778,0.63636,0.70588,0.43137
#EB0B55,235,11,85,340.17857,0.95319,0.91057,0.92157,0.48235
#F4BA8F,244,186,143,25.54455,0.41393,0.82114,0.95686,0.75882
#65EA82,101,234,130,133.08271,0.56838,0.76,0.91765,0.65686
#5278F4,82,120,244,225.92593,0.66393,0.88043,0.95686,0.63922
#89FA16,137,250,22,89.73684,0.912,0.95798,0.98039,0.53333
#AAF5A0,170,245,160,112.94118,0.34694,0.80952,0.96078,0.79412
#570B68,87,11,104,289.03226,0.89423,0.8087,0.40784,0.22549
#545E76,84,94,118,222.35294,0.28814,0.16832,0.46275,0.39608
#29C1A4,41,193,164,168.55263,0.78756,0.64957,0.75686,0.45882
#0EDB84,14,219,132,154.53659,0.93607,0.87983,0.85882,0.45686
#B1083C,177,8,60,341.53846,0.9548,0.91351,0.69412,0.36275
#598675,89,134,117,157.33333,0.33582,0.20179,0.52549,0.43725
#152872,21,40,114,227.74194,0.81579,0.68889,0.44706,0.26471
#8245D0,130,69,208,266.33094,0.66827,0.59657,0.81569,0.54314
#C8BF3A,200,191,58,56.19718,0.71,0.56349,0.78431,0.50588
#0622AA,6,34,170,229.7561,0.96471,0.93182,0.66667,0.3451
#39C7C5,57,199,197,179.15493,0.71357,0.55906,0.78039,0.50196
#27E569,39,229,105,140.84211,0.82969,0.78512,0.89804,0.52549
#BDB0FD,189,176,253,250.12987,0.30435,0.95062,0.99216,0.84118
#7872B5,120,114,181,245.37313,0.37017,0.31163,0.7098,0.57843
#2DB2FC,45,178,252,201.44928,0.82143,0.97183,0.98824,0.58235
#F52B62,245,43,98,343.66337,0.82449,0.90991,0.96078,0.56471
#1BB4BF,27,180,191,184.02439,0.85864,0.75229,0.74902,0.42745
#11CBBF,17,203,191,176.12903,0.91626,0.84545,0.79608,0.43137
#B56081,181,96,129,336.70588,0.46961,0.36481,0.7098,0.54314
#D23E58,210,62,88,349.45946,0.70476,0.62185,0.82353,0.53333
#9D1274,157,18,116,317.69784,0.88535,0.79429,0.61569,0.34314
#CDF4BC,205,244,188,101.78571,0.22951,0.71795,0.95686,0.84706
#D9952C,217,149,44,36.41618,0.79724,0.69478,0.85098,0.51176
#898074,137,128,116,34.28571,0.15328,0.083,0.53725,0.49608
#D512C0,213,18,192,306.46154,0.91549,0.84416,0.83529,0.45294
#28B8F4,40,184,244,197.64706,0.83607,0.90265,0.95686,0.55686
#09CE84,9,206,132,157.46193,0.95631,0.91628,0.80784,0.42157
#127FA0,18,127,160,193.94366,0.8875,0.79775,0.62745,0.34902
#24A746,36,167,70,135.57252,0.78443,0.64532,0.6549,0.39804
#9BD1BA,155,209,186,154.44444,0.25837,0.36986,0.81961,0.71373
#C24FC0,194,79,192,301.04348,0.59278,0.48523,0.76078,0.53529
#2F8422,47,132,34,112.04082,0.74242,0.59036,0.51765,0.32549
#13708A,19,112,138,193.10924,0.86232,0.75796,0.54118,0.30784
#879023,135,144,35,64.95413,0.75694,0.60894,0.56471,0.35098
#AE4334,174,67,52,7.37705,0.70115,0.53982,0.68235,0.44314
#9921F9,153,33,249,273.33333,0.86747,0.94737,0.97647,0.55294
#2CA569,44,165,105,150.24793,0.73333,0.57895,0.64706,0.4098
#5555BF,85,85,191,240.0,0.55497,0.45299,0.74902,0.54118
#593905,89,57,5,37.14286,0.94382,0.89362,0.34902,0.18431
#1014BD,16,20,189,238.61272,0.91534,0.8439,0.74118,0.40196
#0D8F1F,13,143,31,128.30769,0.90909,0.83333,0.56078,0.30588
#5EA0DD,94,160,221,208.8189,0.57466,0.65128,0.86667,0.61765
#2A6F4C,42,111,76,149.56522,0.62162,0.45098,0.43529,0.3
#17F517,23,245,23,120.0,0.90612,0.91736,0.96078,0.52549
#1CDE3C,28,222,60,129.89691,0.87387,0.776,0.87059,0.4902
#5BBDF9,91,189,249,202.78481,0.63454,0.92941,0.97647,0.66667
#5708B1,87,8,177,268.04734,0.9548,0.91351,0.69412,0.36275
#E2D398,226,211,152,47.83784,0.32743,0.56061,0.88627,0.74118
#1D2DBE,29,45,190,234.03727,0.84737,0.73516,0.7451,0.42941
#6F5916,111,89,22,45.16854,0.8018,0.66917,0.43529,0.26078
#1BA033,27,160,51,130.82707,0.83125,0.71123,0.62745,0.36667
#30D6C1,48,214,193,172.40964,0.7757,0.66935,0.83922,0.51373
#CEBCD3,206,188,211,286.95652,0.109,0.20721,0.82745,0.78235
#ABE195,171,225,149,102.63158,0.33778,0.55882,0.88235,0.73333
#E90C03,233,12,3,2.34783,0.98712,0.97458,0.91373,0.46275
#53D186,83,209,134,144.28571,0.60287,0.57798,0.81961,0.57255
#1C57F8,28,87,248,223.90909,0.8871,0.94017,0.97255,0.54118
#D1DFF6,209,223,246,217.2973,0.15041,0.67273,0.96471,0.89216
#888C76,136,140,118,70.90909,0.15714,0.0873,0.54902,0.50588
#5C3FDF,92,63,223,250.875,0.71749,0.71429,0.87451,0.56078
#93CB02,147,203,2,76.71642,0.99015,0.98049,0.79608,0.40196
#F77862,247,120,98,8.85906,0.60324,0.90303,0.96863,0.67647
#36982C,54,152,44,114.44444,0.71053,0.55102,0.59608,0.38431
#8078CB,128,120,203,245.78313,0.40887,0.44385,0.79608,0.63333
#E85B3F,232,91,63,9.94083,0.72845,0.78605,0.9098,0.57843
#5799F6,87,153,246,215.09434,0.64634,0.89831,0.96471,0.65294
#E64CD5,230,76,213,306.62338,0.66957,0.7549,0.90196,0.6
#660D84,102,13,132,284.87395,0.90152,0.82069,0.51765,0.28431
#4152AD,65,82,173,230.55556,0.62428,0.45378,0.67843,0.46667
#EA6D97,234,109,151,339.84,0.53419,0.7485,0.91765,0.67255
#6B344C,107,52,76,333.81818,0.51402,0.34591,0.41961,0.31176
#348BFF,52,139,255,214.28571,0.79608,1.0,1.0,0.60196
#555E49,85,94,73,85.71429,0.2234,0.12575,0.36863,0.32745
#60F647,96,246,71,111.42857,0.71138,0.90674,0.96471,0.62157
#C8A69C,200,166,156,13.63636,0.22,0.28571,0.78431,0.69804
#EA3DFC,234,61,252,294.34555,0.75794,0.96954,0.98824,0.61373
#A36E43,163,110,67,26.875,0.58896,0.41739,0.63922,0.45098
#8A016C,138,1,108,313.13869,0.99275,0.98561,0.54118,0.27255
#4BD769,75,215,105,132.85714,0.65116,0.63636,0.84314,0.56863
#DB39F0,219,57,240,293.11475,0.7625,0.85915,0.94118,0.58235
#72FE8D,114,254,141,131.57143,0.55118,0.98592,0.99608,0.72157
#3F9C4A,63,156,74,127.09677,0.59615,0.42466,0.61176,0.42941
#8547E9,133,71,233,262.96296,0.69528,0.78641,0.91373,0.59608
#BF3014,191,48,20,9.82456,0.89529,0.81043,0.74902,0.41373
#E847BC,232,71,188,316.39752,0.69397,0.77778,0.9098,0.59412
#70B371,112,179,113,120.89552,0.3743,0.30594,0.70196,0.57059
#AA60BB,170,96,187,288.79121,0.48663,0.40088,0.73333,0.5549
#3F4179,63,65,121,237.93103,0.47934,0.31522,0.47451,0.36078
#6204D7,98,4,215,266.72986,0.9814,0.96347,0.84314,0.42941
#5AA852,90,168,82,114.4186,0.5119,0.344,0.65882,0.4902
#6B3EEF,107,62,239,255.25424,0.74059,0.84689,0.93725,0.5902
#353853,53,56,83,234.0,0.36145,0.22059,0.32549,0.26667
#40D263,64,210,99,134.38356,0.69524,0.61864,0.82353,0.53725
#7FBDA8,127,189,168,159.67742,0.32804,0.31959,0.74118,0.61961
#F0CED0,240,206,208,356.47059,0.14167,0.53125,0.94118,0.87451
#59EC07,89,236,7,98.51528,0.97034,0.94239,0.92549,0.47647
#E5382C,229,56,44,3.89189,0.80786,0.78059,0.89804,0.53529
#AED59C,174,213,156,101.05263,0.26761,0.40426,0.83529,0.72353
#6FC6EE,111,198,238,198.89764,0.53361,0.78882,0.93333,0.68431
#269095,38,144,149,182.7027,0.74497,0.59358,0.58431,0.36667
