hue,saturation,lightness
173.76623,0.84615,0.17843
251.21495,1.00000,0.58039
81.45078,0.94146,0.59804
123.42857,0.58333,0.47059
97.56098,0.51037,0.52745
318.84615,0.63415,0.48235
6.66667,0.04147,0.42549
298.56000,0.59809,0.59020
125.96859,0.82684,0.54706
71.28713,0.74815,0.73529
264.33333,0.92784,0.38039
228.78505,0.90678,0.46275
189.37500,0.57143,0.10980
237.65854,0.86498,0.46471
277.71429,0.35354,0.80588
7.00000,0.92784,0.38039
135.69231,0.34031,0.37451
112.92135,0.91753,0.38039
134.81013,0.79798,0.61176
339.09091,0.76744,0.16863
90.47619,0.31034,0.39804
253.92857,0.95726,0.54118
60.53333,0.97403,0.45294
36.71642,0.30317,0.43333
308.57143,0.26168,0.41961
50.71823,0.90955,0.60980
2.63736,0.66423,0.73137
26.66667,0.06667,0.73529
63.52941,0.64151,0.58431
116.58228,0.81443,0.61961
108.57143,0.09091,0.45294
42.68041,0.72932,0.73922
121.22449,0.63636,0.84902
260.27027,0.62712,0.23137
197.69784,0.55378,0.50784
117.87879,0.83193,0.46667
167.26415,0.92982,0.44706
341.31148,0.52137,0.22941
216.22642,0.28649,0.36275
192.51534,0.69362,0.46078
339.58763,0.38956,0.51176
82.75862,0.44615,0.61765
263.18182,0.67692,0.74510
39.37500,0.87273,0.21569
129.79592,0.26486,0.36275
98.86364,0.48889,0.64706
170.05525,0.73279,0.48431
66.66667,0.63780,0.75098
120.72289,0.40097,0.40588
296.97479,0.95200,0.24510
21.17647,0.76884,0.39020
52.09756,0.87983,0.45686
274.37500,0.55172,0.34118
287.43243,0.66667,0.56471
163.63636,0.47826,0.27059
125.82524,0.43830,0.53922
187.05882,0.72512,0.58627
37.50000,0.70588,0.26667
51.96429,0.50000,0.43922
29.76378,0.52263,0.47647
106.87500,0.44444,0.14118
267.09677,1.00000,0.69608
108.18182,0.52381,0.50588
195.00000,0.43478,0.36078
122.24299,0.47556,0.44118
3.75000,0.16667,0.81176
189.47368,0.53073,0.35098
190.00000,0.46667,0.35294
319.31034,0.94565,0.36078
339.41606,0.60889,0.55882
63.91304,0.43396,0.41569
252.41379,0.64444,0.82353
292.28571,0.39773,0.34510
330.44335,0.94419,0.42157
312.85714,0.80769,0.89804
106.81614,0.90283,0.51569
317.14286,0.48837,0.83137
143.45455,0.47009,0.45882
344.40678,0.80090,0.56667
120.00000,0.94828,0.45490
141.60000,1.00000,0.85294
205.26316,0.39749,0.53137
340.00000,0.46154,0.20392
298.16327,0.44954,0.57255
56.59574,0.89809,0.30784
203.03571,0.80000,0.27451
226.19048,0.75000,0.32941
293.22581,0.31000,0.60784
230.25641,0.87970,0.26078
249.71429,0.60000,0.65686
111.37500,0.93023,0.66275
310.74627,0.55372,0.52549
234.00000,0.37879,0.74118
51.92982,0.68675,0.48824
167.05882,0.47664,0.79020
2.55319,0.40870,0.77451
280.48780,0.69492,0.34706
288.49741,0.78138,0.48431
216.99248,0.61860,0.42157
235.10204,0.70000,0.72549
268.47458,0.93651,0.12353
317.14286,0.95595,0.44510
341.93878,0.96078,0.60000
227.58621,0.14872,0.38235
256.70103,0.87387,0.78235
111.21951,0.21693,0.37059
330.00000,0.05882,0.73333
63.24324,0.23871,0.69608
121.72249,1.00000,0.40980
131.50000,0.47244,0.49804
186.42857,0.40000,0.72549
244.37500,0.72727,0.74118
219.88235,0.78704,0.57647
277.02857,0.70281,0.48824
329.55224,0.26908,0.51176
291.76471,0.25123,0.39804
314.41341,0.98895,0.35490
57.21854,0.96178,0.69216
333.41317,0.85641,0.38235
298.92857,0.41176,0.73333
295.71429,0.54310,0.45490
40.69565,0.95041,0.76275
10.38462,0.46429,0.21961
190.80745,0.94152,0.66471
348.59729,0.94850,0.45686
249.37500,0.21333,0.29412
121.81818,0.14932,0.43333
245.90674,0.94146,0.40196
244.10959,0.97333,0.14706
287.19101,0.80180,0.78235
106.36364,0.82500,0.52941
270.76923,0.46988,0.48824
214.05405,0.22424,0.32353
302.85714,0.52500,0.52941
344.00000,0.48387,0.93922
188.85714,0.86066,0.52157
249.92481,0.83648,0.68824
355.92233,0.98095,0.58824
155.55556,0.75701,0.58039
306.31579,0.46341,0.24118
145.10204,0.85965,0.77647
126.26866,0.73626,0.17843
188.02817,0.61739,0.45098
101.81818,1.00000,0.61176
279.20455,0.73333,0.47059
212.72727,0.97279,0.71176
240.59406,0.87826,0.45098
1.62162,0.84733,0.25686
19.33054,0.95219,0.50784
221.53846,0.44068,0.53725
52.84974,0.97970,0.61373
14.11765,0.47486,0.64902
231.07143,0.94382,0.34902
139.60000,0.69444,0.42353
11.42857,0.90323,0.36471
172.94118,0.10559,0.31569
55.33333,0.36290,0.48627
336.42857,0.83051,0.46275
225.25424,0.64130,0.63922
82.89855,0.93665,0.43333
326.82692,0.86667,0.52941
120.68966,0.96667,0.64706
142.22222,0.54656,0.51569
131.00000,0.73171,0.16078
220.85890,0.88108,0.63725
179.03226,0.69663,0.34902
31.74603,0.76518,0.51569
284.02878,0.69154,0.60588
95.90164,0.74390,0.32157
258.62069,0.99145,0.45882
153.46154,0.81250,0.87451
55.90909,0.80000,0.56863
65.35714,0.22764,0.51765
83.18182,0.41121,0.41961
248.94410,0.76303,0.41373
22.59740,0.40314,0.37451
95.50459,0.97321,0.43922
108.51064,0.60256,0.69412
176.86567,0.54032,0.48627
179.23077,0.33051,0.53725
103.39806,0.95370,0.42353
149.24051,0.65833,0.52941
249.20245,0.82741,0.61373
78.88112,0.65297,0.42941
280.00000,0.85520,0.43333
250.67797,0.66292,0.65098
221.48148,0.97590,0.67451
310.85106,0.79661,0.23137
289.91150,0.71975,0.30784
256.66667,0.49091,0.43137
29.44444,0.94737,0.22353
337.02128,0.57551,0.51961
83.14286,0.28226,0.48627
255.13514,0.64912,0.66471
48.19149,0.83929,0.56078
264.62687,0.72043,0.36471
291.87500,0.94118,0.80000
324.06417,0.81659,0.44902
334.88372,0.55128,0.30588
332.06897,0.58586,0.38824
119.31818,0.78571,0.43922
212.67857,0.77778,0.71765
148.20513,0.51092,0.44902
175.23810,0.64948,0.61961
351.56250,0.56637,0.44314
129.81818,0.84615,0.12745
316.90141,1.00000,0.58235
211.11111,0.18881,0.71961
255.57252,0.54812,0.46863
3.07692,0.50215,0.54314
130.37594,0.79641,0.67255
150.36145,0.34156,0.47647
77.70492,0.71765,0.66667
338.04878,0.58571,0.72549
243.50365,0.98561,0.27255
2.00000,0.57692,0.40784
146.66667,0.39130,0.68431
233.68421,0.80000,0.37255
30.44776,0.89333,0.44118
300.91603,0.62085,0.58627
351.60000,0.21930,0.55294
88.07339,0.73154,0.70784
182.33766,0.92771,0.16275
342.43902,0.94470,0.57451
336.25000,0.30380,0.69020
351.29032,0.86111,0.42353
174.80769,0.51485,0.60392
27.36842,0.90476,0.62941
296.04790,0.81463,0.59804
74.75410,0.93846,0.38235
212.35294,0.49038,0.40784
141.29032,0.53757,0.33922
69.23077,0.88048,0.50784
315.00000,0.03636,0.43137
199.79381,0.46860,0.40588
246.90909,0.69038,0.46863
283.98058,0.96262,0.58039
224.08163,0.23445,0.59020
215.78947,0.43511,0.74314
0.00000,0.92558,0.57843
148.20000,0.52083,0.62353
206.13861,0.58382,0.33922
155.49738,0.95980,0.39020
186.66667,0.63871,0.69608
126.50602,0.38605,0.42157
169.05660,0.84127,0.37059
290.00000,0.35780,0.42745
222.46154,0.65000,0.39216
28.11189,0.84615,0.33137
161.53846,0.36792,0.58431
256.84211,0.51351,0.21765
322.30769,0.80412,0.38039
209.56522,0.90393,0.44902
264.00000,0.21739,0.63922
291.04478,0.67677,0.19412
62.48521,0.68421,0.51569
329.27419,0.98413,0.50588
157.59036,0.87368,0.37255
346.05405,0.80087,0.45294
190.24390,0.82828,0.61176
296.00000,0.19651,0.55098
273.50649,0.38308,0.60588
11.85185,0.88043,0.63922
214.48819,0.55947,0.44510
192.00000,0.13158,0.55294
47.72727,0.88000,0.50980
123.62637,0.97849,0.36471
136.12903,0.65957,0.72353
52.28571,0.79545,0.82745
113.83178,0.46725,0.55098
295.00000,0.12500,0.62353
346.28571,0.42510,0.51569
180.00000,0.46341,0.83922
253.10924,0.65746,0.64510
230.00000,0.44444,0.21176
54.09091,0.97059,0.26667
339.82063,0.97380,0.55098
105.97403,0.30924,0.51176
277.95918,0.35252,0.27255
58.53659,0.69492,0.76863
149.01099,0.96809,0.63137
307.13287,0.95973,0.70784
21.53846,0.73585,0.89608
169.43662,0.61207,0.45490
88.88889,0.87907,0.57843
192.42604,0.66275,0.50000
100.37383,0.70861,0.29608
240.00000,1.00000,0.61176
133.78378,0.32456,0.44706
83.94495,0.93162,0.45882
343.75000,0.19200,0.49020
318.66667,0.91837,0.90392
120.00000,0.63964,0.43529
114.60674,0.40271,0.56667
250.00000,0.93204,0.59608
342.90909,0.82090,0.60588
176.02041,0.94231,0.40784
195.75758,0.40741,0.52353
320.00000,0.90244,0.48235
55.55556,0.53785,0.50784
327.85714,0.52830,0.41569
172.09302,0.63547,0.39804
22.41379,0.85294,0.60000
208.57143,0.79747,0.15490
36.36364,0.49254,0.13137
42.85714,0.16031,0.25686
72.52427,0.81746,0.50588
85.27778,0.99083,0.57255
140.00000,0.64615,0.74510
327.22689,0.51073,0.54314
107.38462,0.80247,0.52353
156.84211,0.95000,0.23529
174.00000,0.13514,0.70980
335.93220,0.78667,0.44118
165.50000,0.53571,0.43922
187.96875,0.55172,0.54510
284.55696,0.97531,0.52353
166.28571,0.19126,0.35882
9.90291,0.97170,0.41569
271.55556,0.88235,0.70000
312.11538,0.88136,0.23137
70.31250,0.60377,0.20784
54.28571,0.14894,0.72353
44.15094,0.60227,0.34510
240.48000,0.64103,0.38235
296.66667,0.45570,0.30980
195.40107,0.77593,0.47255
51.00000,0.36145,0.67451
261.31148,0.77215,0.46471
267.60563,0.93013,0.44902
220.74627,0.67677,0.61176
336.66667,0.40179,0.43922
330.00000,0.39130,0.81961
320.00000,0.76744,0.66275
13.44828,0.40278,0.71765
200.00000,0.39901,0.60196
54.72527,0.57233,0.31176
49.60000,0.70093,0.79020
180.00000,0.36000,0.55882
262.70270,0.82222,0.35294
99.76331,0.92350,0.64118
126.52174,0.20536,0.43922
238.62069,0.94565,0.36078
55.93220,0.56731,0.59216
18.64865,0.34579,0.41961
232.96875,0.61538,0.40784
11.78571,1.00000,0.32941
347.30769,0.99048,0.41176
248.94737,0.97436,0.54118
315.71429,0.17949,0.54118
32.78351,0.82906,0.54118
85.78512,0.57895,0.40980
301.17647,0.60714,0.32941
111.89189,0.73510,0.29608
88.04348,0.46465,0.61176
51.69643,0.96552,0.54510
94.66667,0.57940,0.54314
38.13084,0.47982,0.56275
83.43750,0.60952,0.41176
86.82353,0.38117,0.43725
68.66667,0.93750,0.81176
320.88235,0.96226,0.41569
150.00000,0.93443,0.76078
38.13953,0.70492,0.64118
239.39394,0.96117,0.20196
277.61194,0.82716,0.52353
328.57143,0.81215,0.64510
77.58621,0.24167,0.52941
270.94737,0.96939,0.61569
74.43609,0.53414,0.51176
65.45455,0.82500,0.15686
75.00000,0.73333,0.47059
168.83721,0.65482,0.61373
232.63158,0.52294,0.42745
262.10526,0.20879,0.35686
266.27219,0.68421,0.48431
166.25000,0.60000,0.31373
284.72727,0.69620,0.46471
246.66667,0.36000,0.75490
75.56757,0.92040,0.60588
259.18033,0.93846,0.74510
188.64198,0.98381,0.51569
76.20000,0.90909,0.21569
211.11111,0.87805,0.48235
48.83721,0.95556,0.44118
116.93431,0.71728,0.37451
270.00000,0.35443,0.30980
17.14286,0.61111,0.50588
219.37500,0.25600,0.50980
210.86705,0.84390,0.59804
72.69231,0.38806,0.26275
160.00000,0.30000,0.43137
155.46667,0.90361,0.51176
272.94118,0.86441,0.23137
342.37288,0.89848,0.61373
357.78689,0.96063,0.49804
17.83784,0.52113,0.13922
320.70796,0.86260,0.74314
107.74194,0.86111,0.57647
162.16216,0.96522,0.54902
135.24324,0.85253,0.57451
101.73913,0.56790,0.68235
290.55118,0.68649,0.36275
265.49223,0.82128,0.53922
3.21951,0.82329,0.51176
313.16327,0.80992,0.52549
190.30043,0.95102,0.48039
207.61905,0.57798,0.57255
275.59322,0.64130,0.36078
138.10651,0.88482,0.62549
190.56338,0.68932,0.40392
124.05405,0.35922,0.59608
355.50000,0.21739,0.36078
315.86207,0.50877,0.33529
72.00000,0.43689,0.20196
354.68354,0.65833,0.52941
230.28902,0.76211,0.55490
277.94118,0.73913,0.36078
176.17021,0.27485,0.33529
234.32432,0.83146,0.34902
348.24324,0.63248,0.54118
91.23288,0.51773,0.27647
67.60976,0.94470,0.57451
256.82540,0.79747,0.53529
322.00000,0.28846,0.20392
83.68421,0.74803,0.49804
292.78195,0.52988,0.49216
332.30769,0.92857,0.61569
209.37063,0.98621,0.71569
76.36364,0.26190,0.83529
332.82353,0.83333,0.40000
143.52941,0.85475,0.35098
27.97546,0.65992,0.51569
172.40506,0.86813,0.64314
218.32599,0.93416,0.52353
353.07692,0.59633,0.57255
92.30769,0.97500,0.47059
276.42857,0.79032,0.51373
143.20000,0.49020,0.30000
198.15126,0.59204,0.60588
4.04494,0.35178,0.49608
113.06122,0.61506,0.53137
228.88889,0.40704,0.39020
308.70968,0.88571,0.13725
250.83333,0.58065,0.51373
80.71942,0.75956,0.64118
322.10526,0.53846,0.48431
203.80165,0.49794,0.47647
255.00000,0.57143,0.91765
265.67308,0.81890,0.50196
119.27273,0.70815,0.45686
189.19708,0.64929,0.58627
61.70213,0.80571,0.34314
51.71053,0.67857,0.56078
143.02326,0.39815,0.57647
194.59459,0.39785,0.18235
209.79310,0.70048,0.59412
151.30435,0.29114,0.84510
216.89840,0.94924,0.38627
317.93103,0.51479,0.33137
94.11765,0.45133,0.22157
41.56098,0.87983,0.54314
99.56897,0.96667,0.52941
6.87500,0.72727,0.74118
261.55340,0.50244,0.59804
297.69231,0.98913,0.36078
135.67164,0.91781,0.71373
39.00000,0.90909,0.21569
321.05263,0.24891,0.55098
103.37838,0.96104,0.69804
178.23529,0.97701,0.34118
196.87500,0.16667,0.37647
61.39535,0.95556,0.73529
247.32824,0.57205,0.55098
207.50000,0.57143,0.32941
40.60606,0.55307,0.64902
265.80645,0.42466,0.42941
158.95522,0.80723,0.67451
178.55072,0.92000,0.44118
149.63415,0.66129,0.48627
300.00000,0.55208,0.62353
159.41860,0.81132,0.58431
172.28571,0.31532,0.43529
30.26087,0.95833,0.52941
171.69231,0.90698,0.42157
131.34146,0.70690,0.45490
74.86239,1.00000,0.42745
269.17431,0.66061,0.67647
185.21739,0.20721,0.43529
8.84462,1.00000,0.49216
74.16309,0.93574,0.51176
161.50685,0.60833,0.52941
310.85714,0.84000,0.50980
1.09091,0.88710,0.51373
114.87179,0.84173,0.72745
193.24675,0.83696,0.63922
33.75000,0.77778,0.28235
77.87234,0.56627,0.16275
270.00000,1.00000,0.50196
90.54545,0.24444,0.55882
240.00000,0.24444,0.44118
126.34615,0.41270,0.50588
258.57143,0.52066,0.52549
277.91411,0.72444,0.44118
179.59732,0.68664,0.42549
9.71831,0.62281,0.44706
177.15976,0.81643,0.40588
34.04651,0.94714,0.44510
100.00000,0.60000,0.23529
110.25000,0.95238,0.67059
198.33333,0.16364,0.43137
128.23529,0.64557,0.69020
326.54867,0.45382,0.51176
264.00000,0.19231,0.40784
44.71154,0.87395,0.46667
80.08368,0.94466,0.49608
353.50515,0.80833,0.47059
38.18182,0.79279,0.43529
126.00000,0.47414,0.45490
232.71845,0.86555,0.53333
264.28571,0.95455,0.25882
269.62025,0.49686,0.68824
234.44444,0.85714,0.75294
105.15464,0.38340,0.49608
300.00000,0.41772,0.46471
136.98113,0.91379,0.22745
239.45455,0.49107,0.43922
296.03524,0.98268,0.45294
111.83673,0.76963,0.62549
144.90566,0.67660,0.46078
356.88312,0.53846,0.71961
115.80420,0.72589,0.38627
202.08333,0.88889,0.31765
51.37500,0.87912,0.35686
279.71831,1.00000,0.58235
54.24242,0.89189,0.56471
180.85714,0.66667,0.41176
69.79592,0.47115,0.59216
256.92308,0.30709,0.75098
243.03797,0.88764,0.34902
41.18644,0.57282,0.40392
75.70093,0.93043,0.54902
8.85246,0.70115,0.82941
84.40678,0.53153,0.43529
244.00000,0.98361,0.47843
37.68293,0.78846,0.40784
125.80645,0.72093,0.66275
347.27273,0.83193,0.53333
344.03670,0.43426,0.49216
309.92126,0.81935,0.69608
294.11765,0.34694,0.28824
336.61538,0.85153,0.44902
258.38710,0.74699,0.67451
348.57143,0.97674,0.66275
11.50685,0.51773,0.27647
253.63636,0.89189,0.85490
64.54545,0.97059,0.26667
57.32484,0.82199,0.37451
39.23077,0.87640,0.34902
244.34783,0.62162,0.43529
64.10256,0.48548,0.52745
44.10596,0.90419,0.67255
33.44262,0.48800,0.50980
258.75000,0.74227,0.38039
308.62275,0.71674,0.45686
260.86957,0.39316,0.45882
210.39648,0.91903,0.51569
200.28777,0.79429,0.65686
176.57143,0.31818,0.43137
206.19048,0.67021,0.36863
143.79310,0.71605,0.68235
291.78082,0.79348,0.63922
338.02326,0.93478,0.36078
231.48649,0.63248,0.45882
135.00000,0.45570,0.69020
289.64602,0.97414,0.54510
213.48837,0.36134,0.53333
100.00000,0.95122,0.59804
291.54930,0.60684,0.77059
4.68750,0.34783,0.63922
81.63934,0.25103,0.52353
31.13924,0.83158,0.81373
16.82927,0.78846,0.59216
262.54777,0.66809,0.53922
144.45652,0.75410,0.47843
304.92537,0.69072,0.38039
54.16667,0.36000,0.39216
82.57426,0.54011,0.63333
257.96791,0.80258,0.45686
345.67164,0.39645,0.33137
8.68966,0.66210,0.57059
192.25532,1.00000,0.53922
78.82353,0.22078,0.54706
178.75000,0.94118,0.80000
314.09639,0.78302,0.41569
326.18182,0.27919,0.61373
144.78261,0.59740,0.30196
103.06452,0.66667,0.36471
290.59908,0.95595,0.55490
145.41176,0.46961,0.35490
148.30189,0.81538,0.12745
199.56522,0.20721,0.43529
250.50000,0.21277,0.36863
254.16667,0.56250,0.25098
94.19355,0.80870,0.77451
310.51095,0.78286,0.65686
17.33333,0.46392,0.80980
339.84733,0.62679,0.59020
178.66667,0.26946,0.32745
285.68182,0.38596,0.44706
56.00000,0.58442,0.15098
247.05882,0.43220,0.46275
75.61644,0.78495,0.18235
345.23810,0.58333,0.42353
280.95238,0.49606,0.49804
19.26316,0.83333,0.55294
171.76471,0.76119,0.73725
218.69565,0.58475,0.46275
136.36364,0.42857,0.30196
304.14634,0.96850,0.49804
261.49254,0.62617,0.41961
228.94737,0.15079,0.49412
8.75000,0.97959,0.38431
31.71975,0.84865,0.36275
73.58491,0.62353,0.16667
72.63158,0.76000,0.70588
111.05590,0.74194,0.57451
70.54054,0.31356,0.46275
120.67416,0.91753,0.61961
181.55172,0.95868,0.52549
30.24793,0.55251,0.57059
91.15385,0.22609,0.45098
160.45872,0.90833,0.52941
26.22222,0.77143,0.65686
337.28155,0.56284,0.64118
278.26087,0.72632,0.37255
186.51429,0.91623,0.37451
282.70270,0.50685,0.42941
213.65854,0.60000,0.59804
232.83582,0.30045,0.56275
240.00000,0.43939,0.25882
156.00000,0.35433,0.24902
303.60656,0.74694,0.51961
267.14286,0.94382,0.34902
147.11538,0.52000,0.60784
114.62687,0.26275,0.50000
26.66667,0.85263,0.62745
193.66337,0.40239,0.50784
310.25126,0.86147,0.54706
85.05495,0.73984,0.75882
46.31579,0.73391,0.54314
110.37037,0.49693,0.31961
331.20000,0.43860,0.44706
257.10280,0.89916,0.53333
115.23810,0.52066,0.23725
125.38462,0.69027,0.44314
266.53846,0.27957,0.63529
351.56250,0.55652,0.54902
252.54545,0.49107,0.43922
248.24176,0.97849,0.63529
344.65116,0.71074,0.47451
190.86957,0.74194,0.63529
282.09677,0.60194,0.40392
90.60403,0.94904,0.69216
207.97753,0.73554,0.47451
111.52941,0.73913,0.45098
20.00000,0.88235,0.26667
280.71429,0.90323,0.51373
2.76923,0.90698,0.57843
0.00000,0.67347,0.90392
163.22034,0.64130,0.36078
265.45455,0.91667,0.71765
43.84615,0.30588,0.33333
358.86792,0.21457,0.51569
32.41706,0.99061,0.58235
271.21951,0.49798,0.48431
346.15385,0.89418,0.62941
270.50000,0.81081,0.70980
200.15625,0.76190,0.67059
140.78740,0.51004,0.51176
49.57627,0.99160,0.46667
49.78723,0.81739,0.45098
347.84314,0.78462,0.38235
272.26415,0.86885,0.23922
105.42857,0.70707,0.61176
156.71642,0.96172,0.59020
356.53846,0.66667,0.30588
140.00000,0.61607,0.43922
56.91176,0.67327,0.60392
241.01695,0.66292,0.65098
332.21477,0.77202,0.37843
319.27273,0.67347,0.51961
136.90141,0.87654,0.15882
206.66667,0.41176,0.70000
222.60000,1.00000,0.60784
7.35849,0.66250,0.31373
114.30380,0.62698,0.50588
61.27660,0.38843,0.76275
150.85714,0.47945,0.57059
20.93750,0.96000,0.60784
13.33333,0.73770,0.76078
74.51613,0.76230,0.47843
220.00000,0.87097,0.69608
32.69841,0.93103,0.39804
316.36364,0.20755,0.20784
304.31373,0.66812,0.44902
36.75676,0.77622,0.28039
44.62312,1.00000,0.60980
107.63359,0.55274,0.46471
333.33333,0.67164,0.86863
241.66667,0.64286,0.89020
183.12139,0.80465,0.42157
184.00000,0.54656,0.51569
98.13084,0.42972,0.48824
336.66667,0.39474,0.55294
49.20000,0.46296,0.21176
221.53846,0.59477,0.30000
26.08696,0.69697,0.54706
239.07692,0.26971,0.52745
6.94215,0.59606,0.39804
287.60000,0.63559,0.46275
93.91304,0.38983,0.65294
213.47826,0.79310,0.34118
65.62500,0.38095,0.67059
276.45161,0.73228,0.50196
33.63636,0.94286,0.86275
47.47253,0.91000,0.39216
260.00000,0.92670,0.37451
196.84211,0.68675,0.83725
170.33898,0.95161,0.24314
109.77778,0.65217,0.40588
45.54217,0.52866,0.30784
277.91411,0.64940,0.50784
284.19162,0.76959,0.42549
212.67606,0.97260,0.42941
223.04348,0.44231,0.59216
254.57143,0.57377,0.76078
292.50000,0.74074,0.68235
134.11765,0.57955,0.65490
317.14286,0.49606,0.24902
210.61224,0.23223,0.58627
305.34031,0.95980,0.60980
104.32161,0.81224,0.51961
306.70391,0.83256,0.42157
216.05634,0.99070,0.42157
236.05263,0.62295,0.47843
320.16393,0.51695,0.46275
99.62264,0.92982,0.33529
347.41935,0.80870,0.45098
37.50000,0.17778,0.64706
348.00000,0.46875,0.87451
151.76471,0.69672,0.47843
220.95238,0.37725,0.32745
293.28358,0.63810,0.41176
181.66667,0.52941,0.86667
185.56701,0.48259,0.60588
310.56818,0.69841,0.49412
217.34694,0.90741,0.78824
67.68473,0.91031,0.43725
330.50000,0.98361,0.47843
118.22034,0.95935,0.51765
119.26829,0.87234,0.63137
205.14970,0.66008,0.50392
12.53731,0.41104,0.31961
164.92611,0.82186,0.48431
38.12155,0.86603,0.40980
178.09524,0.27273,0.45294
211.65354,0.70166,0.64510
98.78788,0.83193,0.23333
213.77778,0.57940,0.54314
265.20000,0.20161,0.48627
98.57143,0.30000,0.72549
105.88235,0.53125,0.37647
304.13793,0.33333,0.65882
9.29577,0.30213,0.53922
252.16783,0.61373,0.45686
242.44898,0.67742,0.42549
180.00000,0.44737,0.14902
15.00000,0.78431,0.60000
114.00000,0.82569,0.57255
277.50000,0.31683,0.39608
292.82609,0.41071,0.43922
328.06452,0.45588,0.26667
333.69863,1.00000,0.71373
98.37838,0.66467,0.32745
50.62500,0.35556,0.82353
4.10256,0.92126,0.49804
104.81928,0.74107,0.43922
130.00000,0.84298,0.52549
273.10345,0.24576,0.53725
326.84211,0.50000,0.85098
337.15736,0.82427,0.46863
180.63158,0.49738,0.62549
296.78571,0.91304,0.63922
13.43284,0.46853,0.71961
257.94393,0.69935,0.30000
231.42857,0.18325,0.62549
25.38462,0.22034,0.53725
102.08531,0.85425,0.48431
35.03356,0.82320,0.35490
96.09959,1.00000,0.52745
155.69620,0.61240,0.74706
191.05263,0.72152,0.69020
194.68085,0.78333,0.52941
95.14286,0.30973,0.55686
313.24675,0.32489,0.46471
38.40000,0.40984,0.11961
266.73575,0.86547,0.43725
21.56863,0.66812,0.55098
315.45064,0.91373,0.50000
221.34715,0.82128,0.46078
276.70588,0.40284,0.41373
245.42169,0.79808,0.40784
102.10526,0.22353,0.50000
36.66667,0.42857,0.50588
55.28090,0.71774,0.48627
161.75676,0.72549,0.40000
131.08280,0.85792,0.35882
59.41463,1.00000,0.59804
355.86207,0.18012,0.31569
95.12195,0.17012,0.47255
335.32995,0.83122,0.53529
197.41935,0.56881,0.42745
44.89510,0.67773,0.58627
63.68421,0.93443,0.23922
346.05634,0.63393,0.56078
280.94421,0.98312,0.53529
328.75000,0.64865,0.43529
146.44550,0.88285,0.53137
106.48352,0.93814,0.61961
230.66667,0.83333,0.57647
12.18750,0.61538,0.79608
162.75000,0.54795,0.71373
6.00000,0.78947,0.85098
124.95868,0.60804,0.39020
210.00000,0.43363,0.55686
254.91329,0.95580,0.64510
24.82759,0.71901,0.52549
121.93548,0.70992,0.74314
351.14754,0.28638,0.58235
128.78981,0.85792,0.35882
255.00000,0.35294,0.66667
166.29630,0.66393,0.47843
95.73529,0.55738,0.47843
191.52318,0.87283,0.66078
275.62500,0.41026,0.15294
144.21053,0.64773,0.34510
30.32967,0.69466,0.25686
160.25806,0.77889,0.60980
211.46853,0.65297,0.57059
290.80000,0.65217,0.54902
254.10138,0.88571,0.51961
270.29126,1.00000,0.20196
216.98113,0.82383,0.37843
9.57983,0.96748,0.51765
328.48101,0.71818,0.43137
232.14953,0.53769,0.39020
100.78431,0.72512,0.58627
317.06422,0.73154,0.70784
109.24528,0.94643,0.56078
151.35135,0.94068,0.46275
206.92913,0.92701,0.73137
12.25532,0.92885,0.49608
279.51220,0.66667,0.48235
325.71429,0.86301,0.28627
277.02128,0.20346,0.45294
236.49635,0.64319,0.41765
209.44785,0.93143,0.34314
171.86441,0.90769,0.74510
343.37349,0.56463,0.28824
157.89474,0.59006,0.31569
76.18257,0.98367,0.48039
111.52174,0.43396,0.58431
134.81013,0.63710,0.48627
324.17266,0.62332,0.43725
276.00000,0.48523,0.46471
217.50000,0.97561,0.32157
252.00000,0.94286,0.34314
46.71429,0.88608,0.69020
160.26316,0.67257,0.55686
151.33333,0.71429,0.24706
0.57143,0.72414,0.28431
15.92920,0.57360,0.38627
140.64516,0.81579,0.44706
13.56522,0.46939,0.48039
201.40541,0.88517,0.59020
112.13793,0.87879,0.32353
8.40000,0.80645,0.63529
87.09677,0.14286,0.57451
13.07692,0.32500,0.52941
277.40741,0.63780,0.49804
296.73469,0.93631,0.69216
240.00000,0.55024,0.59020
110.67961,0.40392,0.50000
127.01299,0.70642,0.57255
125.50459,0.49321,0.43333
167.14286,1.00000,0.08235
98.43750,0.60377,0.20784
187.94118,1.00000,0.73333
281.47651,0.58893,0.49608
19.42857,0.43210,0.52353
164.55090,0.76959,0.42549
159.39394,0.98020,0.39608
256.63866,0.77778,0.30000
115.62500,0.77419,0.51373
286.71141,0.87135,0.66471
22.83186,0.46888,0.47255
325.71429,0.58710,0.69608
38.84615,0.74286,0.41176
142.70270,0.61157,0.52549
335.00000,0.06000,0.60784
164.66667,0.80357,0.43922
280.13514,0.66071,0.56078
10.21978,0.91919,0.38824
36.66667,0.49091,0.78431
107.27273,0.37079,0.82549
193.19149,0.73822,0.62549
146.66667,0.81818,0.23725
208.18182,0.50769,0.25490
97.50000,0.19512,0.32157
129.34132,0.98817,0.33137
84.55696,0.95181,0.51176
68.73239,0.99070,0.42157
210.26087,0.61497,0.63333
290.72727,0.91667,0.23529
160.32787,0.98387,0.24314
213.98230,0.83704,0.73529
181.77778,0.93103,0.28431
28.65169,0.76068,0.54118
3.71134,0.89815,0.42353
234.33962,0.65975,0.47255
320.00000,0.60000,0.58824
204.38710,0.63265,0.51961
258.85714,0.84000,0.24510
216.07595,0.88764,0.65098
252.10084,0.67232,0.34706
174.22460,0.93035,0.39412
91.55556,0.64593,0.59020
72.41379,0.41429,0.27451
37.29730,0.80087,0.45294
212.94118,0.83607,0.88039
352.72727,0.51295,0.37843
274.13793,0.43284,0.73725
226.62651,0.94318,0.34510
283.97727,0.72131,0.47843
220.54054,0.31897,0.45490
242.79070,0.60000,0.57843
318.71560,0.52657,0.59412
141.13043,0.95041,0.52549
207.85714,0.12500,0.56078
72.63158,0.96939,0.61569
133.46154,0.90698,0.33725
280.66667,0.35714,0.50588
188.26531,0.98000,0.60784
196.14213,0.83122,0.53529
143.21608,0.81893,0.47647
351.31579,0.95000,0.52941
105.00000,0.25000,0.74902
170.00000,0.09890,0.64314
102.07792,0.97468,0.30980
8.57143,0.29341,0.32745
148.90052,0.89671,0.41765
182.30769,0.79268,0.67843
172.10526,0.50442,0.44314
288.00000,0.02165,0.45294
50.58824,0.33333,0.30000
120.00000,0.39370,0.50196
183.75000,0.75676,0.70980
181.42857,0.46667,0.17647
171.73653,0.81463,0.40196
358.85714,0.83333,0.49412
197.14286,0.24138,0.05686
338.37838,0.45306,0.51961
168.82759,0.65022,0.56275
285.64417,0.64427,0.50392
340.72398,0.86667,0.50000
275.02146,0.92095,0.50392
238.23529,0.58621,0.65882
130.80000,0.74257,0.39608
131.64179,0.41104,0.31961
118.70270,0.80786,0.55098
33.18182,0.91667,0.71765
123.36449,0.59777,0.35098
192.23684,0.71698,0.41569
348.46154,0.45614,0.55294
334.56221,0.96444,0.44118
80.68966,0.28713,0.39608
203.64532,0.89427,0.55490
146.63415,0.82329,0.51176
262.20000,0.59524,0.67059
51.54930,0.47651,0.70784
244.13793,0.81308,0.79020
111.78082,0.88664,0.51569
252.00000,0.86957,0.90980
185.50000,0.53571,0.43922
255.46392,0.80165,0.23725
116.00000,1.00000,0.08824
260.40609,1.00000,0.61373
54.33962,0.46903,0.77843
230.14925,0.49630,0.26471
265.28571,0.97222,0.71765
223.18471,0.69163,0.55490
112.77108,0.68033,0.52157
123.31034,0.90062,0.31569
73.37143,0.81395,0.57843
191.59091,0.35200,0.49020
309.44444,0.45000,0.52941
106.02740,0.53285,0.26863
343.24324,0.90984,0.52157
343.60825,0.96040,0.39608
130.61538,0.75581,0.33725
131.61290,1.00000,0.30392
103.25581,0.38053,0.22157
223.89474,1.00000,0.62745
111.47727,0.77193,0.55294
86.21849,0.95968,0.51373
289.48052,0.87500,0.34510
35.57143,0.63063,0.43529
110.58824,0.46364,0.43137
128.33333,0.59016,0.23922
329.84127,0.98953,0.62549
169.09091,0.68750,0.12549
38.02817,0.60169,0.53725
184.20000,0.39370,0.50196
328.67925,0.67089,0.46471
214.72081,0.89140,0.43333
213.75000,0.94488,0.49804
331.73913,0.77528,0.34902
262.35294,0.48571,0.41176
145.17857,0.91803,0.47843
300.00000,0.86916,0.41961
284.93151,0.96476,0.44510
102.52427,0.76296,0.26471
100.64516,0.24800,0.75490
209.61538,0.67826,0.45098
325.71429,0.85556,0.35294
334.50000,0.81967,0.52157
123.58209,0.55833,0.52941
302.72727,0.62857,0.86275
89.23077,0.17647,0.43333
130.20000,0.81967,0.23922
231.88406,0.88085,0.53922
246.94737,0.48223,0.61373
50.72165,0.50259,0.37843
168.83721,0.36752,0.77059
146.43357,0.57895,0.48431
257.00787,0.60190,0.41373
347.63819,0.83966,0.46471
240.00000,0.53846,0.79608
3.63636,0.77465,0.58235
23.02326,0.38739,0.43529
60.00000,0.80791,0.65294
37.80000,0.42373,0.46275
231.47929,0.71915,0.53922
88.25806,0.91716,0.66863
77.34940,0.80583,0.59608
301.73077,0.43697,0.46667
41.02941,0.55285,0.48235
126.85714,0.98394,0.48824
216.00000,0.22013,0.68824
129.12000,0.52301,0.53137
235.81395,0.38739,0.21765
206.84211,0.20879,0.64314
21.12245,0.97030,0.39608
300.00000,0.25714,0.41176
141.57303,0.62238,0.71961
225.00000,0.20000,0.19608
340.99010,0.90179,0.43922
176.40000,0.78125,0.37647
34.40000,0.45455,0.67647
281.92771,0.95402,0.65882
261.20690,0.57426,0.60392
240.98361,0.37888,0.31569
198.42105,0.52778,0.42353
38.46154,0.81250,0.18824
138.16901,0.55906,0.50196
353.29949,0.85281,0.54706
29.18919,0.15481,0.46863
20.70175,1.00000,0.33529
104.41558,0.35484,0.42549
133.86667,0.95745,0.53922
72.43902,0.74545,0.56863
316.20438,0.62557,0.57059
8.00000,0.47872,0.63137
179.67213,0.87560,0.59020
189.13043,0.19328,0.53333
154.75610,0.73214,0.56078
344.68085,0.61039,0.30196
276.84211,0.77376,0.43333
160.73684,0.89623,0.58431
66.98276,1.00000,0.45490
24.11215,0.91453,0.77059
157.35849,0.85946,0.63725
35.29412,0.91892,0.14510
214.41176,0.60177,0.55686
170.00000,0.82500,0.84314
0.00000,0.91111,0.64706
317.52809,0.45178,0.38627
260.38835,0.92793,0.78235
183.48214,0.89600,0.50980
190.34483,0.79817,0.42745
313.91304,0.28631,0.47255
323.73134,0.55372,0.52549
72.17391,0.80233,0.33725
51.25000,0.38710,0.51373
130.96154,0.53061,0.38431
9.37500,0.19512,0.67843
116.12903,0.76230,0.52157
183.08571,0.88832,0.38627
251.86047,0.82692,0.79608
286.53061,0.31210,0.69216
262.74725,0.84259,0.57647
118.18182,0.48529,0.26667
66.48649,0.58730,0.24706
330.98361,0.50833,0.47059
67.50000,0.40678,0.23137
204.00000,0.20000,0.49020
188.57143,0.53846,0.28039
321.81818,0.78571,0.38431
221.11111,0.81818,0.87059
106.20968,0.99200,0.50980
172.50000,0.65116,0.83137
329.18919,0.60000,0.63725
112.23529,0.98837,0.33725
66.66667,1.00000,0.92941
201.88679,0.95210,0.67255
0.78947,0.95000,0.15686
156.00000,0.33981,0.40392
223.03665,0.78601,0.47647
310.00000,0.71429,0.08235
301.12150,0.49767,0.42157
273.00000,0.55556,0.57647
22.90909,0.92437,0.46667
27.69231,0.92857,0.94510
141.00000,0.08621,0.45490
127.02703,0.68944,0.68431
299.04255,0.81739,0.54902
326.76923,0.71429,0.64314
173.42466,0.87251,0.49216
171.42857,0.72414,0.88627
38.65385,0.44068,0.46275
38.21053,0.97938,0.61961
172.77108,0.72174,0.54902
324.89362,0.48958,0.62353
301.36364,0.91667,0.18824
326.63265,0.96078,0.60000
36.00000,0.27197,0.53137
281.00000,0.39474,0.70196
356.14679,0.77305,0.27647
1.95652,0.92929,0.38824
47.14286,0.82353,0.66667
14.91525,0.74684,0.46471
132.55814,0.50000,0.33725
316.00000,0.42857,0.58824
322.16216,0.98230,0.44314
175.12195,0.78344,0.69216
274.32432,0.99107,0.43922
222.85714,0.58947,0.37255
250.56995,0.94146,0.40196
78.22222,0.56017,0.52745
34.28571,0.83648,0.68824
210.72000,0.50201,0.48824
249.79592,0.75385,0.74510
60.00000,0.25000,0.34510
229.23077,0.96296,0.31765
230.00000,0.16935,0.48627
27.92079,0.52332,0.62157
295.57895,0.79832,0.23333
179.22078,0.65254,0.46275
202.16749,0.99024,0.40196
44.44444,0.51923,0.79608
238.70968,0.41704,0.56275
211.25000,0.72000,0.60784
166.70886,0.65289,0.52549
239.40594,0.85593,0.46275
16.51007,0.88166,0.66863
238.48101,0.49686,0.68824
46.80000,0.33784,0.29020
318.36066,0.86730,0.58627
95.00000,0.09524,0.24706
30.98901,0.95789,0.37255
137.01493,0.33005,0.60196
133.82488,0.95595,0.55490
55.90909,0.97345,0.55686
356.05263,0.36190,0.41176
50.45455,0.20370,0.42353
218.95522,0.64423,0.40784
170.49505,0.55191,0.35882
315.21531,0.99052,0.58627
205.96154,0.41935,0.48627
55.10730,0.99149,0.46078
244.93506,1.00000,0.54706
63.46154,0.77612,0.26275
204.67532,0.90588,0.50000
91.33758,0.80513,0.38235
204.13043,0.64789,0.27843
82.75862,0.96026,0.70392
301.25000,0.21239,0.55686
16.31068,0.82400,0.50980
29.22078,0.83696,0.63922
328.47458,0.47581,0.51373
235.68862,0.77674,0.57843
245.10000,0.86207,0.45490
34.86486,0.29134,0.50196
62.34637,0.90863,0.61373
342.53731,0.81707,0.67843
273.64486,1.00000,0.58039
281.89944,0.78166,0.44902
187.77778,0.76415,0.58431
111.36364,0.85714,0.69804
111.42857,0.19626,0.58039
4.86486,0.69811,0.10392
320.18182,0.70513,0.30588
329.71963,0.71812,0.29216
205.75916,0.84141,0.44510
46.42857,0.76364,0.21569
242.95082,0.40940,0.29216
83.47826,0.46000,0.60784
201.44796,0.92469,0.46863
196.15385,0.36449,0.41961
270.56604,0.44538,0.23333
243.21429,0.50000,0.78039
74.14286,0.64220,0.42745
10.39370,0.75148,0.66863
306.84211,0.90476,0.49412
158.28947,0.80851,0.63137
75.10791,0.60173,0.54706
112.36364,0.39007,0.27647
241.84049,0.94220,0.66078
281.29032,0.40969,0.55490
256.46018,0.57949,0.38235
210.00000,0.93750,0.25098
29.74790,0.52889,0.44118
174.95798,0.56938,0.40980
272.76923,0.72222,0.35294
325.71429,0.90323,0.12157
268.75000,0.42478,0.44314
219.52096,0.80676,0.59412
270.66667,0.75000,0.52941
140.27778,1.00000,0.57647
308.57143,0.78400,0.49020
317.50000,0.81818,0.82745
145.21739,0.92000,0.29412
133.25000,0.97561,0.48235
99.64912,0.76682,0.56275
197.43243,0.63793,0.54510
329.41176,0.43590,0.22941
331.91489,0.49474,0.18627
321.29032,0.82667,0.70588
230.27027,0.82222,0.44118
280.90909,0.17460,0.75294
299.55882,1.00000,0.26667
134.89933,0.73399,0.60196
163.33333,0.64286,0.32941
276.92308,0.25490,0.30000
47.76699,0.97170,0.58431
20.00000,0.44000,0.44118
286.48352,0.84259,0.42353
126.92308,0.10569,0.51765
44.53125,0.64646,0.38824
261.93548,0.43256,0.57843
266.58228,0.60305,0.74314
350.22624,0.94850,0.45686
271.67702,0.76303,0.58627
286.36364,0.33333,0.61176
153.54331,0.53138,0.53137
316.44444,1.00000,0.26471
99.80769,0.50000,0.59216
321.62791,0.37719,0.55294
230.90909,0.78199,0.58627
270.61224,0.41525,0.53725
75.42857,0.80153,0.25686
230.71429,0.76364,0.78431
32.91667,0.63158,0.44706
6.48649,0.94872,0.69412
194.66667,0.23560,0.37451
178.37838,0.73510,0.29608
40.00000,0.13580,0.52353
104.73373,0.80095,0.58627
353.73134,0.33333,0.60588
15.55556,0.18621,0.28431
106.41509,0.58242,0.17843
159.13043,0.46465,0.38824
264.70588,0.73913,0.63922
195.00000,0.87037,0.57647
252.00000,0.25114,0.42941
186.31579,0.76768,0.38824
236.42384,0.79894,0.62941
74.31193,0.85827,0.49804
111.42857,0.26360,0.46863
170.60606,0.81148,0.47843
304.61538,0.16049,0.47647
307.81065,0.78605,0.42157
296.35359,0.73878,0.48039
23.15789,0.22530,0.50392
172.36364,0.68465,0.52745
284.31818,0.93617,0.36863
205.90909,0.26829,0.32157
142.36686,0.69547,0.52353
289.04348,0.62162,0.36275
71.66667,0.26866,0.73725
87.27273,0.60736,0.68039
306.71642,0.54472,0.48235
341.47059,0.30909,0.56863
292.63158,0.26267,0.57451
263.15789,0.72152,0.53529
323.44828,0.82857,0.41176
216.45570,0.41361,0.62549
148.29268,0.52340,0.46078
165.00000,0.15748,0.49804
173.19328,0.97541,0.47843
102.47788,0.71975,0.30784
181.07143,0.94382,0.34902
265.26316,0.62637,0.82157
41.03896,0.93522,0.48431
30.00000,0.57534,0.71373
332.36842,0.70370,0.21176
146.08696,0.72441,0.49804
188.51064,0.62667,0.55882
107.30769,0.29545,0.34510
125.10638,0.63229,0.56275
100.37383,0.92241,0.45490
65.62500,0.40506,0.30980
188.20144,0.58650,0.53529
269.64286,0.90323,0.36471
339.67742,0.63918,0.61961
105.97403,0.81915,0.36863
10.46512,0.45745,0.63137
244.84472,0.90960,0.65294
303.63636,0.93522,0.51569
233.46535,0.44493,0.55490
192.00000,0.86957,0.63922
255.67568,0.81022,0.26863
271.76471,0.59799,0.60980
338.18182,0.36913,0.70784
103.37349,0.97647,0.83333
77.39130,0.30942,0.56275
62.20408,0.98394,0.51176
333.83721,0.69355,0.48627
179.26829,0.66667,0.48235
228.19672,0.55963,0.78627
49.68750,0.62745,0.20000
128.88889,0.36986,0.57059
131.09244,0.93701,0.50196
301.63934,0.74694,0.48039
60.00000,0.71930,0.11176
171.01796,0.68163,0.48039
194.41860,0.55365,0.45686
313.38843,0.83448,0.28431
207.04225,0.83529,0.33333
331.60714,0.88889,0.49412
69.69697,0.44000,0.55882
229.68750,0.81013,0.30980
335.27027,0.64912,0.44706
158.78788,0.55932,0.34706
130.30303,0.55307,0.64902
121.69492,0.95676,0.36275
295.64246,0.78855,0.44510
340.80000,0.16779,0.29216
6.08696,0.98571,0.72549
138.11321,1.00000,0.20784
34.57627,0.37580,0.30784
132.58741,0.92258,0.69608
47.77778,0.74312,0.42745
300.63830,0.39831,0.53725
253.95349,0.23757,0.64510
6.00000,0.51724,0.22745
69.71429,0.86777,0.52549
357.93103,0.92063,0.50588
142.50000,0.35821,0.26275
357.33333,0.63380,0.41765
156.07843,0.96226,0.31176
68.85714,0.90517,0.54510
215.00000,0.19355,0.36471
233.01587,0.86301,0.42941
259.14286,0.99057,0.58431
201.45455,0.78947,0.59020
276.47059,0.29825,0.66471
258.68852,0.25523,0.46863
137.27273,0.77647,0.66667
69.29032,0.62753,0.51569
213.10345,0.14146,0.59804
191.79487,0.65363,0.35098
147.16981,0.73611,0.28235
107.29412,0.65891,0.25294
183.57143,0.37500,0.56078
13.76471,0.78704,0.42353
99.70588,0.91892,0.70980
97.15596,0.88618,0.51765
11.33333,0.85714,0.58824
251.88119,0.93519,0.57647
115.26316,0.53521,0.27843
101.52000,0.98425,0.50196
238.46154,0.82979,0.27647
112.28070,0.95531,0.35098
349.56522,0.62162,0.92745
18.44156,0.96653,0.53137
125.08475,0.58416,0.39608
87.01571,0.93171,0.59804
224.28571,0.60000,0.58824
272.47423,0.97980,0.61176
83.20755,0.92982,0.77647
294.33962,0.82813,0.74902
2.59259,0.69828,0.54510
163.77551,0.83051,0.53725
129.29577,0.29958,0.46471
198.00000,0.53922,0.60000
254.08163,0.46226,0.41569
129.85075,0.85897,0.69412
319.40299,0.87773,0.55098
356.21053,0.55556,0.33529
198.63014,0.98206,0.43725
96.00000,0.09901,0.60392
54.46154,0.35135,0.36275
100.75472,0.70667,0.85294
212.00000,0.13761,0.57255
131.53846,0.96296,0.21176
142.40000,0.30864,0.47647
258.91892,0.44578,0.48824
259.12088,0.48663,0.63333
109.01408,0.34634,0.40196
150.00000,0.27957,0.63529
75.00000,0.10989,0.64314
131.61290,0.86916,0.41961
203.07692,0.75581,0.66275
113.92070,0.94191,0.47255
199.34426,0.74694,0.51961
246.42857,0.47059,0.53333
213.52227,0.98406,0.49216
149.32584,0.82407,0.42353
298.70504,0.73545,0.62941
74.17085,0.95215,0.59020
238.00000,0.84270,0.65098
101.77570,0.95536,0.56078
49.23077,0.60938,0.74902
306.23377,0.39487,0.61765
159.23077,0.76471,0.86667
237.53425,0.83908,0.65882
160.42105,1.00000,0.62745
240.91603,0.63285,0.59412
97.56098,0.50204,0.48039
19.53488,0.88966,0.28431
109.85915,0.94667,0.85294
286.17512,0.87854,0.48431
172.34043,0.73438,0.25098
247.71429,0.94595,0.56471
167.14286,0.46667,0.29412
186.92308,0.74286,0.58824
301.81818,0.14932,0.43333
164.80519,0.93902,0.67843
16.30435,0.48936,0.63137
152.16216,0.90984,0.47843
249.23077,0.25490,0.70000
43.03030,0.76744,0.25294
204.29752,0.51055,0.53529
73.75000,0.32432,0.70980
50.41420,0.97688,0.66078
174.29752,0.96800,0.50980
245.35714,0.89362,0.63137
321.70213,0.54023,0.65882
255.09677,1.00000,0.69608
49.72973,0.90244,0.48235
54.04959,0.83448,0.71569
325.76471,0.77982,0.57255
19.65517,0.50877,0.77647
33.27273,0.55000,0.39216
338.97810,0.87261,0.69216
28.58639,0.84141,0.44510
11.92771,0.88298,0.63137
72.35294,0.28571,0.46667
331.11111,0.90000,0.52941
52.91339,0.64467,0.61373
206.25000,0.45283,0.58431
93.93939,0.51832,0.62549
217.38220,0.76096,0.50784
204.32432,0.75510,0.61569
57.64706,0.29143,0.65686
331.76471,0.41463,0.91961
24.11215,0.52709,0.60196
174.04959,0.73333,0.32353
231.89873,0.95951,0.48431
194.41341,0.73061,0.51961
148.00000,0.76271,0.65294
188.28947,0.92683,0.67843
356.44970,0.94413,0.64902
276.00000,0.02825,0.34706
111.81818,0.30137,0.71373
88.59813,0.42292,0.49608
151.44231,0.85246,0.47843
173.87234,0.95918,0.51961
139.09091,0.75000,0.65490
103.34802,0.91165,0.48824
247.43363,0.62431,0.35490
60.00000,0.22513,0.62549
34.11765,0.25373,0.39412
337.23077,0.97015,0.39412
186.99387,0.68776,0.53529
89.34307,0.64929,0.41373
76.48352,0.61905,0.28824
270.00000,0.60000,0.09804
46.84211,0.66279,0.33725
237.76398,0.78537,0.59804
215.13812,0.90955,0.39020
216.66667,0.36986,0.28627
156.81818,0.61111,0.14118
248.00000,0.17442,0.66275
167.20588,0.71579,0.62745
47.44186,0.74783,0.45098
126.06742,0.52047,0.33529
62.66667,0.91837,0.38431
314.70199,0.72249,0.59020
302.18182,0.94828,0.45490
254.46154,0.97015,0.39412
114.12587,0.87730,0.31961
32.72727,0.79518,0.32549
195.31915,0.92885,0.49608
177.44681,0.64384,0.85686
63.48387,0.80311,0.62157
183.71134,0.76378,0.50196
120.00000,0.13433,0.39412
48.00000,0.48117,0.46863
185.60000,0.71429,0.41176
92.63158,0.47500,0.52941
328.00000,0.78947,0.33529
235.00000,0.17308,0.40784
330.79646,0.74834,0.29608
53.25000,0.80000,0.39216
111.76471,0.98710,0.30392
0.44118,0.57627,0.46275
139.82143,0.81159,0.72941
7.27273,0.94286,0.27451
106.87500,0.82474,0.61961
136.11940,0.44371,0.70392
269.72222,0.92308,0.45882
158.07692,0.47273,0.56863
326.93878,0.47573,0.59608
0.00000,0.95897,0.61765
80.95238,0.70787,0.17451
249.89011,0.36546,0.48824
70.63291,0.68696,0.22549
140.41885,0.83406,0.55098
138.15126,0.63636,0.36667
296.37363,0.74590,0.47843
145.08197,0.88406,0.27059
230.80292,0.66184,0.59412
180.34483,0.69600,0.50980
217.20000,0.80645,0.51373
8.87324,0.68932,0.40392
74.31818,0.91667,0.18824
215.51020,0.21586,0.44510
356.93182,0.69291,0.50196
40.39604,0.77099,0.25686
31.57895,0.10734,0.65294
307.05882,0.87629,0.61961
231.79856,0.83234,0.67255
208.69565,0.23232,0.19412
195.93750,0.88889,0.71765
276.20690,0.76991,0.55686
253.90244,0.95349,0.66275
117.36264,0.52000,0.65686
330.41667,0.66055,0.42745
148.44828,0.95082,0.52157
316.47059,0.72512,0.41373
352.25806,0.79487,0.07647
260.90909,0.91667,0.71765
121.76471,0.71429,0.53333
190.00000,0.91176,0.40000
10.00000,0.41053,0.62745
38.46154,0.78788,0.38824
321.75439,0.83415,0.40196
34.42623,0.91960,0.39020
170.55118,0.50198,0.49608
304.14747,0.87149,0.51176
6.90909,0.72052,0.44902
88.72038,0.87552,0.47255
264.90000,0.79365,0.50588
3.13043,0.90551,0.49804
189.82759,0.72500,0.31373
281.05263,0.16964,0.43922
74.16667,0.56693,0.49804
149.36170,0.97917,0.37647
288.29268,0.49398,0.51176
193.04348,0.53488,0.16863
98.75776,0.72197,0.56275
297.46032,0.84753,0.56275
301.67442,0.89212,0.47255
207.69231,0.55556,0.54118
3.38028,0.37566,0.62941
275.12195,0.80392,0.50000
61.84615,0.92417,0.58627
132.13483,0.52047,0.66471
119.11765,0.55738,0.52157
54.28571,0.56757,0.63725
306.79245,0.43089,0.24118
8.23529,0.71831,0.72157
115.16129,0.76230,0.47843
120.26432,0.92653,0.48039
50.86957,0.34328,0.26275
317.22772,0.40891,0.51569
102.63158,0.17273,0.56863
62.93478,0.77966,0.53725
120.40000,0.62500,0.52941
52.50000,0.74510,0.40000
112.04420,0.75732,0.53137
102.21344,1.00000,0.49608
197.14286,1.00000,0.42549
149.23077,0.92126,0.50196
87.58621,0.39013,0.56275
320.66986,0.88186,0.46471
8.57143,0.87879,0.45294
31.37615,0.48444,0.55882
170.38168,0.71585,0.64118
195.37500,0.94118,0.33333
300.00000,0.65919,0.43725
256.76471,0.28814,0.46275
261.22642,1.00000,0.58431
117.93103,0.14721,0.38627
349.00524,0.88837,0.42157
178.44560,0.88940,0.57451
23.57143,0.76087,0.63922
355.26316,0.33929,0.21961
214.77273,0.69841,0.75294
169.09091,0.69369,0.21765
359.29412,0.44041,0.62157
353.40000,0.74627,0.73725
355.54455,0.87826,0.45098
243.94737,0.32759,0.45490
357.71429,0.84000,0.75490
326.30137,0.66364,0.56863
177.95455,0.83019,0.79216
316.41026,0.55450,0.41373
317.19298,0.85075,0.39412
353.11475,0.57547,0.58431
332.30769,0.67010,0.38039
184.32990,0.39918,0.52353
149.43396,0.47748,0.43529
64.59574,0.95918,0.48039
315.78947,0.66169,0.60588
251.32867,0.68421,0.40980
2.36842,0.90476,0.50588
308.05970,0.70526,0.81373
184.20561,0.92241,0.54510
340.00000,0.76744,0.83137
102.35294,0.69106,0.24118
290.00000,0.96522,0.45098
282.00000,0.31250,0.62353
49.67442,0.93886,0.55098
332.79070,0.96629,0.65098
102.24490,0.80328,0.52157
138.38710,0.43056,0.28235
158.49057,0.94643,0.21961
131.42857,0.60996,0.47255
322.81250,0.89720,0.41961
216.12903,0.64138,0.71569
2.50000,0.90000,0.15686
354.83871,0.70992,0.74314
175.53191,0.52809,0.34902
7.61194,0.71277,0.36863
80.96386,0.57241,0.28431
66.44295,0.66816,0.43725
268.50000,0.80000,0.49020
282.11921,0.70892,0.58235
227.26415,0.87603,0.52549
48.45070,0.84861,0.49216
60.00000,0.26984,0.37059
310.43478,0.74194,0.18235
331.40625,0.71910,0.34902
199.43662,0.37566,0.37059
194.34783,0.88462,0.79608
294.72222,0.90756,0.53333
42.00000,0.20833,0.90588
166.53061,0.50515,0.80980
221.69492,0.92913,0.50196
27.34177,0.36406,0.57451
120.00000,0.29310,0.22745
227.59777,0.98895,0.64510
316.80000,0.81301,0.48235
268.52459,0.24303,0.49216
254.28571,0.79079,0.46863
313.91304,0.67647,0.40000
243.91304,0.73404,0.36863
17.14286,0.32110,0.78627
140.82192,0.86561,0.49608
338.32258,0.72770,0.58235
175.00000,0.80315,0.49804
11.11111,0.98182,0.56863
240.00000,1.00000,0.88235
22.60870,0.99043,0.40980
337.50000,0.19512,0.83922
272.68966,0.72864,0.39020
337.84615,0.66327,0.61569
207.08861,0.92941,0.50000
300.65217,0.54118,0.33333
176.84211,0.80282,0.58235
136.92308,0.84173,0.27255
359.42308,0.92035,0.44314
56.84211,0.60800,0.50980
137.85124,0.48594,0.51176
270.27027,0.62712,0.65294
100.00000,0.14286,0.50588
220.78652,0.70079,0.49804
223.10680,0.66452,0.69608
10.08850,0.45020,0.49216
17.26027,0.58871,0.48627
171.78947,0.37255,0.50000
9.92481,0.69634,0.37451
233.20755,0.26108,0.39804
116.60377,0.23556,0.55882
49.00763,0.65829,0.39020
245.86466,0.83648,0.31176
83.30097,0.53927,0.37451
79.72603,0.43195,0.33137
324.64286,0.63636,0.34510
284.80000,0.49669,0.29608
250.69307,0.78295,0.25294
16.32653,0.62553,0.46078
318.79121,0.90099,0.39608
88.08511,0.54023,0.82941
26.06061,0.81818,0.47451
259.41176,0.30357,0.56078
341.73913,0.60000,0.45098
97.14286,0.44681,0.72353
291.83099,0.86235,0.51569
181.80451,0.74302,0.35098
280.90909,0.84615,0.45882
328.00000,0.25210,0.46667
249.30000,0.84034,0.46667
333.42857,0.82677,0.49804
26.31016,0.80258,0.54314
222.00000,0.58442,0.69804
201.57895,0.53774,0.58431
274.09091,0.20370,0.57647
18.36735,0.41176,0.76667
254.40000,0.13369,0.63333
105.58952,0.94239,0.47647
162.80255,0.90751,0.66078
351.06383,0.39831,0.53725
266.36943,0.70404,0.56275
162.47788,0.72903,0.30392
44.85981,0.42972,0.48824
348.75000,0.49383,0.31765
359.40000,0.86207,0.54510
354.66667,0.83333,0.78824
55.23810,0.84000,0.70588
290.12658,0.83158,0.62745
263.11927,0.55897,0.38235
329.32331,0.84713,0.30784
343.29897,0.40586,0.53137
0.92784,0.88182,0.56863
181.89873,0.82292,0.37647
154.28571,0.30435,0.27059
113.93258,0.54601,0.68039
313.03279,0.96825,0.49412
244.50000,0.60606,0.87059
26.04396,0.97849,0.36471
314.63415,0.58571,0.72549
66.88525,0.27602,0.43333
307.34694,0.21973,0.43725
1.38889,0.90756,0.46667
221.45455,0.82090,0.13137
125.86466,0.81595,0.68039
91.08434,0.68595,0.76275
182.66667,0.71429,0.50588
5.91549,0.56349,0.50588
126.31579,0.12418,0.30000
263.85542,0.36889,0.55882
35.20661,0.51489,0.53922
334.06780,0.95161,0.24314
308.57143,0.43750,0.87451
325.31250,0.67368,0.37255
85.41176,0.95506,0.34902
63.52941,0.45946,0.78235
292.14286,0.73684,0.22353
181.10092,0.55897,0.61765
234.00000,0.72464,0.72941
237.32143,0.91803,0.23922
174.92958,0.44654,0.31176
33.81818,0.95376,0.33922
10.76923,0.81250,0.37647
137.61468,0.81955,0.73922
174.85714,0.49763,0.41373
221.20482,0.41294,0.39412
95.12953,0.89767,0.42157
338.42105,0.45600,0.50980
132.60274,0.98206,0.43725
88.13793,0.97315,0.70784
146.32258,0.81152,0.37451
169.61538,0.21667,0.52941
118.23529,0.51515,0.38824
334.41176,0.29310,0.54510
115.20000,0.38462,0.38235
281.42857,0.80769,0.20392
230.07874,0.84106,0.70392
253.33333,0.47368,0.85098
128.72727,0.56701,0.80980
8.68966,0.80110,0.35490
272.11765,0.66929,0.50196
271.62562,0.87879,0.54706
269.87013,0.95851,0.47255
358.69565,0.80702,0.55294
140.86957,0.33659,0.40196
107.79661,0.30256,0.38235
85.12821,0.48148,0.47647
263.42857,0.78947,0.26078
217.53304,0.89723,0.50392
196.84932,0.82022,0.34902
322.50000,0.05405,0.29020
107.00000,0.28302,0.41569
148.30645,0.99200,0.50980
20.81633,0.70335,0.40980
93.94737,0.79167,0.18824
180.75949,0.76699,0.59608
29.01961,0.62449,0.48039
156.40777,0.94495,0.57255
195.67164,0.53175,0.50588
244.47205,0.68511,0.46078
75.50562,0.86408,0.59608
90.16043,0.77593,0.47255
195.23810,0.68478,0.63922
346.93878,0.84000,0.65686
56.75676,0.46444,0.53137
52.06897,0.78378,0.43529
152.39437,0.84190,0.49608
208.57143,0.10553,0.39020
356.25000,0.97561,0.16078
315.52941,0.64885,0.74314
62.85714,0.62376,0.60392
60.93264,0.82833,0.54314
289.04348,0.62842,0.35882
40.90909,0.71739,0.63922
292.70270,0.63793,0.45490
86.47059,0.20482,0.32549
85.76087,0.74797,0.48235
268.87500,0.85106,0.63137
340.00000,0.18103,0.54510
344.30233,0.85149,0.60392
319.49045,0.75120,0.59020
6.48649,0.32174,0.22549
285.19824,0.92653,0.51961
334.83871,0.87571,0.34706
246.90647,0.71282,0.61765
346.76471,0.61261,0.43529
346.28571,0.88608,0.30980
296.28866,0.84348,0.54902
344.83516,0.93814,0.80980
84.66667,0.90000,0.80392
349.92000,0.57078,0.57059
144.54545,0.86275,0.20000
101.70732,0.82000,0.19608
114.00000,0.18750,0.31373
149.30233,0.54894,0.46078
144.34783,0.83806,0.48431
225.81818,0.58511,0.36863
21.63934,0.30348,0.60588
44.09302,0.96413,0.43725
255.57252,0.52610,0.48824
154.96689,0.61633,0.51961
34.80519,0.96653,0.46863
82.87293,0.73279,0.48431
94.73684,0.61290,0.06078
39.00000,0.48544,0.59608
57.22543,0.86935,0.60980
8.90323,0.65401,0.46471
67.55906,0.60190,0.41373
320.00000,0.77528,0.17451
296.81416,1.00000,0.22157
241.48760,0.68362,0.34706
306.38298,0.57317,0.67843
274.34783,0.58974,0.45882
251.25000,0.51948,0.30196
239.55882,0.73118,0.36471
92.14286,0.22764,0.51765
240.00000,0.76543,0.68235
41.08108,0.60000,0.36275
307.33032,0.93249,0.46471
188.16000,0.56561,0.43333
180.00000,0.79487,0.38235
189.50495,0.52880,0.62549
304.74576,0.71660,0.51569
113.95349,0.66154,0.38235
108.50000,0.65217,0.63922
94.00000,0.90000,0.19608
53.92405,0.56835,0.72745
316.88889,0.61086,0.43333
290.76923,0.69333,0.70588
73.61963,0.82741,0.61373
0.00000,0.28037,0.58039
28.72340,0.43519,0.42353
176.80851,0.39496,0.53333
312.92308,0.56522,0.54902
103.86207,0.77540,0.36667
287.60870,0.76033,0.47451
252.45283,0.79899,0.60980
100.87912,0.44828,0.39804
196.77419,0.97895,0.37255
268.66071,0.94915,0.53725
348.00000,0.94017,0.45882
38.00000,0.40179,0.43922
185.66524,0.98312,0.53529
68.96552,0.64444,0.73529
54.66667,0.78947,0.66471
262.00000,0.81818,0.21569
217.21154,0.85246,0.47843
263.79310,0.71311,0.47843
85.20000,0.73529,0.26667
180.00000,0.11765,0.86667
300.00000,0.16062,0.37843
321.97183,0.40113,0.65294
263.15789,0.68675,0.16275
190.09901,0.50754,0.60980
314.75410,0.32275,0.37059
80.00000,0.07937,0.37059
139.02439,0.16206,0.49608
14.45026,0.97949,0.61765
78.62069,0.23577,0.51765
108.37838,0.88800,0.49020
136.90141,0.40113,0.34706
137.41935,0.41704,0.56275
240.85308,0.92952,0.55490
230.76923,0.52846,0.48235
256.89655,0.69048,0.50588
235.20000,0.33333,0.70588
305.80645,0.15122,0.59804
319.32203,0.36196,0.68039
277.42574,1.00000,0.39608
335.20000,0.36946,0.60196
89.58140,0.98174,0.42941
318.46154,0.41489,0.36863
330.00000,0.21505,0.63529
287.04545,0.68750,0.74902
275.19231,0.50980,0.60000
316.68449,0.85388,0.57059
150.69767,0.32824,0.25686
330.32609,0.87619,0.58824
82.97143,0.87065,0.39412
198.24561,0.97714,0.65686
157.19008,0.60804,0.60980
181.38462,0.76471,0.66667
110.80645,0.79487,0.69412
191.68831,0.99142,0.54314
287.43243,0.79570,0.63529
271.20000,0.39683,0.37059
291.21951,0.16335,0.50784
153.07692,0.93600,0.50980
61.93548,0.56364,0.89216
200.65574,0.92424,0.74118
305.00000,0.25641,0.54118
264.32432,0.56345,0.61373
24.60000,0.79365,0.24706
296.62921,0.81651,0.42745
257.14286,0.11667,0.52941
355.97015,0.73626,0.64314
149.13043,0.97183,0.72157
190.58824,0.28333,0.23529
185.80645,0.96444,0.44118
134.59459,0.15353,0.52745
28.67257,0.87597,0.25294
258.65285,0.89767,0.42157
281.19403,0.29515,0.55490
110.00000,0.07317,0.51765
245.06024,0.49112,0.33137
147.61364,0.97778,0.64706
187.76471,0.69672,0.47843
337.16129,1.00000,0.30392
144.84848,0.98020,0.19804
237.76744,0.84314,0.50000
213.12000,0.55066,0.44510
227.94258,0.96313,0.57451
64.00000,0.55556,0.05294
20.23669,0.80861,0.59020
289.41176,0.80952,0.83529
149.46746,0.81643,0.59412
138.62069,0.14010,0.40588
282.72727,0.62857,0.41176
290.32258,0.51667,0.23529
166.04651,0.23757,0.35490
93.96226,0.66527,0.46863
258.42520,0.83007,0.30000
138.23529,0.50495,0.60392
203.37662,0.85556,0.35294
198.20225,0.74790,0.76667
333.33333,0.70507,0.57451
151.33333,0.42857,0.41176
174.37500,0.53333,0.47059
100.00000,0.64912,0.66471
328.62385,0.96460,0.44314
73.00000,0.64516,0.36471
283.84615,0.41270,0.75294
146.31579,0.76000,0.55882
172.81690,0.58197,0.47843
19.87013,0.64706,0.53333
266.66667,0.50649,0.54706
120.00000,0.55556,0.55882
28.66242,0.91813,0.33529
97.50000,0.11429,0.41176
81.66667,0.75000,0.81176
11.48936,0.78333,0.23529
290.57143,0.90909,0.30196
265.14706,0.66667,0.60000
273.11475,0.82063,0.56275
178.27751,0.83267,0.50784
214.05405,0.65680,0.66863
184.13793,0.18954,0.70000
156.37795,0.83007,0.30000
313.44828,0.74359,0.69412
96.87500,0.38710,0.48627
33.84615,0.49787,0.46078
305.59322,0.54128,0.57255
340.16529,0.98374,0.24118
44.05063,0.69912,0.44314
113.77358,0.85484,0.24314
282.60870,0.43396,0.68824
56.12903,0.96875,0.25098
230.63415,0.82996,0.48431
138.80000,0.88235,0.66667
115.29412,0.98077,0.20392
152.78351,0.77600,0.50980
201.42857,0.91304,0.45098
302.30769,0.95902,0.47843
108.71287,0.96190,0.58824
57.14286,0.47945,0.42941
274.73684,0.69634,0.62549
213.13953,0.79630,0.42353
97.50000,0.98925,0.63529
188.80000,0.86207,0.34118
193.25153,0.73094,0.43725
8.04124,0.45116,0.42157
120.55556,0.66667,0.31765
356.92308,0.66102,0.34706
219.87097,0.71429,0.42549
194.76923,0.38012,0.66471
55.89474,0.76000,0.49020
150.47619,0.96923,0.25490
292.68293,0.67213,0.35882
278.91892,0.94872,0.45882
97.58621,0.73109,0.46667
188.57143,0.23596,0.17451
41.86047,0.52227,0.51569
253.15068,0.44785,0.31961
195.93750,0.71111,0.35294
329.10000,0.96154,0.59216
88.31776,0.90678,0.46275
271.27962,0.92140,0.55098
74.21053,0.79832,0.53333
180.00000,0.54331,0.50196
110.00000,0.23301,0.59608
88.07882,0.96209,0.58627
324.00000,0.91304,0.22549
226.39175,0.84348,0.45098
283.08511,0.78333,0.52941
330.52632,0.29534,0.62157
52.97297,0.87402,0.24902
302.09790,0.74869,0.62549
189.02256,0.61290,0.42549
7.88571,0.90674,0.37843
291.42857,0.08537,0.32157
301.63934,0.91045,0.39412
203.75000,0.52747,0.64314
120.53097,0.59788,0.37059
306.92308,0.34513,0.44314
33.33333,0.05143,0.34314
246.13953,0.88477,0.47647
180.85714,0.30973,0.44314
30.99338,0.90419,0.67255
11.68831,0.50327,0.30000
324.39560,0.52601,0.33922
22.14765,0.75635,0.38627
258.49315,0.68224,0.41961
212.21477,0.76410,0.38235
341.87919,0.90303,0.32353
261.06383,0.92157,0.80000
150.49180,0.91960,0.39020
261.39130,0.65714,0.65686
118.68996,0.95816,0.53137
185.62500,0.51064,0.36863
344.48276,0.76316,0.85098
278.18182,0.98122,0.41765
354.58333,0.58065,0.48627
85.36913,0.73399,0.60196
334.03509,0.67059,0.50000
204.92308,0.80247,0.47647
327.83505,0.65986,0.71176
264.80000,0.33040,0.44510
130.84337,0.41294,0.39412
55.31915,0.66197,0.41765
282.18182,0.66265,0.48824
207.07317,0.45055,0.64314
182.03390,0.52679,0.56078
133.42857,0.84000,0.49020
318.78261,0.48523,0.53529
345.73427,0.67773,0.41373
288.24742,0.80833,0.47059
85.93220,0.59596,0.61176
72.66932,0.99209,0.50392
94.37500,0.88889,0.78824
17.77778,0.48503,0.32745
340.94118,0.96591,0.65490
292.94118,0.62963,0.05294
248.00000,0.06329,0.46471
241.27119,0.98333,0.47059
138.37838,0.53110,0.59020
5.57377,0.86730,0.58627
261.00000,0.19608,0.20000
325.89928,0.74332,0.63333
308.90625,1.00000,0.25098
284.91429,0.75107,0.45686
112.84404,0.58919,0.63725
198.94737,0.22709,0.50784
217.05069,0.95595,0.44510
161.96721,0.85915,0.58235
310.81967,0.57547,0.58431
18.57143,0.95455,0.43137
319.10828,0.85792,0.64118
43.82022,0.57419,0.69608
45.00000,0.49485,0.61961
265.27919,0.86026,0.55098
49.27374,1.00000,0.35098
186.58065,0.71429,0.57451
73.40102,0.94258,0.40980
150.31579,0.55556,0.33529
47.50000,0.72000,0.19608
80.11173,0.92746,0.37843
194.06250,0.51200,0.49020
121.39535,0.61722,0.40980
269.83051,0.92670,0.62549
49.65517,0.34661,0.50784
256.27119,0.80090,0.56667
170.96774,0.39241,0.53529
250.49327,1.00000,0.56275
198.46154,0.50980,0.20000
111.81818,0.60630,0.50196
132.00000,0.57143,0.41176
91.94805,0.50327,0.70000
131.17647,0.52041,0.38431
168.63905,0.72532,0.45686
54.33962,0.49533,0.20980
136.20000,0.39683,0.49412
86.15385,0.33913,0.22549
192.18750,0.53333,0.47059
201.79104,0.88546,0.55490
316.77419,0.80870,0.77451
132.00000,0.60694,0.33922
314.65116,0.69355,0.48627
115.17241,0.42029,0.59412
23.15789,0.72152,0.53529
307.20000,0.28736,0.82941
313.56784,0.84681,0.46078
238.82353,0.40157,0.50196
237.77778,0.96813,0.49216
313.82199,0.77328,0.48431
200.81633,0.79459,0.36275
189.87342,0.71171,0.56471
291.08108,0.46835,0.69020
96.61765,0.54839,0.51373
168.57143,0.62025,0.53529
116.41026,0.86667,0.73529
280.78125,0.62136,0.59608
197.39130,0.75824,0.64314
176.87861,0.68379,0.50392
218.59649,0.68675,0.51176
222.08333,0.66055,0.57255
42.32877,0.93590,0.69412
332.15311,0.89700,0.54314
170.85366,0.70690,0.45490
238.96552,0.25893,0.56078
134.66667,0.81818,0.32353
168.00000,0.10040,0.48824
267.18750,0.95050,0.39608
128.04124,0.80833,0.52941
277.77778,0.18621,0.28431
229.25373,0.86266,0.45686
311.25000,0.19048,0.32941
184.20382,0.81347,0.37843
159.71014,1.00000,0.59412
204.61538,0.77075,0.50392
172.06612,0.48594,0.48824
83.22581,0.88571,0.41176
135.53957,0.78531,0.65294
322.18487,0.68000,0.34314
284.51613,0.75610,0.91961
196.71233,0.95633,0.44902
168.26087,0.48936,0.81569
291.25000,0.66667,0.71765
1.19403,0.96172,0.40980
258.05825,0.85124,0.52549
100.85890,0.71806,0.44510
233.33333,0.42857,0.54706
43.92857,0.28866,0.61961
59.56204,0.66829,0.40196
35.89744,0.57073,0.40196
249.26829,0.95349,0.25294
122.72727,0.78571,0.83529
267.69231,0.45349,0.33725
322.04082,0.65333,0.44118
158.18182,0.05473,0.39412
328.50000,0.94488,0.50196
67.91667,0.98630,0.28627
23.07692,0.19024,0.40196
198.83721,0.98851,0.65882
157.84615,0.30806,0.58627
139.14894,0.70854,0.60980
170.00000,0.22131,0.52157
310.08621,0.98305,0.53725
116.31579,0.94215,0.52549
13.33333,0.87097,0.87843
180.89552,0.51938,0.74706
346.04651,0.35246,0.52157
317.53846,0.57522,0.77843
183.18584,0.71975,0.69216
278.85714,0.84000,0.24510
175.71429,0.46667,0.76471
31.07143,0.77778,0.85882
224.26230,0.85915,0.27843
334.35897,0.49367,0.46471
106.25698,0.79556,0.44118
85.00000,0.58065,0.48627
131.61290,0.98413,0.24706
150.00000,0.48571,0.13725
247.75510,0.65333,0.44118
175.33981,0.57542,0.64902
327.16981,0.89076,0.53333
223.53982,0.97414,0.45490
316.76471,0.77273,0.82745
337.34043,0.82456,0.55294
121.33333,0.52326,0.66275
16.84211,0.67059,0.50000
54.04959,0.53778,0.55882
75.91837,0.19522,0.49216
6.20690,0.84058,0.72941
5.53846,0.32020,0.39804
207.69231,0.89655,0.88627
185.07042,0.83529,0.66667
224.39306,0.74892,0.54706
353.83178,0.57838,0.63725
240.00000,0.12360,0.82549
157.24138,0.99145,0.54118
332.97710,0.54812,0.53137
266.73913,0.85981,0.41961
41.35922,0.83065,0.48627
318.61111,0.92308,0.45882
343.78378,0.28682,0.25294
144.00000,0.41667,0.37647
244.69565,0.47325,0.47647
28.40000,0.96154,0.69412
346.66667,0.61905,0.62941
64.28571,0.16867,0.67451
273.55102,1.00000,0.48039
75.81395,0.62319,0.40588
136.36364,0.57895,0.62745
139.17160,0.96571,0.65686
359.57143,0.55556,0.50588
181.35338,0.63636,0.59020
338.40000,0.41899,0.64902
95.29412,0.62044,0.73137
327.34177,0.81443,0.19020
173.73134,0.56780,0.46275
17.23404,0.83929,0.56078
223.57143,0.41584,0.60392
315.75000,0.31496,0.49804
262.25806,0.70455,0.34510
226.66667,0.85714,0.58824
112.04082,0.96078,0.80000
254.61538,0.65000,0.52941
97.89474,0.77551,0.19216
132.88136,0.86341,0.40196
325.88235,0.87931,0.45490
255.97990,0.82573,0.52745
196.98113,0.80711,0.61373
127.76119,0.95261,0.58627
231.42857,0.24138,0.34118
31.11111,0.60000,0.82353
246.34615,0.92857,0.21961
273.66516,0.90947,0.52353
353.87755,0.80328,0.23922
121.35747,0.90947,0.52353
3.42857,0.39326,0.34902
114.59459,0.45679,0.52353
277.60000,0.87209,0.66275
240.00000,0.96532,0.66078
30.00000,0.61111,0.85882
343.04348,0.73404,0.36863
266.43564,0.87069,0.54510
123.71681,0.98261,0.45098
175.90909,0.81481,0.10588
203.50000,0.81081,0.29020
231.00000,0.56604,0.58431
171.62791,0.70492,0.52157
268.50000,0.89552,0.26275
185.58140,0.72269,0.53333
126.07595,0.32510,0.52353
55.51402,0.90678,0.53725
218.67769,0.59024,0.40196
65.80645,0.57407,0.57647
145.38462,0.62500,0.59216
325.71429,0.57647,0.50000
228.00000,0.56911,0.51765
192.92308,0.96059,0.39804
119.43396,0.44167,0.47059
249.78261,0.75410,0.47843
348.57143,0.65217,0.68431
214.09091,0.82500,0.68627
13.33333,0.24545,0.56863
90.00000,0.53333,0.76471
300.57143,0.82677,0.24902
250.73684,0.40773,0.45686
75.25424,0.23320,0.49608
354.97006,0.80676,0.59412
246.97674,1.00000,0.16863
143.83562,0.38624,0.62941
192.82443,0.57709,0.44510
151.84834,0.97235,0.42549
201.50442,0.98261,0.45098
40.80000,0.40984,0.23922
36.09023,0.52569,0.50392
181.55440,0.88940,0.57451
171.15789,0.91346,0.59216
144.28571,0.58333,0.85882
272.45902,0.73494,0.32549
317.89474,0.40426,0.72353
143.27869,0.75309,0.52353
306.87500,0.84211,0.22353
358.54545,0.67901,0.52353
19.13793,0.61702,0.63137
70.50000,0.18349,0.57255
133.61345,0.79866,0.70784
246.52174,0.56557,0.52157
8.20513,0.70909,0.32353
89.06250,0.26016,0.51765
71.83099,0.78889,0.64706
88.44622,0.99209,0.50392
344.28571,0.47727,0.17255
266.30542,0.86383,0.53922
0.00000,0.54118,0.33333
107.52212,0.89683,0.50588
273.46734,0.83966,0.46471
160.67797,0.69960,0.50392
238.82353,0.59302,0.66275
185.21739,0.55200,0.49020
94.35484,0.51240,0.52549
78.63636,0.58929,0.43922
7.91878,0.97044,0.60196
182.58373,0.83267,0.50784
274.10526,1.00000,0.62745
210.14493,0.81176,0.50000
336.09023,0.82609,0.31569
343.50000,0.67797,0.23137
336.96682,0.86122,0.48039
209.42308,0.92035,0.44314
1.64384,0.58400,0.75490
202.71845,0.85124,0.76275
121.48148,0.44262,0.35882
130.00000,0.69828,0.54510
308.27586,0.89231,0.74510
348.98551,0.89610,0.45294
37.85714,0.83168,0.39608
306.26866,0.91781,0.85686
262.73292,0.77778,0.40588
101.64706,0.83333,0.60000
311.79487,0.66102,0.34706
175.78125,0.76190,0.67059
314.62185,0.47791,0.51176
38.29787,0.37302,0.50588
335.08772,0.71548,0.46863
103.66864,0.93370,0.35490
314.74576,0.83099,0.27843
339.24528,0.70667,0.44118
236.66667,0.10843,0.32549
41.51351,0.83710,0.43333
108.34286,0.93583,0.36667
286.36364,0.59459,0.70980
316.36364,0.14410,0.44902
30.90909,0.64706,0.40000
55.71429,0.28000,0.29412
70.00000,0.33621,0.54510
138.03279,1.00000,0.64118
162.54545,0.30387,0.35490
122.15827,0.93289,0.70784
222.96774,0.66524,0.45686
133.02632,0.63866,0.46667
227.77778,0.88525,0.52157
284.05063,0.60305,0.25686
252.78689,0.92893,0.38627
74.09091,0.92958,0.72157
357.65625,0.92754,0.27059
61.35338,0.72678,0.35882
11.72414,0.56129,0.69608
137.57576,0.94286,0.79412
57.56098,0.49004,0.50784
145.17483,0.89937,0.68824
228.15789,0.84444,0.35294
136.07143,0.38356,0.71373
311.32075,0.27179,0.61765
278.40000,0.32468,0.69804
120.44118,0.71579,0.62745
62.50000,0.27907,0.83137
209.50000,0.65934,0.64314
333.96226,0.47748,0.21765
9.17647,0.47486,0.35098
165.54217,0.38967,0.41765
215.08475,0.95935,0.51765
40.00000,0.80488,0.24118
347.31707,0.83673,0.71176
175.75758,0.60736,0.68039
297.85714,0.86154,0.74510
300.00000,0.37975,0.30980
164.84211,0.40084,0.53529
196.81529,0.91813,0.33529
256.72131,0.86730,0.41373
67.85047,0.69935,0.30000
56.38554,0.51553,0.68431
239.24528,0.70044,0.44510
194.80851,0.97510,0.47255
198.66667,0.34351,0.74314
159.00000,0.34483,0.88627
83.66972,0.43083,0.49608
23.43750,0.90141,0.72157
261.39860,0.59833,0.46863
61.93548,0.42466,0.42941
276.66667,0.78261,0.09020
124.13793,0.83539,0.47647
244.35484,0.73810,0.32941
174.61538,0.44828,0.34118
40.20619,0.48259,0.39412
300.97561,0.58852,0.59020
78.73016,0.91304,0.40588
5.40541,0.53110,0.40980
31.50685,0.90871,0.52745
104.51613,0.51381,0.35490
25.62500,0.88889,0.21176
21.08108,0.16742,0.43333
260.86957,0.85185,0.21176
316.77419,0.80870,0.45098
66.19355,0.64315,0.52745
64.00000,0.52632,0.44706
204.84848,0.40081,0.48431
23.38235,0.65385,0.59216
10.76923,0.79592,0.48039
35.91837,0.67742,0.57451
75.78947,0.82609,0.86471
194.46809,0.63801,0.43333
20.45455,0.21782,0.60392
315.00000,1.00000,0.49412
177.55102,0.80992,0.52549
238.18182,0.62264,0.31176
0.00000,0.69668,0.41373
297.74436,0.58079,0.44902
289.82456,0.91444,0.36667
8.73786,0.52821,0.38235
86.16279,0.84314,0.40000
150.17964,0.71674,0.54314
327.86730,0.94619,0.43725
77.56098,0.89781,0.26863
236.00000,0.15625,0.62353
87.61062,0.49780,0.55490
123.52941,0.19540,0.17059
135.00000,0.11111,0.78824
54.78261,0.28395,0.84118
267.27273,0.57292,0.37647
182.43902,0.80392,0.30000
73.63636,0.22680,0.38039
286.50000,0.38835,0.59608
138.75000,0.63492,0.75294
354.47368,0.91935,0.51373
359.25000,0.54795,0.28627
220.13793,0.70732,0.59804
52.16080,0.80567,0.48431
88.70968,0.86916,0.41961
291.86441,0.64130,0.36078
39.48387,0.71429,0.57451
213.54839,0.85321,0.78627
187.27273,0.36264,0.82157
67.05882,0.18280,0.36471
326.76923,0.63107,0.40392
246.53226,0.97638,0.50196
60.00000,0.35450,0.37059
26.18182,0.45082,0.52157
346.87500,0.72727,0.17255
228.07229,0.95402,0.34118
180.40000,0.76531,0.38431
87.48092,0.53469,0.48039
51.47929,0.70124,0.52745
325.93220,0.84286,0.72549
213.55932,0.27442,0.57843
166.66667,0.50000,0.57647
214.12844,0.93162,0.77059
354.76190,0.57273,0.56863
250.75472,0.77941,0.26667
245.33333,0.98253,0.55098
166.54545,0.66265,0.48824
229.09091,0.15789,0.59020
354.15584,0.96250,0.68627
262.65306,0.42982,0.44706
188.87324,0.86585,0.32157
96.96682,0.90558,0.45686
320.47059,0.56291,0.29608
198.84817,0.92271,0.59412
5.36585,0.67956,0.35490
314.66667,0.37815,0.46667
297.89474,0.59375,0.37647
247.22892,0.67480,0.51765
344.55882,0.94444,0.71765
4.86486,0.53110,0.40980
249.68610,0.94093,0.53529
155.25000,0.34188,0.45882
158.04878,0.96244,0.41765
312.24490,0.85965,0.66471
167.82609,0.60526,0.44706
91.45374,0.91165,0.48824
155.25000,0.70175,0.55294
259.80000,0.41322,0.47451
52.40506,0.71171,0.78235
78.41584,0.98058,0.20196
263.50000,0.48000,0.50980
31.38462,0.60185,0.42353
225.29032,0.70776,0.42941
116.00000,0.85153,0.55098
298.88199,0.78537,0.59804
145.51181,0.64467,0.38627
240.00000,0.95122,0.83922
194.40000,0.29412,0.16667
332.50000,0.97674,0.66275
172.94118,0.47036,0.50392
97.55725,0.97037,0.73529
103.42857,0.49296,0.58235
352.00000,0.53957,0.72745
253.26633,0.83264,0.53137
357.44681,0.88679,0.79216
312.97297,0.55224,0.39412
19.89637,0.96020,0.39412
43.91061,0.89055,0.60588
315.40541,0.59677,0.51373
75.78947,0.90476,0.87647
57.12329,0.82955,0.34510
305.94059,0.54011,0.63333
203.57143,0.75269,0.63529
241.44578,0.62406,0.73922
311.59091,0.37288,0.46275
293.36683,0.79920,0.51176
344.34783,0.48936,0.53922
352.82051,0.58209,0.60588
113.40659,0.81982,0.78235
273.27273,0.59783,0.63922
57.36264,0.59477,0.30000
126.77419,0.30392,0.60000
172.13115,0.44526,0.73137
202.80000,0.52632,0.37255
81.33333,0.71429,0.37059
225.00000,0.36893,0.40392
109.21348,0.91753,0.19020
358.88889,0.72973,0.43529
240.00000,1.00000,0.68235
24.65347,0.87826,0.54902
230.05714,0.70281,0.51176
17.34940,0.46893,0.65294
25.71429,0.98298,0.53922
271.71429,0.37634,0.36471
165.65217,0.29870,0.69804
13.41176,0.89474,0.62745
188.14815,0.72973,0.43529
299.72477,0.87200,0.49020
211.87500,0.37647,0.66667
246.58537,0.32800,0.49020
24.58333,0.68571,0.58824
80.19802,0.47867,0.58627
248.27586,0.36709,0.46471
263.51351,0.84091,0.65490
98.52632,0.76000,0.75490
5.64706,0.39906,0.41765
176.29630,0.65854,0.75882
72.40223,0.76824,0.54314
228.48485,0.89189,0.78235
108.88889,0.24107,0.56078
14.24460,0.90850,0.70000
317.83784,0.22981,0.31569
251.29412,0.54140,0.69216
317.61468,0.64497,0.33137
254.31193,1.00000,0.78627
24.55814,0.96413,0.56275
49.04762,0.78750,0.31373
10.97143,0.96685,0.35490
29.41176,0.88696,0.45098
326.78571,0.61538,0.35686
130.00000,0.78571,0.49412
322.70270,0.80087,0.45294
167.77778,0.61364,0.34510
39.41176,0.98077,0.40784
316.55172,0.49153,0.53725
87.32143,0.55446,0.39608
153.60000,0.11111,0.44118
293.20755,0.92982,0.77647
20.68085,0.92885,0.49608
261.66667,0.22785,0.69020
174.64286,0.57143,0.80784
211.52542,0.90769,0.12745
252.00000,0.38462,0.64314
80.78740,0.68649,0.63725
257.14286,0.94595,0.78235
166.52174,0.56557,0.47843
215.65714,0.76419,0.44902
22.65957,0.84685,0.43529
356.10390,0.92771,0.51176
177.27273,1.00000,0.52549
201.17647,0.19767,0.66275
86.30769,0.57018,0.44706
290.72727,0.58511,0.63137
196.87500,0.14159,0.44314
305.83333,0.39130,0.63922
350.00000,0.72897,0.58039
41.80328,0.51695,0.46275
246.31579,0.25792,0.43333
116.66667,0.55556,0.31765
279.75460,0.64940,0.49216
241.05263,0.72152,0.69020
82.38806,0.37853,0.34706
99.45205,0.94805,0.45294
292.65306,0.86726,0.44314
323.43750,0.32990,0.61961
208.52941,0.92727,0.56863
158.75000,0.22018,0.57255
58.83495,0.99038,0.40784
29.34307,0.82036,0.67255
209.77099,0.84516,0.30392
295.90909,0.88000,0.90196
77.64706,0.70103,0.38039
49.78723,0.83929,0.43922
267.69231,0.73799,0.55098
2.56410,0.47368,0.48431
284.55446,0.93519,0.57647
218.92857,0.84000,0.60784
259.32203,0.60825,0.19020
205.44304,0.85870,0.63922
215.38462,0.82979,0.36863
282.43902,0.82828,0.38824
316.80000,0.80645,0.69608
66.52174,0.75410,0.47843
295.55556,0.60000,0.82353
354.83871,0.94898,0.38431
251.64179,0.27126,0.51569
344.49438,0.42995,0.40588
98.70968,0.12971,0.53137
145.57377,0.96825,0.24706
328.92857,0.55446,0.60392
300.00000,0.59016,0.76078
118.02198,0.59477,0.70000
267.39130,0.79310,0.54510
293.83178,0.51196,0.40980
252.69231,0.68421,0.55294
175.80000,1.00000,0.19608
69.47368,0.42697,0.34902
201.88679,0.66527,0.53137
142.85714,0.57798,0.21373
274.34211,0.90476,0.32941
77.33333,0.44554,0.39608
215.14286,0.82677,0.49804
345.69536,0.64255,0.46078
7.50000,0.18868,0.58431
134.70588,0.69863,0.28627
115.94595,0.62185,0.46667
191.11111,0.59471,0.44510
190.28571,0.93333,0.29412
155.56701,0.88182,0.56863
337.75281,0.64029,0.72745
46.40625,0.79012,0.68235
94.18605,0.76786,0.43922
36.42857,0.94915,0.46275
335.34247,0.97333,0.70588
276.61017,0.27700,0.58235
202.08955,0.98049,0.40196
164.28571,0.33071,0.50196
289.68153,0.79695,0.61373
176.66667,0.25000,0.85882
261.29032,0.87736,0.41569
90.00000,0.26957,0.54902
103.73832,0.74825,0.71961
34.64789,0.35323,0.39412
163.97516,0.74194,0.57451
175.45455,0.55932,0.76863
84.84848,0.90826,0.21373
56.15385,0.86667,0.35294
41.80645,0.96273,0.68431
249.55414,0.76585,0.59804
304.00000,0.69620,0.53529
13.33333,0.45251,0.64902
246.05769,0.88136,0.53725
49.16300,0.92653,0.48039
100.69307,0.83471,0.52549
62.28571,0.96330,0.21373
88.18182,0.79200,0.50980
351.42857,0.79747,0.46471
87.00000,0.20408,0.38431
33.75000,0.96552,0.54510
293.33333,0.72000,0.70588
191.25000,0.65306,0.19216
248.49558,0.94167,0.52941
138.16514,0.90083,0.52549
77.56757,0.95690,0.45490
290.21459,0.93574,0.48824
225.31469,0.66512,0.42157
244.54545,0.54098,0.76078
27.63158,0.66667,0.22353
295.66265,0.39713,0.40980
118.98305,0.29949,0.61373
111.06383,0.46535,0.80196
352.53886,0.81435,0.46471
41.25000,0.56140,0.44706
224.75000,0.94488,0.50196
250.90909,0.69369,0.21765
335.88785,0.63314,0.33137
13.48315,0.94681,0.36863
125.82090,0.78824,0.33333
189.09091,0.20755,0.68824
177.94286,0.73222,0.53137
328.59060,0.68037,0.42941
331.42857,0.71186,0.23137
137.50000,0.66667,0.92941
205.10204,0.40164,0.47843
280.80000,0.89286,0.67059
64.18605,0.17409,0.51569
283.63636,0.34375,0.37647
226.72131,0.68539,0.65098
3.65217,0.51111,0.44118
352.04819,0.73451,0.55686
349.18033,0.70115,0.17059
218.67769,0.78065,0.30392
207.84314,0.69231,0.43333
198.91304,0.86792,0.79216
97.05882,0.77273,0.74118
82.14286,0.89362,0.18431
190.43478,0.09787,0.46078
154.91525,0.70518,0.49216
270.18182,0.94286,0.65686
32.32877,0.92405,0.46471
156.71053,0.66087,0.45098
112.50000,0.27586,0.11373
338.10811,0.65487,0.55686
153.26733,0.86325,0.45882
170.98446,0.83550,0.54706
22.50000,0.73333,0.23529
94.58333,0.69231,0.59216
357.94872,0.96694,0.76275
230.00000,0.46392,0.38039
206.41791,0.59292,0.44314
266.80851,0.40517,0.45490
177.81818,0.36424,0.29608
198.20225,0.44279,0.60588
16.02484,0.87978,0.35882
326.25000,0.72727,0.78431
230.00000,0.39474,0.29804
162.66667,0.55102,0.48039
90.17143,0.78475,0.43725
48.38710,0.84545,0.43137
204.89362,0.60256,0.69412
283.57143,1.00000,0.49412
171.11111,0.94406,0.28039
324.65753,0.92405,0.46471
102.53521,0.93013,0.55098
28.47458,0.69412,0.83333
41.82857,0.77093,0.55490
90.00000,0.57447,0.81569
248.57143,0.22826,0.63922
91.76471,0.73206,0.40980
357.77778,0.47368,0.11176
130.43478,0.43396,0.58431
162.45283,0.91379,0.77255
261.53846,0.17972,0.42549
108.00000,0.76471,0.33333
108.80000,0.65789,0.55294
285.00000,0.70690,0.45490
336.20690,0.98864,0.34510
267.27273,0.63636,0.23725
245.76923,0.63415,0.32157
16.26168,0.46725,0.44902
247.87500,0.97561,0.67843
173.90625,1.00000,0.25098
158.80597,0.93488,0.57843
351.56250,0.55172,0.77255
117.00000,0.48780,0.67843
68.72727,0.73333,0.29412
327.80488,0.33884,0.52549
204.25532,0.64977,0.57451
26.21849,0.48971,0.52353
114.91525,0.70518,0.50784
130.08000,0.50607,0.48431
86.66667,0.48768,0.39804
240.55046,0.47598,0.55098
18.62069,0.73729,0.46275
49.47368,0.86802,0.61373
42.43902,0.31783,0.25294
244.77876,0.63842,0.34706
219.66942,0.71598,0.33137
111.27273,0.92179,0.35098
14.35897,0.61257,0.37451
208.44828,0.97479,0.53333
61.34831,0.53939,0.32353
167.67123,0.90871,0.47255
75.89404,0.75124,0.60588
240.00000,0.66387,0.46667
315.00000,0.85714,0.61569
43.97727,0.88000,0.60784
45.60000,0.16779,0.70784
37.65957,0.58750,0.68627
57.30337,0.51445,0.33922
110.07519,0.98519,0.73529
25.38462,0.61321,0.58431
4.78873,0.97260,0.42941
202.19178,0.83908,0.82941
145.38462,0.64356,0.39608
199.78022,0.97849,0.18235
281.29870,0.33624,0.55098
162.35294,0.96226,0.89608
222.35294,0.43590,0.45882
138.60000,0.42735,0.45882
199.09091,0.09402,0.54118
225.93750,0.89720,0.41961
96.92308,0.31200,0.75490
120.75000,0.63492,0.24706
204.40678,0.56190,0.41176
82.00000,0.18293,0.32157
185.76923,0.35616,0.71373
117.11538,0.47706,0.42745
216.00000,0.60976,0.67843
250.00000,0.27273,0.34510
67.01299,0.77778,0.19412
90.00000,0.89062,0.74902
351.57895,0.24464,0.54314
111.55556,0.73770,0.35882
110.16393,0.76250,0.68627
208.37838,0.90984,0.47843
257.62712,0.75966,0.54314
139.04762,0.84000,0.70588
191.70732,0.50000,0.32157
230.84746,0.52212,0.22157
103.63636,0.33333,0.87059
157.33333,0.91837,0.48039
43.27869,0.96825,0.75294
224.00000,0.50239,0.59020
8.18182,0.11828,0.36471
86.00000,0.92784,0.61961
346.12500,0.93023,0.33725
260.44444,0.58952,0.55098
298.77551,0.39837,0.24118
126.76056,0.45806,0.30392
123.61446,0.47977,0.33922
209.61538,0.78788,0.38824
295.42373,0.52212,0.44314
198.24324,0.77895,0.37255
344.13793,0.56863,0.30000
257.40933,0.88940,0.42549
178.51240,0.62051,0.38235
328.00000,0.33333,0.35294
222.58065,0.93939,0.25882
343.07692,0.59091,0.74118
236.06557,0.83562,0.28627
115.63636,0.43651,0.50588
325.31250,1.00000,0.62353
210.00000,0.80769,0.10196
3.64486,0.96396,0.56471
115.26316,0.72381,0.41176
111.42857,0.77778,0.50588
238.75000,0.40000,0.23529
260.76923,0.61417,0.50196
105.77320,0.80165,0.23725
258.07229,0.32549,0.50000
141.42857,0.13333,0.58824
39.62264,0.32919,0.31569
225.23077,0.55556,0.77059
333.57798,0.51659,0.58627
329.83425,0.90955,0.39020
230.93023,0.56579,0.70196
281.28713,0.97115,0.59216
81.81818,0.77647,0.33333
291.31579,0.81720,0.63529
190.90909,0.37931,0.71569
156.00000,0.53333,0.29412
102.59542,0.55745,0.53922
330.00000,0.12821,0.30588
74.49275,1.00000,0.59412
25.54217,0.98419,0.49608
174.89362,0.41228,0.55294
3.63636,0.16583,0.39020
248.04469,0.86473,0.59412
19.46809,0.91262,0.40392
109.82456,0.75330,0.55490
56.53179,0.85222,0.60196
168.97959,0.31210,0.69216
22.55319,0.73822,0.62549
332.69841,0.97927,0.37843
309.49640,0.90850,0.70000
170.76923,0.73585,0.20784
127.21311,0.80617,0.55490
196.50000,0.21505,0.36471
123.28767,0.74490,0.38431
273.00000,0.83333,0.76471
193.62162,0.77406,0.46863
199.25926,0.37674,0.57843
184.33735,0.32806,0.50392
10.81081,0.94872,0.77059
171.48936,0.57551,0.51961
127.84091,0.83019,0.41569
94.66667,0.44554,0.80196
158.46154,0.41935,0.18235
12.14286,0.54545,0.30196
129.40299,0.57265,0.54118
23.66197,0.29707,0.53137
271.11111,0.60000,0.17647
161.14286,0.88983,0.46275
181.51899,0.68103,0.45490
197.47573,0.55676,0.63725
139.32886,0.83240,0.35098
277.44966,0.68664,0.57451
322.04082,0.54444,0.64706
190.85714,0.49763,0.41373
309.75000,0.98765,0.31765
28.46154,0.60938,0.25098
210.76923,0.20635,0.62941
317.69231,0.97500,0.47059
18.46154,0.75207,0.23725
125.53846,0.82278,0.84510
309.23077,0.59633,0.21373
240.00000,0.68103,0.45490
113.92405,0.96341,0.32157
237.31343,0.68367,0.38431
268.96552,0.39726,0.71373
84.92308,0.60185,0.57647
110.31250,0.80000,0.47059
351.11111,0.29670,0.35686
216.00000,0.04902,0.40000
156.34286,0.90674,0.37843
57.93103,0.54717,0.89608
49.71429,0.49763,0.41373
90.00000,0.09091,0.04314
189.23077,0.13542,0.37647
160.27397,0.72277,0.80196
80.95238,0.62376,0.80196
141.12676,0.54198,0.25686
157.07865,0.95699,0.36471
154.23729,0.88060,0.60588
25.35211,0.89873,0.46471
217.82609,0.46939,0.61569
234.62687,0.32683,0.40196
334.63636,0.90164,0.47843
316.66667,0.45570,0.30980
346.49215,0.75494,0.50392
92.24670,0.90438,0.50784
43.25581,0.89958,0.46863
348.18182,0.84615,0.84706
198.34711,0.64706,0.63333
213.63636,0.30841,0.41961
159.51220,0.64398,0.37451
296.00000,0.26012,0.33922
60.00000,0.44578,0.16275
23.23944,0.77174,0.36078
304.80000,0.68807,0.57255
251.92308,0.98734,0.69020
347.14286,0.06731,0.59216
295.38462,0.08966,0.71569
110.40000,0.16340,0.30000
178.29787,0.63801,0.43333
321.42857,0.06306,0.43529
218.21656,0.80513,0.61765
44.26230,0.79221,0.69804
343.22034,0.57843,0.40000
240.00000,0.34387,0.49608
254.11765,0.73118,0.36471
278.67769,0.85816,0.72353
137.14286,0.87065,0.60588
260.71429,0.52500,0.31373
252.30769,0.97990,0.39020
189.64286,0.57732,0.61961
346.15385,0.96296,0.57647
90.41667,0.69903,0.59608
35.39568,0.64055,0.57451
191.94915,0.94400,0.49020
165.47368,0.51351,0.36275
94.08000,0.81699,0.30000
43.51648,0.72222,0.49412
286.04651,0.18143,0.53529
103.80952,0.80426,0.46078
198.42520,0.80892,0.69216
25.96154,0.91228,0.44706
325.36364,0.94017,0.45882
350.52632,0.49565,0.22549
282.85714,0.80531,0.22157
262.50000,0.66667,0.16471
199.83871,0.65263,0.37255
340.92166,0.93939,0.45294
219.82759,0.46032,0.49412
309.83051,0.76623,0.54706
355.02439,0.91928,0.43725
353.11005,0.88186,0.46471
211.00478,0.98122,0.58235
238.53659,0.60000,0.59804
125.62500,0.26230,0.47843
137.94872,0.76471,0.30000
89.07216,0.83621,0.45490
309.93865,0.94220,0.33922
352.63158,0.96610,0.34706
0.00000,0.34759,0.36667
101.38889,0.85714,0.50588
244.45415,0.91968,0.48824
293.33333,0.45455,0.80588
298.00000,0.34884,0.83137
34.32558,0.88477,0.52353
174.96183,0.82390,0.68824
14.31818,0.97778,0.35294
214.04494,0.92708,0.37647
148.81057,0.94979,0.53137
8.70968,0.80172,0.45490
41.07692,0.61321,0.58431
155.45455,0.20755,0.58431
331.25000,0.20000,0.52941
54.08867,0.80237,0.50392
343.80531,0.98261,0.45098
338.70968,0.54386,0.44706
231.52174,0.56790,0.68235
197.88079,0.92638,0.31961
228.00000,0.59211,0.70196
240.00000,0.13147,0.50784
250.62500,0.50000,0.37647
200.82645,0.61421,0.38627
61.71429,0.51220,0.40196
259.06250,0.75591,0.49804
289.52381,0.67021,0.63137
244.44444,0.76518,0.51569
336.00000,0.08403,0.46667
92.58883,0.88341,0.56275
90.98039,0.81818,0.63333
286.41509,0.60920,0.34118
287.51020,0.98394,0.48824
1.25000,0.68571,0.13725
198.21429,0.63636,0.82745
184.34783,0.94521,0.57059
230.05714,0.97765,0.35098
278.49057,0.48182,0.43137
249.47368,0.08597,0.56667
151.76471,0.79866,0.29216
111.81818,0.26829,0.48235
283.54839,0.63265,0.80784
54.40678,0.67816,0.34118
180.66667,0.90000,0.39216
134.34783,0.87619,0.41176
355.04587,0.98198,0.56471
298.81773,0.86383,0.46078
247.10526,0.35849,0.58431
326.74699,0.33068,0.50784
353.09353,0.69849,0.39020
97.86885,1.00000,0.76078
276.78571,0.83168,0.60392
183.44262,0.70930,0.33725
172.23214,0.92562,0.47451
310.00000,0.63333,0.35294
290.09174,0.60221,0.64510
25.50000,0.97087,0.40392
74.35583,0.82741,0.61373
291.35593,1.00000,0.23137
221.17647,0.99029,0.59608
266.92308,0.69027,0.55686
95.22936,0.43083,0.50392
235.71429,1.00000,0.78039
352.94118,0.23944,0.27843
338.49711,0.71193,0.47647
271.11111,0.60674,0.34902
213.30000,0.90909,0.43137
61.55172,0.50000,0.54510
261.21212,0.94286,0.41176
93.64162,0.78281,0.43333
253.29114,0.75962,0.40784
20.25000,0.59701,0.26275
127.11864,0.72840,0.47647
347.58621,0.82857,0.86275
270.96774,0.82301,0.77843
326.31016,0.98942,0.37059
94.11765,0.69863,0.14314
103.43891,0.94043,0.46078
241.03448,0.69048,0.16471
315.98253,0.91235,0.49216
216.98113,0.95210,0.67255
119.00000,0.24793,0.47451
153.15789,0.60317,0.50588
32.27273,0.61682,0.41961
139.45055,0.72800,0.50980
81.26582,0.71171,0.43529
97.50000,0.85000,0.68627
124.09938,0.66805,0.47255
300.58252,0.53368,0.37843
123.50877,0.68675,0.51176
179.06250,0.85333,0.29412
153.26425,0.88128,0.57059
57.63158,0.31148,0.52157
68.60987,0.94894,0.53922
289.81818,0.75342,0.42941
132.00000,0.29680,0.42941
293.47826,0.66990,0.59608
219.41860,0.72269,0.53333
205.20000,0.81522,0.36078
292.77778,0.51923,0.40784
196.28571,0.70707,0.38824
129.15254,0.74684,0.30980
61.00000,0.24194,0.48627
341.53846,0.68421,0.88824
345.67164,0.48201,0.27255
102.50000,0.51429,0.27451
107.59777,0.85646,0.40980
144.92308,0.97990,0.39020
226.53061,0.24623,0.39020
178.06452,0.72093,0.91569
171.60000,0.86207,0.77255
130.95238,0.67021,0.63137
23.88350,0.82400,0.50980
304.46512,0.86345,0.51176
1.58940,0.68326,0.56667
288.55491,1.00000,0.33922
195.14851,0.90179,0.43922
317.34104,0.74892,0.54706
254.37788,0.95595,0.44510
338.00000,0.88235,0.26667
198.23529,0.96226,0.79216
280.00000,0.89848,0.38627
30.30303,0.50769,0.38235
184.39024,0.48617,0.50392
167.81250,0.78689,0.52157
344.21053,0.53846,0.51569
139.41176,0.27419,0.24314
34.43478,0.70552,0.31961
152.08556,0.75100,0.48824
187.34694,0.84000,0.65686
339.75000,0.90909,0.34510
346.41026,0.97500,0.52941
84.08451,0.95946,0.29020
217.89474,0.27536,0.13529
344.69388,0.38583,0.49804
182.89157,0.78302,0.58431
288.47458,0.90769,0.61765
100.00000,0.07627,0.46275
171.62791,0.66154,0.25490
290.23256,0.37391,0.45098
356.60377,0.87845,0.64510
0.00000,0.95495,0.43529
240.00000,0.71084,0.67451
210.32967,0.72800,0.50980
129.84375,0.95522,0.26275
202.02532,0.40513,0.61765
158.66667,0.22613,0.60980
18.26087,0.48936,0.53922
288.94737,0.42222,0.17647
263.57143,0.33071,0.50196
260.89888,0.96739,0.63922
48.38710,0.28440,0.78627
225.66372,0.57360,0.61373
91.30435,0.56098,0.16078
173.72549,0.70507,0.42549
315.00000,0.44156,0.69804
123.15789,0.59375,0.74902
45.00000,0.51020,0.38431
93.27731,0.86861,0.26863
123.39623,0.23556,0.44118
52.13793,0.85799,0.66863
340.71429,0.93333,0.82353
331.61677,0.76959,0.57451
354.41860,0.17842,0.47255
258.00000,0.60976,0.83922
228.52941,0.88696,0.54902
171.22807,0.67589,0.50392
270.19608,0.71831,0.58235
154.46809,1.00000,0.46078
220.68493,0.58871,0.48627
197.40000,0.78740,0.49804
33.69863,0.65766,0.78235
342.73973,0.97333,0.55882
92.24490,0.71707,0.40196
108.92308,0.69149,0.36863
150.00000,0.61194,0.26275
290.00000,0.46875,0.12549
50.00000,0.42857,0.32941
227.68212,0.60643,0.51176
48.22430,0.68153,0.69216
305.35032,0.81347,0.37843
237.35849,0.83246,0.37451
287.48815,0.92952,0.55490
115.14451,0.85222,0.60196
301.76471,0.30631,0.43529
58.62069,0.60839,0.28039
110.52632,0.21591,0.65490
258.86598,0.83621,0.54510
129.92806,0.72021,0.37843
95.06494,0.86517,0.17451
239.36842,0.44186,0.42157
70.16949,0.96721,0.64118
334.59459,0.48472,0.55098
349.65517,0.56129,0.69608
304.39024,0.86014,0.28039
308.13559,0.26697,0.43333
296.68966,0.62771,0.54706
290.93023,0.54430,0.69020
120.00000,0.58685,0.58235
171.25828,0.64255,0.53922
259.70149,0.68367,0.38431
308.02548,0.97516,0.68431
48.79668,0.94510,0.50000
285.76271,0.55660,0.58431
295.44828,0.64444,0.44118
219.57447,0.40171,0.22941
228.66667,0.93750,0.81176
176.25000,0.60377,0.58431
85.89928,0.63470,0.42941
313.90909,0.90164,0.52157
126.23377,0.62602,0.75882
245.13514,0.92500,0.47059
319.28571,0.64220,0.42745
357.17647,0.34694,0.48039
265.00000,0.42857,0.83529
191.69231,0.89862,0.57451
61.57895,0.23171,0.32157
197.89474,0.98844,0.33922
248.52273,0.95652,0.63922
358.67647,0.53968,0.49412
30.44776,0.32057,0.59020
84.00000,0.59055,0.49804
253.64807,0.97490,0.53137
33.33333,0.81818,0.47451
253.65854,0.51037,0.47255
235.95855,0.76892,0.50784
136.19048,0.78423,0.52745
46.09272,0.61134,0.51569
209.33333,0.36585,0.51765
204.65753,0.65766,0.78235
41.14286,0.94595,0.36275
18.43373,0.89247,0.36471
40.55172,0.59671,0.52353
240.00000,0.59223,0.59608
264.00000,0.21951,0.40196
316.95652,0.57025,0.52549
195.41667,0.66055,0.42745
118.44828,0.96667,0.47059
275.74468,0.26857,0.65686
204.35897,0.98319,0.46667
307.09677,0.97895,0.18627
206.44737,0.71028,0.41961
318.94737,0.35185,0.21176
139.71429,0.60345,0.77255
231.94030,0.36216,0.63725
328.12500,0.71642,0.26275
336.25000,0.54545,0.17255
153.56643,0.79006,0.64510
301.88976,0.72571,0.65686
112.22222,0.87097,0.24314
94.40000,0.47771,0.69216
233.93939,0.93396,0.58431
61.40351,0.85075,0.60588
96.63717,0.58549,0.62157
259.17526,0.38039,0.50000
11.17021,0.74603,0.49412
205.60976,0.47674,0.66275
76.00000,0.65854,0.59804
65.10638,0.25683,0.35882
182.23404,0.81739,0.45098
288.25175,0.83626,0.33529
165.42857,0.86777,0.52549
256.02273,0.83810,0.41176
341.49780,0.94979,0.53137
313.17073,0.81673,0.50784
341.27660,0.70854,0.39020
9.04523,0.84681,0.46078
56.00000,0.42510,0.51569
227.33945,0.87200,0.75490
280.00000,0.85714,0.46667
135.21127,0.79775,0.65098
13.68421,0.97436,0.45882
71.62500,0.67797,0.46275
105.98131,0.59116,0.35490
105.78947,0.54286,0.72549
22.24138,0.47541,0.52157
338.01980,0.40239,0.50784
252.00000,0.09346,0.58039
145.71429,0.80328,0.76078
322.10526,1.00000,0.85098
91.42857,0.44681,0.63137
106.26168,0.89167,0.52941
268.12500,0.25397,0.24706
167.14286,0.13725,0.60000
270.55046,0.90083,0.47451
237.17647,0.60284,0.72353
228.06283,0.86425,0.56667
163.25581,0.24022,0.64902
111.08911,0.69655,0.28431
201.87192,0.81526,0.51176
113.09353,0.64651,0.42157
345.00000,0.96154,0.40784
87.77778,0.77885,0.40784
192.52747,0.42723,0.58235
9.60000,0.25773,0.38039
318.43137,0.75369,0.39804
7.96460,0.70186,0.68431
291.46919,0.91342,0.45294
256.83453,0.97203,0.71961
124.76190,0.34054,0.36275
10.29851,0.59292,0.55686
187.42857,0.96330,0.57255
69.10714,0.91803,0.52157
168.75000,0.19835,0.52549
225.98540,0.61991,0.43333
26.30542,0.87124,0.54314
20.44248,0.97414,0.54510
299.32584,0.79464,0.56078
348.93204,0.86555,0.53333
358.30986,0.43030,0.32353
224.57143,0.44304,0.69020
193.84615,0.90374,0.63333
178.57143,0.40000,0.41176
102.85714,0.83732,0.40980
219.13043,0.60526,0.70196
130.12987,0.38308,0.60588
335.88235,0.88696,0.54902
313.33333,0.22689,0.76667
260.90909,0.41250,0.31373
277.09924,0.82390,0.31176
47.41935,0.28440,0.57255
335.75758,0.86842,0.55294
321.49733,0.87793,0.58235
45.84270,0.70079,0.75098
69.31034,0.67442,0.83137
250.51546,0.80165,0.23725
46.87500,0.55172,0.22745
235.63636,0.50459,0.21373
101.07143,0.73684,0.55294
52.98246,0.81043,0.58627
25.52036,1.00000,0.56667
48.73096,0.91628,0.42157
1.31868,0.47150,0.37843
183.71681,0.51131,0.56667
247.84810,0.95951,0.51569
280.51282,0.94355,0.48627
211.41509,0.99065,0.58039
345.64417,0.91061,0.64902
65.14286,0.86420,0.31765
239.67033,0.98913,0.36078
270.00000,0.08621,0.45490
77.64706,0.93701,0.50196
350.52632,0.15200,0.24510
252.00000,0.42373,0.23137
252.65625,0.81013,0.30980
184.84848,0.66443,0.29216
307.00000,0.72289,0.32549
222.33129,0.77251,0.41373
281.42857,0.36842,0.55294
147.08861,0.93676,0.50392
347.08861,0.65289,0.23725
113.87755,0.39200,0.24510
222.27273,0.97345,0.55686
27.48603,0.94709,0.62941
60.35294,0.80952,0.58824
254.71698,0.56989,0.81765
313.09091,0.27363,0.39412
322.85714,0.98131,0.20980
194.79452,0.57480,0.75098
291.11111,0.30337,0.34902
225.90604,0.87135,0.66471
98.94737,0.47899,0.76667
193.50785,0.97949,0.61765
64.68085,0.77049,0.35882
256.00000,0.71429,0.67059
111.16279,0.54430,0.53529
209.00000,0.23622,0.50196
350.46358,0.70233,0.42157
337.03125,0.77108,0.32549
182.85714,0.16800,0.50980
154.83871,0.20000,0.69608
339.09677,0.63786,0.47647
102.69231,0.26000,0.60784
340.43478,0.41071,0.78039
45.88235,0.29143,0.34314
132.74336,0.52558,0.57843
326.93878,0.41880,0.77059
249.23077,0.40945,0.50196
298.69565,0.41818,0.78431
17.64706,0.84158,0.80196
290.84746,0.50000,0.46275
17.34940,0.85567,0.19020
7.77778,0.71053,0.14902
240.68966,0.52096,0.67255
228.94737,0.61290,0.75686
111.78423,0.98367,0.51961
276.31579,0.15574,0.52157
15.95745,0.83929,0.56078
135.00000,0.72269,0.46667
174.73684,0.96610,0.23137
71.88679,0.54082,0.38431
131.39241,0.83158,0.62745
132.65625,0.64000,0.60784
45.93103,0.81006,0.64902
60.00000,0.25352,0.72157
261.56682,0.87149,0.51176
121.86335,0.98773,0.31961
2.57511,1.00000,0.54314
181.57895,0.36538,0.59216
40.42553,0.82456,0.33529
175.20000,0.38860,0.62157
46.07143,0.32558,0.66275
215.62500,0.82051,0.15294
146.35514,0.44770,0.46863
147.69231,0.75207,0.52549
130.90909,0.64706,0.50000
349.56522,0.64486,0.79020
189.51923,0.85246,0.52157
100.44944,0.73554,0.47451
311.06796,0.88793,0.45490
46.43836,0.63478,0.54902
162.00000,0.87500,0.84314
18.83721,0.51190,0.32941
181.88976,0.63184,0.39412
281.53846,0.31200,0.24510
156.29032,0.83784,0.70980
120.40541,0.75510,0.61569
295.02075,1.00000,0.47255
185.00000,0.46154,0.20392
290.98814,1.00000,0.50392
300.36810,0.86243,0.62941
106.63043,0.76033,0.47451
206.66667,0.76119,0.39412
152.16000,0.62189,0.39412
307.46544,0.87149,0.48824
167.00000,0.76923,0.15294
297.18121,0.78836,0.37059
259.86207,0.97315,0.29216
221.66667,0.99213,0.50196
322.46305,0.82186,0.51569
25.92965,0.84681,0.53922
264.48430,0.87451,0.50000
310.04292,0.92095,0.49608
37.85047,0.97273,0.56863
76.56442,0.82741,0.61373
129.77528,0.95699,0.36471
167.28814,0.55660,0.41569
307.37968,0.84615,0.56667
286.50000,0.15748,0.50196
171.74312,0.91597,0.46667
214.50000,0.17857,0.43922
30.81081,0.64162,0.33922
147.90698,0.55844,0.54706
323.36842,0.90476,0.79412
356.00000,0.22388,0.13137
280.53191,0.77686,0.52549
135.00000,0.64407,0.53725
155.38462,0.22286,0.65686
239.08397,0.74011,0.65294
148.17073,0.96471,0.33333
49.24528,0.86885,0.47843
235.66265,0.34156,0.52353
45.89744,0.96694,0.52549
69.81818,0.92179,0.35098
112.58427,0.85577,0.40784
342.53731,0.80723,0.32549
46.95652,0.17293,0.26078
119.33333,0.42453,0.41569
237.60000,0.57252,0.25686
6.99029,0.43830,0.53922
85.21277,0.84685,0.56471
98.40000,0.31381,0.46863
337.20000,0.22124,0.55686
10.05236,0.76096,0.49216
44.03670,0.60221,0.64510
342.20339,0.46457,0.50196
86.20690,0.36709,0.53529
351.95876,0.54802,0.65294
268.46154,0.37864,0.59608
10.29412,0.99029,0.40392
248.50000,0.80000,0.29412
310.19417,0.94495,0.57255
220.00000,0.12397,0.52549
351.05263,0.86364,0.25882
173.51351,0.43874,0.50392
123.90533,0.88482,0.62549
314.68531,0.63556,0.44118
346.28571,0.52764,0.60980
30.87379,0.91964,0.56078
357.71429,0.53846,0.38235
178.18182,0.50769,0.87255
2.76923,0.69149,0.36863
151.11111,0.78641,0.20196
10.99010,0.95283,0.58431
320.72727,0.59783,0.36078
179.47826,0.60209,0.37451
328.51852,0.72973,0.43529
131.42857,0.23596,0.17451
326.85315,0.77297,0.36275
270.00000,0.97143,0.72549
25.36585,0.50617,0.47647
203.42857,0.51220,0.59804
78.50467,0.85600,0.75490
75.68182,0.75862,0.22745
84.38247,1.00000,0.49216
19.83471,0.53778,0.44118
254.23729,0.67045,0.65490
63.23529,0.84298,0.47451
338.49057,0.71300,0.56275
78.75000,0.66667,0.62353
71.90840,0.58744,0.56275
316.83453,0.67805,0.40196
185.76000,0.60976,0.59804
236.43243,0.80786,0.55098
289.12500,0.89888,0.34902
180.00000,0.67939,0.74314
157.61194,0.55372,0.52549
130.88083,0.97970,0.38627
213.54839,0.73228,0.75098
280.30534,0.55274,0.46471
56.22378,0.59336,0.52745
132.55814,0.43878,0.61569
163.97906,0.90521,0.41373
131.81818,0.73333,0.64706
165.50725,0.91189,0.55490
252.27273,0.44444,0.61176
129.69697,0.73333,0.73529
57.88235,0.75893,0.43922
252.37113,0.86607,0.56078
231.08108,0.65487,0.44314
183.33333,0.80198,0.60392
0.00000,0.87838,0.29020
130.08850,0.47679,0.46471
152.22222,0.23276,0.45490
56.00000,0.78947,0.59020
100.66667,0.39474,0.55294
203.49398,0.79048,0.41176
24.70588,0.87179,0.15294
227.57396,0.81643,0.59412
162.31579,0.54286,0.34314
171.76991,0.97414,0.54510
227.47826,0.74194,0.69608
320.21390,0.76955,0.52353
226.26506,0.36245,0.55098
81.93103,0.65611,0.43333
176.94915,0.33333,0.34706
227.04000,0.79618,0.69216
206.12903,0.87736,0.41569
125.25346,0.97309,0.43725
284.23077,0.87640,0.34902
219.23077,0.11111,0.45882
134.15730,0.42584,0.40980
158.54015,0.72487,0.62941
188.37209,0.26061,0.67647
99.27835,0.79508,0.47843
28.88889,0.29670,0.64314
49.13386,0.62562,0.39804
228.83721,0.57333,0.70588
58.50000,0.85106,0.63137
350.25974,0.82796,0.36471
60.80357,1.00000,0.56078
13.36957,0.82143,0.43922
314.23729,0.49580,0.53333
212.30769,0.94702,0.29608
247.30964,0.97044,0.60196
115.24390,0.83673,0.61569
238.06452,0.74400,0.49020
60.70588,0.80952,0.58824
289.69697,0.74436,0.26078
65.93407,0.47150,0.62157
271.85185,0.70435,0.54902
223.40426,0.41228,0.44706
296.45161,0.85321,0.57255
244.65753,1.00000,0.57059
299.38144,0.41277,0.53922
311.88119,0.43348,0.54314
216.87500,0.48000,0.60784
269.49153,0.94652,0.63333
106.95652,0.80100,0.39412
150.88235,0.76404,0.34902
53.41463,0.36607,0.43922
125.29412,0.16832,0.60392
14.14286,0.77778,0.64706
332.94118,0.30178,0.66863
10.20000,0.64935,0.69804
358.13953,0.98473,0.74314
187.95181,0.65873,0.50588
153.48837,0.36134,0.23333
276.95122,0.86316,0.37255
167.41463,0.93607,0.57059
20.00000,0.88800,0.75490
0.30457,0.94258,0.40980
43.33333,1.00000,0.61176
170.25381,0.80408,0.51961
210.24000,0.58685,0.41765
69.23077,0.46018,0.44314
38.62069,0.73109,0.46667
162.62069,0.70048,0.40588
302.74809,0.85621,0.70000
281.33333,0.91093,0.48431
40.18100,0.90204,0.51961
18.96373,0.98974,0.38235
186.29032,0.51667,0.52941
154.01274,0.63563,0.51569
295.86207,0.91339,0.49804
28.88889,0.10757,0.50784
64.45946,0.76289,0.61961
339.56522,0.64486,0.58039
251.42857,0.11351,0.36275
2.60870,0.86250,0.68627
235.35714,0.66142,0.49804
294.18502,0.91903,0.51569
291.11111,0.12217,0.56667
92.30769,0.27897,0.54314
282.23464,0.77489,0.45294
234.22222,0.77143,0.65686
214.56522,0.87619,0.58824
111.77419,0.53913,0.45098
317.14286,0.19337,0.35490
195.00000,0.83582,0.26275
263.33333,0.90826,0.42745
2.14286,0.88608,0.69020
93.60000,0.49801,0.50784
45.00000,0.12727,0.56863
182.35294,0.45946,0.78235
50.62500,0.64000,0.49020
45.00000,0.79570,0.36471
144.00000,0.81673,0.50784
267.77778,0.21774,0.48627
137.22222,0.51923,0.59216
232.14953,0.50235,0.41765
303.11111,0.84906,0.68824
243.75000,0.37209,0.83137
353.33333,0.11250,0.68627
46.80000,0.75000,0.39216
273.91304,0.58974,0.45882
105.65217,0.21101,0.57255
90.53254,0.79343,0.58235
329.63855,0.46369,0.64902
270.45685,0.81743,0.47255
16.70103,0.56725,0.33529
102.33129,0.77990,0.59020
140.00000,0.84906,0.79216
50.33898,0.86765,0.26667
279.23077,0.84783,0.63922
157.05882,0.35052,0.61961
291.84466,0.41365,0.51176
76.74419,0.42157,0.40000
240.55556,0.53465,0.60392
161.25000,0.57143,0.89020
53.11005,0.93722,0.43725
207.17647,0.95506,0.65098
301.44000,0.65445,0.62549
87.00000,0.84906,0.58431
139.30070,0.71859,0.39020
322.66667,1.00000,0.91176
179.44954,0.86508,0.50588
301.09091,0.90164,0.11961
286.69951,0.98068,0.59412
198.26087,0.27381,0.32941
313.17073,0.34746,0.53725
120.00000,0.54098,0.35882
24.09836,0.57009,0.58039
166.23853,0.60221,0.35490
10.94891,0.63134,0.42549
150.62500,0.52174,0.36078
337.68844,0.83264,0.53137
190.80000,0.96154,0.30588
288.21429,0.84848,0.12941
119.06250,0.87671,0.28627
75.00000,0.80000,0.86275
336.20112,0.83256,0.57843
138.75000,0.88889,0.28235
243.42857,0.20231,0.33922
320.64516,0.40969,0.55490
25.71429,0.50515,0.61961
166.15385,0.18056,0.28235
331.85185,0.55102,0.71176
213.86139,0.43723,0.54706
12.26519,0.78355,0.45294
36.28571,0.82677,0.49804
341.25000,0.10811,0.70980
210.76923,0.36449,0.20980
309.28177,0.72112,0.50784
1.89189,0.93277,0.46667
252.13483,0.40639,0.57059
84.75524,0.65899,0.57451
338.93333,0.91837,0.48039
271.74194,0.79487,0.61765
305.79310,0.57312,0.50392
317.41935,0.75610,0.40196
259.60976,0.87234,0.46078
67.16418,0.40120,0.32745
315.17241,0.46032,0.37059
203.45455,0.48246,0.55294
146.54378,0.90795,0.46863
333.08824,0.87179,0.30588
277.36527,0.97661,0.66471
170.32258,0.63786,0.52353
70.54054,0.80435,0.81961
160.40816,0.67123,0.42941
352.50000,0.97479,0.53333
356.75000,0.96774,0.51373
267.62590,0.77654,0.35098
119.62500,0.98765,0.68235
324.42478,0.86260,0.74314
277.80822,0.40331,0.64510
53.14286,0.78947,0.73922
354.37500,0.77670,0.40392
76.20690,0.97753,0.34902
306.31579,0.77376,0.43333
204.21053,0.87692,0.25490
178.03279,0.77215,0.84510
262.26804,0.80165,0.47451
116.52174,0.86611,0.53137
336.69065,0.58650,0.46471
193.80000,0.78740,0.49804
182.90323,0.28972,0.41961
39.60784,1.00000,0.70000
265.33333,0.61644,0.42941
36.69421,0.48207,0.49216
185.63380,0.95516,0.56275
107.01923,0.95413,0.57255
140.61538,0.90698,0.57843
105.14286,0.54404,0.62157
289.60630,0.71751,0.65294
337.61194,0.38728,0.33922
276.00000,0.08197,0.11961
133.69565,0.41818,0.56863
92.38636,0.85437,0.40392
42.79070,0.54430,0.46471
163.75691,0.79039,0.44902
304.39024,0.39806,0.79804
336.21951,0.82000,0.39216
287.72727,0.48352,0.35686
14.28571,0.21212,0.61176
344.12556,0.88142,0.49608
228.75000,0.76522,0.54902
331.11111,0.44262,0.23922
237.48954,0.96761,0.51569
118.51240,1.00000,0.23725
248.46154,0.56522,0.72941
62.50000,0.90756,0.53333
145.97015,0.27572,0.52353
72.69231,0.40945,0.49804
33.71429,0.45064,0.54314
345.68807,0.45992,0.53529
332.09877,0.99184,0.48039
279.42857,0.20000,0.65686
48.92308,0.98985,0.38627
27.91667,0.93506,0.69804
179.40594,0.44889,0.44118
68.94410,0.86096,0.63333
318.33333,0.89109,0.60392
349.41176,0.88696,0.54902
137.96954,0.89140,0.56667
309.14286,0.83333,0.50588
171.17647,0.97143,0.41176
104.44444,0.33061,0.51961
314.57143,0.81395,0.66275
246.66667,0.34951,0.40392
82.17391,0.37705,0.52157
344.10596,0.79058,0.62549
277.95918,0.20851,0.53922
279.90698,1.00000,0.57843
197.57143,0.67308,0.40784
75.58824,0.87179,0.54118
346.84211,0.90476,0.24706
142.13592,0.60234,0.33529
36.11650,0.71034,0.28431
82.94118,0.28814,0.76863
216.83168,0.44889,0.55882
343.50000,0.75472,0.58431
349.77273,0.47826,0.63922
108.26087,0.21101,0.57255
251.09589,0.61345,0.53333
111.66667,0.80357,0.43922
149.36170,0.78333,0.47059
48.75000,0.92308,0.10196
353.07692,0.76471,0.46667
21.10345,0.66820,0.42549
264.87179,0.92126,0.49804
95.41463,0.97156,0.58627
303.46821,0.88718,0.38235
237.93103,0.76316,0.29804
71.66667,0.40000,0.82353
141.86916,0.48858,0.42941
214.17722,0.37799,0.59020
67.12871,0.79528,0.24902
267.50000,0.59016,0.52157
2.25352,1.00000,0.58235
212.37624,0.80159,0.50588
68.57143,0.45729,0.60980
116.93878,0.52688,0.63529
112.68293,0.73653,0.67255
10.00000,0.80282,0.72157
174.60674,0.88119,0.19804
136.50000,0.43478,0.36078
201.33333,0.27607,0.31961
171.23596,0.91753,0.19020
165.98540,0.66829,0.59804
6.36364,0.88393,0.43922
46.11940,0.58772,0.55294
146.25000,0.26667,0.76471
338.07692,0.55319,0.81569
192.37500,0.96386,0.32549
227.88732,0.89121,0.46863
38.66109,0.98354,0.47647
79.60976,0.81028,0.50392
48.57143,0.98298,0.46078
3.33333,0.11842,0.70196
103.23529,0.77273,0.34510
211.36364,0.22917,0.62353
86.08696,0.48252,0.28039
43.92857,0.23529,0.53333
152.51613,0.73460,0.58627
326.96203,0.64754,0.47843
166.51685,0.78070,0.44706
341.45455,0.96491,0.33529
168.83721,0.40566,0.41569
308.69565,0.45695,0.70392
175.18248,0.64929,0.41373
58.36066,0.86730,0.58627
66.80412,0.98980,0.38431
65.71429,0.97674,0.66275
318.03279,0.95812,0.62549
60.61856,0.52432,0.36275
291.13043,0.72327,0.31176
183.13725,0.89474,0.66471
339.62264,0.29282,0.64510
73.92857,0.90323,0.51373
188.68421,0.77551,0.80784
112.41379,0.93548,0.18235
51.96172,0.92070,0.55490
88.68132,0.72222,0.50588
93.69863,0.85882,0.50000
214.90909,0.90164,0.47843
81.34615,0.50000,0.40784
201.35593,0.41259,0.28039
147.09677,0.58491,0.10392
312.43902,0.92135,0.65098
111.54930,0.31278,0.55490
344.05594,0.80791,0.65294
99.14439,0.98942,0.37059
12.00000,0.70000,0.60784
138.57143,0.46154,0.35686
117.70992,0.84516,0.30392
330.00000,0.80597,0.26275
233.43066,0.58798,0.54314
207.93651,1.00000,0.62941
19.38462,0.61321,0.58431
196.70886,0.69298,0.44706
8.37209,0.35246,0.47843
203.83562,0.33032,0.43333
50.04049,0.99197,0.48824
80.00000,0.25424,0.88431
261.00000,1.00000,0.92157
151.21951,0.88489,0.72745
267.56757,0.90244,0.16078
322.12121,0.91667,0.42353
34.04255,0.72308,0.38235
100.40816,0.96078,0.80000
224.40000,0.32468,0.69804
166.72131,0.50833,0.47059
187.20000,0.10730,0.45686
10.38462,0.44828,0.22745
70.08621,0.95082,0.47843
28.80000,0.10040,0.48824
57.09677,0.76860,0.47451
311.01266,0.94048,0.67059
171.76471,0.32484,0.30784
347.75510,0.28994,0.33137
304.75771,0.91903,0.48431
220.85890,0.65462,0.48824
252.85714,0.65421,0.58039
174.00000,0.20833,0.37647
188.18182,0.60440,0.64314
143.91892,1.00000,0.29020
91.01449,0.92825,0.43725
194.00000,0.17045,0.65490
252.00000,0.27363,0.39412
328.02395,0.98817,0.66863
18.79518,0.39713,0.40980
257.41935,0.15423,0.39412
150.00000,0.61386,0.39608
104.00000,0.23077,0.61765
250.15873,0.83260,0.55490
196.47059,0.23288,0.42941
241.05263,0.48305,0.53725
120.00000,0.84615,0.89804
296.40000,0.45455,0.78431
275.80645,0.81579,0.14902
136.97368,0.85393,0.65098
88.55422,0.92222,0.35294
124.16667,0.69231,0.40784
307.81065,0.71308,0.46471
188.57143,0.06667,0.79412
343.45946,0.91133,0.39804
329.25000,0.68376,0.54118
315.80645,0.73810,0.49412
303.00000,0.70175,0.77647
239.04762,0.52066,0.47451
134.05714,0.78475,0.43725
36.27119,0.69960,0.50392
144.92308,0.89862,0.57451
138.80597,0.49630,0.26471
302.34375,0.58716,0.57255
232.13115,0.57009,0.58039
219.45946,0.46835,0.46471
176.84211,0.08520,0.43725
60.25532,0.97510,0.52745
166.09272,0.68326,0.43333
223.40426,0.51648,0.17843
168.00000,0.49738,0.62549
355.23179,0.91515,0.67647
75.52941,0.91398,0.36471
77.85714,0.71186,0.53725
347.39130,0.82143,0.67059
44.16667,0.29268,0.51765
213.02326,0.72881,0.65294
313.98773,0.75115,0.57451
205.36913,0.87135,0.66471
306.75000,0.74766,0.41961
261.81818,0.09322,0.53725
104.61538,0.93600,0.24510
47.82609,0.40828,0.33137
300.32967,0.87500,0.59216
230.90909,0.28205,0.22941
50.27027,0.44939,0.51569
199.18367,0.60996,0.52745
64.68750,0.64000,0.80392
112.77778,1.00000,0.21176
39.84375,0.64000,0.60784
20.89552,0.95261,0.41373
55.71429,0.29915,0.54118
262.81690,0.92208,0.84902
27.00000,0.40000,0.80392
12.91139,0.77451,0.60000
51.03448,0.49153,0.65294
148.64322,0.89238,0.56275
11.77914,0.93143,0.34314
243.42857,0.42683,0.67843
299.15493,0.85542,0.67451
62.40000,0.25773,0.80980
275.10638,0.43519,0.42353
231.42857,0.93333,0.41176
159.18367,0.47573,0.79804
203.81910,0.86147,0.45294
166.43836,0.61864,0.53725
86.25000,0.70968,0.51373
184.97041,0.97688,0.66078
351.75000,0.46512,0.66275
114.54545,0.04453,0.48431
242.60870,0.93496,0.24118
125.00000,0.80000,0.17647
151.26761,0.78022,0.82157
138.36735,0.80328,0.76078
265.13514,0.97368,0.55294
305.73248,0.98742,0.68824
323.28947,0.66667,0.55294
286.56000,0.51867,0.47255
80.24540,0.64940,0.50784
122.66667,0.88235,0.60000
283.36957,0.80702,0.55294
140.27027,0.63793,0.54510
73.57895,0.84821,0.43922
335.38462,0.20419,0.37451
184.11765,0.47664,0.41961
342.00000,0.52239,0.26275
31.94444,0.91525,0.53725
154.00000,0.67568,0.56471
180.00000,0.20816,0.48039
180.00000,0.04444,0.64706
350.20408,0.83051,0.76863
184.28571,0.94231,0.20392
248.21918,0.52518,0.72745
175.38462,0.76471,0.06667
67.29282,0.74486,0.47647
161.79310,0.62771,0.45294
293.41463,0.72566,0.44314
83.44371,1.00000,0.70392
288.69565,0.97183,0.72157
66.40777,0.47907,0.57843
327.69231,0.94850,0.54314
270.68966,0.80556,0.57647
121.88482,0.91388,0.59020
186.94215,0.62694,0.37843
151.95980,0.79920,0.48824
92.60870,0.63014,0.71373
87.20000,0.55556,0.26471
285.07463,0.83402,0.52745
48.72483,0.63948,0.45686
49.23077,0.34821,0.43922
134.73214,0.94915,0.53725
25.53191,0.77049,0.35882
287.23404,0.64384,0.71373
70.95652,0.50661,0.55490
169.60000,0.64655,0.54510
348.00000,0.04630,0.57647
224.18919,0.62712,0.53725
208.62069,1.00000,0.34118
174.25532,0.59494,0.69020
193.67089,0.37089,0.58235
55.71429,0.94231,0.40784
76.42857,0.34711,0.52549
173.53448,0.95868,0.47451
51.37255,0.65665,0.45686
353.09091,0.85492,0.37843
202.39437,0.56349,0.49412
176.71233,0.45342,0.68431
304.91803,0.26407,0.54706
87.64706,0.72857,0.72549
315.27778,0.97297,0.43529
354.37500,0.72727,0.82745
226.51685,0.71774,0.48627
113.07692,0.39000,0.39216
319.06977,0.57333,0.44118
142.50000,0.09302,0.66275
141.53846,0.61905,0.87647
32.30769,0.38462,0.66863
103.33333,0.31395,0.33725
158.67769,0.55251,0.57059
244.28571,0.43750,0.56078
288.27586,0.79817,0.57255
210.00000,0.09091,0.78431
181.66667,0.49091,0.43137
129.14798,0.92531,0.52745
34.54545,0.96491,0.66471
292.81437,0.96532,0.66078
235.54585,0.90514,0.50392
335.21739,0.58974,0.54118
78.85714,0.14644,0.46863
342.61364,0.74576,0.53725
257.14286,0.67407,0.73529
169.56522,0.75587,0.58235
143.47826,0.09020,0.50000
13.97260,0.64602,0.77843
199.37008,0.81935,0.69608
172.04420,0.81166,0.43725
272.82051,0.51542,0.44510
137.26027,0.48993,0.29216
220.13514,0.59200,0.49020
130.71429,0.82353,0.86667
82.10526,0.42986,0.43333
15.27273,0.22822,0.47255
345.71429,0.91304,0.09020
354.69388,0.65333,0.55882
98.87324,0.66355,0.58039
75.27950,0.64659,0.48824
185.85366,0.69492,0.65294
302.90323,0.51667,0.23529
52.85714,0.36842,0.44706
243.15789,0.62295,0.47843
176.91176,0.53968,0.49412
14.78673,0.90558,0.45686
141.25000,0.53333,0.35294
18.46154,0.20635,0.12353
347.36842,0.09948,0.37451
171.16279,0.52227,0.51569
8.86364,0.66667,0.74118
105.49020,0.61446,0.48824
356.35359,0.72112,0.50784
29.59459,0.80435,0.36078
206.25000,0.61538,0.54118
7.70642,0.66061,0.67647
212.94798,0.78995,0.42941
129.12000,0.85034,0.28824
262.66667,0.35433,0.75098
131.16279,0.17131,0.50784
308.78049,0.34454,0.46667
241.96721,0.29756,0.40196
187.58242,0.79825,0.44706
278.86792,0.94083,0.33137
161.40351,0.90476,0.62941
148.50000,0.80000,0.09804
174.92958,0.32420,0.57059
112.50000,0.98182,0.43137
356.84211,0.95000,0.07843
263.57143,0.76364,0.56863
49.41176,0.92248,0.74706
10.23529,0.68000,0.49020
26.72269,0.49378,0.47255
76.00000,0.89744,0.45882
251.16279,0.72269,0.46667
60.93023,0.77246,0.67255
117.31844,0.87317,0.59804
350.37975,0.98340,0.52745
24.78261,0.41071,0.43922
193.84615,0.39394,0.19412
136.70103,0.48744,0.39020
219.18367,0.83051,0.65294
45.36585,0.31783,0.74706
41.01266,0.95951,0.51569
155.00000,0.32000,0.70588
290.00000,0.21818,0.21569
344.81013,0.73832,0.20980
30.89552,0.63208,0.58431
306.59686,0.97949,0.61765
288.40909,0.83019,0.41569
341.75439,0.80282,0.58235
190.87500,0.86022,0.36471
120.84507,0.37173,0.62549
59.31818,0.88889,0.38824
334.73684,0.46341,0.08039
45.79882,0.75111,0.55882
349.33333,0.96567,0.54314
232.09581,0.74222,0.44118
3.80952,1.00000,0.62941
103.05882,0.39535,0.57843
69.71831,0.73958,0.62353
118.38926,0.68664,0.57451
260.90323,0.92814,0.67255
5.62500,0.78049,0.51765
74.05063,0.70536,0.56078
84.45860,0.62550,0.50784
136.96970,0.96117,0.40392
285.26316,0.33333,0.66471
324.54545,0.31731,0.59216
54.78261,0.50000,0.63922
82.95652,0.90551,0.24902
133.05882,0.93407,0.64314
144.48430,0.88142,0.49608
188.86957,0.97458,0.46275
67.38462,0.51181,0.75098
203.85542,0.43005,0.62157
147.90698,0.76786,0.43922
47.64706,0.15596,0.42745
327.05882,0.96226,0.58431
44.00000,0.88235,0.30000
184.61538,0.12381,0.79412
356.00000,0.28302,0.41569
256.00000,0.40909,0.56863
263.39623,0.76812,0.59412
204.54545,0.68750,0.56078
71.62996,0.98268,0.45294
92.44898,0.89091,0.56863
70.40000,0.44910,0.32745
217.26316,0.38462,0.51569
332.06897,0.56863,0.60000
79.57447,0.56175,0.50784
29.57143,0.59829,0.54118
157.19457,0.96507,0.44902
88.02198,0.86667,0.58824
13.89474,0.73643,0.74706
86.79612,0.77444,0.26078
217.00935,0.85600,0.24510
27.20000,0.94937,0.15490
266.80851,0.71212,0.25882
151.83673,0.61250,0.31373
335.17241,0.54717,0.89608
175.41985,0.62679,0.40980
346.10526,0.47739,0.60980
214.32432,0.94068,0.53725
342.18750,0.53333,0.47059
90.00000,0.47059,0.33333
52.90323,0.74400,0.49020
110.23810,1.00000,0.49412
66.66667,0.99000,0.39216
312.31788,0.97419,0.30392
39.78947,0.88785,0.58039
328.51485,0.86325,0.22941
78.60963,0.94924,0.38627
148.59375,0.96970,0.74118
67.78846,0.86667,0.52941
299.24051,0.71171,0.43529
351.79856,0.81287,0.33529
78.48341,0.82745,0.50000
129.57983,0.84397,0.27647
349.18033,0.98387,0.24314
232.50000,0.97436,0.69412
135.41899,0.79556,0.55882
316.27119,1.00000,0.53725
296.00000,0.21531,0.40980
276.15385,0.97500,0.31373
331.12500,0.90909,0.65490
258.91304,0.67647,0.73333
175.96154,0.65823,0.69020
208.23529,0.71429,0.53333
120.00000,0.23377,0.69804
226.27119,0.60204,0.61569
154.13793,0.22835,0.50196
232.63158,0.28358,0.39412
177.41007,0.69849,0.39020
274.71910,0.71774,0.51373
288.29268,0.33065,0.51373
109.02439,0.88172,0.63529
53.07692,0.96809,0.63137
115.30435,0.62842,0.35882
23.81443,0.84348,0.45098
68.88889,0.21600,0.50980
183.93443,0.88406,0.27059
38.86792,0.69432,0.55098
78.24561,0.78082,0.42941
151.23288,0.41714,0.65686
339.72973,0.66071,0.43922
91.26761,0.52593,0.26471
111.23077,0.66327,0.61569
171.11111,0.25962,0.59216
193.80952,0.53390,0.46275
143.24324,0.99107,0.43922
31.60000,0.71429,0.41176
163.21678,0.92258,0.30392
51.53846,0.44318,0.65490
301.16129,0.62753,0.51569
221.67939,0.64532,0.39804
165.45455,0.64706,0.20000
127.88571,0.86207,0.60196
291.42857,0.21739,0.68431
209.69072,0.86607,0.43922
217.83784,0.94872,0.45882
108.90411,0.73000,0.39216
351.58879,0.93043,0.22549
307.92453,0.55208,0.62353
217.65306,0.77778,0.50588
52.50000,0.69767,0.33725
345.61644,0.60833,0.47059
34.42105,0.77236,0.48235
98.40000,0.81699,0.30000
291.79856,1.00000,0.27255
252.55814,0.45745,0.63137
148.63636,0.19130,0.45098
288.75000,0.37647,0.33333
210.89109,0.61963,0.68039
0.00000,0.25472,0.41569
53.92070,0.94191,0.52745
165.12821,0.68421,0.33529
36.58537,0.33333,0.24118
63.59447,0.87149,0.48824
201.20690,0.93548,0.24314
45.00000,0.65979,0.38039
206.21849,0.99167,0.47059
43.53982,0.56784,0.39020
247.50000,0.65574,0.23922
153.88601,0.82833,0.54314
309.04110,0.31878,0.44902
359.43925,0.75887,0.72353
230.58824,0.35172,0.71569
202.30088,0.94958,0.46667
339.38650,0.83590,0.61765
63.36449,0.45148,0.53529
139.75610,0.36937,0.56471
327.77778,0.81000,0.39216
103.33333,0.59434,0.58431
143.57143,0.79545,0.34510
218.65031,0.73094,0.43725
237.89474,0.33333,0.66471
103.63636,0.75661,0.62941
97.34940,1.00000,0.51176
320.16000,0.89928,0.27255
100.00000,0.90756,0.53333
81.13208,0.90857,0.34314
241.98347,0.73333,0.32353
333.91304,0.34848,0.25882
164.84848,0.49254,0.60588
146.88525,0.75934,0.47255
285.14286,0.45455,0.54706
41.93548,0.98936,0.36863
246.78571,0.71186,0.53725
51.57895,0.45600,0.50980
295.38462,0.77381,0.67059
333.58974,0.92857,0.49412
324.25532,0.70149,0.13137
346.87500,0.84211,0.70196
283.78378,0.91736,0.47451
66.36872,0.75527,0.53529
71.20000,0.95745,0.53922
356.84211,0.90476,0.91765
342.00000,0.74074,0.57647
246.76056,0.36788,0.37843
172.54658,0.76303,0.58627
282.85714,0.41791,0.26275
290.81633,0.48515,0.39608
49.20000,0.23364,0.58039
12.66332,0.86900,0.55098
322.35849,0.92982,0.44706
76.52174,0.95833,0.28235
108.30189,0.64372,0.51569
277.63314,0.88482,0.62549
105.07772,0.84279,0.44902
199.02439,0.18552,0.43333
247.56303,0.95200,0.75490
350.57143,0.32110,0.57255
286.66667,0.31579,0.55294
215.91837,0.94839,0.69608
136.97561,0.87234,0.53922
236.66667,0.29348,0.36078
20.83832,0.86528,0.62157
265.71429,0.07692,0.35686
338.40000,0.86207,0.71569
325.60976,0.70690,0.45490
24.70588,0.81928,0.67451
212.27273,0.81481,0.68235
228.88889,0.55102,0.48039
15.65217,0.65714,0.93137
40.40816,0.39837,0.51765
265.36585,0.54185,0.55490
351.09375,0.90141,0.27843
232.07547,0.43089,0.48235
343.84615,0.54737,0.62745
174.20455,0.97778,0.64706
5.90164,0.36095,0.66863
318.46154,0.63556,0.44118
277.07317,0.82550,0.29216
207.59124,0.63721,0.57843
326.82353,0.87629,0.80980
159.34426,0.87143,0.72549
52.17391,0.30667,0.14706
296.73913,0.77311,0.53333
86.25000,0.73950,0.53333
156.81818,0.56410,0.45882
41.63265,0.80328,0.11961
144.39024,0.86014,0.28039
247.94521,0.90871,0.47255
248.69565,0.34673,0.39020
334.28571,0.40741,0.62941
100.97561,0.85417,0.18824
140.00000,0.75000,0.81176
92.16495,0.39271,0.48431
201.71429,0.85366,0.48235
37.32283,0.50198,0.49608
229.02857,0.89744,0.61765
140.80000,0.64655,0.54510
42.46575,0.97333,0.44118
347.58621,0.16201,0.64902
59.14286,0.56452,0.24314
56.33803,0.91416,0.54314
188.18182,0.27049,0.52157
22.27545,0.84772,0.61373
49.77273,0.76522,0.54902
230.46025,0.94466,0.49608
0.00000,0.69828,0.54510
171.30435,0.86611,0.46863
230.52632,0.44186,0.16863
252.45902,0.72332,0.50392
340.76336,0.68586,0.62549
48.40909,0.93617,0.18431
45.30612,0.38583,0.49804
347.53846,0.60748,0.41961
79.38462,0.98485,0.25882
178.24561,0.70370,0.47647
351.78947,0.53672,0.34706
342.35294,0.62963,0.15882
223.12500,0.54545,0.65490
249.60000,0.69444,0.85882
136.36364,0.97279,0.28824
102.55319,0.63801,0.56667
132.80335,1.00000,0.53137
354.54545,0.16923,0.38235
177.80488,0.90110,0.35686
238.68996,0.90514,0.49608
173.60000,0.29412,0.50000
313.72549,1.00000,0.70000
298.33333,0.29508,0.76078
176.30769,0.43046,0.70392
210.49180,0.49194,0.51373
104.57143,1.00000,0.41176
285.49020,0.95031,0.68431
15.44910,0.68724,0.47647
132.00000,0.77689,0.49216
117.56098,0.93893,0.74314
159.69231,0.80247,0.68235
309.67742,0.66524,0.54314
346.97143,0.97765,0.64902
111.21951,0.60591,0.39804
138.80000,0.68807,0.42745
138.15789,0.61290,0.75686
41.29032,0.90291,0.20196
266.94611,0.78404,0.41765
58.97436,0.63243,0.63725
334.40000,0.74257,0.80196
258.46154,0.10400,0.49020
186.39344,0.84722,0.28235
82.31405,0.48988,0.51569
125.20000,0.64655,0.54510
52.39024,0.91111,0.44118
6.22222,0.77143,0.34314
46.44068,0.71660,0.48431
178.88199,0.64659,0.51176
226.09756,0.91111,0.17647
316.03960,0.98058,0.40392
145.86207,0.52727,0.78431
316.09756,0.23429,0.65686
98.91892,0.37374,0.80588
81.92893,0.97044,0.60196
315.00000,0.75556,0.82353
314.69388,0.83761,0.45882
41.81818,0.74157,0.34902
104.80000,0.63025,0.53333
135.65217,0.23711,0.80980
10.44944,0.71774,0.51373
249.50000,0.76923,0.30588
207.76596,0.78333,0.47059
0.00000,0.16318,0.53137
245.58140,0.37391,0.77451
254.01198,0.98817,0.66863
201.92308,0.82540,0.49412
181.97802,0.45274,0.60588
203.33333,0.85714,0.49412
152.83019,0.85484,0.48627
164.25000,0.97561,0.67843
222.00000,0.40000,0.19608
58.95954,0.90576,0.37451
220.14085,0.72449,0.61569
242.21053,0.96939,0.38431
285.00000,0.99099,0.43529
324.78873,0.96380,0.56667
168.18182,0.54098,0.23922
261.66667,0.69231,0.40784
330.00000,0.08421,0.62745
227.64706,0.89474,0.22353
189.04762,0.55263,0.55294
171.05590,0.65182,0.48431
4.16667,0.35644,0.60392
168.26087,0.39655,0.54510
179.31429,0.79909,0.42941
283.54839,0.32979,0.63137
74.19355,1.00000,0.63529
117.85714,0.43750,0.25098
169.14894,0.47959,0.38431
316.55172,0.34118,0.83333
266.42202,0.96460,0.55686
244.28571,0.28571,0.38431
201.14537,0.96596,0.46078
160.69565,0.77181,0.70784
242.88462,0.83200,0.49020
90.00000,0.21154,0.40784
50.00000,0.74227,0.38039
352.61538,0.96059,0.60196
121.29032,0.76860,0.23725
254.69388,0.64474,0.29804
141.39860,0.80791,0.65294
16.88623,0.78404,0.58235
246.66667,0.16364,0.32353
118.42105,0.98276,0.54510
267.73585,0.54639,0.61961
166.95652,0.18400,0.75490
309.65854,0.84362,0.47647
291.52174,0.92929,0.38824
185.31646,0.47305,0.67255
5.22822,0.97571,0.48431
304.31655,0.83234,0.67255
188.57143,0.87500,0.68627
204.94382,0.36929,0.47255
47.79661,0.79372,0.56275
314.70968,0.77114,0.60588
56.64804,0.88177,0.60196
231.38462,0.89041,0.57059
105.55556,0.79412,0.73333
352.25806,0.40611,0.44902
269.04459,0.94012,0.32745
352.77108,0.63359,0.74314
137.14286,0.55556,0.75294
295.02762,0.76371,0.53529
347.21311,0.91045,0.13137
195.84906,0.55789,0.37255
247.10526,0.93827,0.68235
295.67568,0.59358,0.63333
293.33333,0.81000,0.39216
208.23529,0.16505,0.40392
222.85714,0.75796,0.69216
197.64706,0.37778,0.64706
276.75000,0.45977,0.34118
123.52941,0.65665,0.54314
93.04348,0.90393,0.55098
95.35714,0.50909,0.56863
336.63934,0.96063,0.49804
156.53631,0.78855,0.55490
156.96429,0.73684,0.70196
25.64885,0.74857,0.34314
325.53191,0.72308,0.74510
155.66434,0.85629,0.67255
277.50000,0.92308,0.54118
220.00000,0.49776,0.43725
24.37500,0.14815,0.57647
81.60000,0.88832,0.38627
298.60465,0.78182,0.21569
311.53846,0.25743,0.60392
207.34177,0.63200,0.24510
85.71429,0.88732,0.72157
292.85714,0.37838,0.43529
146.73913,0.78632,0.54118
83.60656,0.59804,0.60000
56.97842,0.89677,0.30392
203.43195,0.71308,0.53529
202.50000,0.18605,0.16863
86.25000,0.19512,0.32157
76.98113,0.81538,0.74510
301.03448,0.79091,0.43137
9.37500,0.30189,0.41569
239.31034,1.00000,0.65882
197.14286,0.56204,0.26863
112.61538,0.54622,0.53333
205.16129,0.75610,0.67843
81.25714,0.79909,0.57059
146.82353,0.37118,0.55098
39.40299,0.38728,0.33922
100.80000,0.89928,0.27255
132.00000,0.35398,0.55686
210.00000,0.15094,0.79216
39.27273,0.53922,0.60000
308.85246,0.76569,0.53137
19.11504,0.95763,0.46275
319.20000,0.56561,0.43333
20.00000,0.54217,0.67451
307.05882,0.07173,0.46471
276.76301,0.76889,0.44118
228.37838,0.96522,0.54902
82.14286,0.61765,0.73333
213.33333,0.60000,0.58824
82.33766,0.97468,0.53529
351.75000,0.40000,0.39216
141.81818,0.90588,0.83333
87.09677,0.39914,0.54314
226.09756,0.39048,0.58824
122.66010,0.86383,0.46078
15.00000,0.70455,0.65490
245.13369,0.86977,0.42157
343.01205,0.77570,0.41961
272.28700,0.89558,0.48824
120.72727,0.91160,0.64510
201.63934,1.00000,0.88039
192.94118,0.45536,0.43922
276.56250,0.43243,0.29020
255.91837,0.88024,0.67255
211.73913,0.60000,0.54902
24.79042,0.84772,0.38627
281.18182,0.93220,0.53725
310.25316,0.68696,0.54902
17.22222,0.58696,0.63922
111.81818,0.81053,0.37255
135.22388,0.91781,0.85686
281.69492,0.33714,0.34314
76.68293,0.87983,0.54314
163.25581,0.25749,0.67255
234.19355,0.93000,0.60784
331.23288,0.31602,0.54706
290.66038,0.87603,0.52549
252.95455,0.38596,0.55294
326.00000,0.30612,0.38431
293.33333,0.94521,0.57059
184.70588,0.91892,0.56471
277.73585,0.98758,0.31569
61.94595,0.87678,0.58627
313.58491,0.75355,0.41373
99.40828,0.67331,0.49216
301.24352,0.76892,0.49216
159.56757,0.73705,0.49216
293.78049,0.66667,0.48235
137.14286,0.83486,0.78627
338.53211,0.90833,0.52941
155.65714,0.94595,0.63725
26.01770,0.88976,0.75098
239.25000,0.67797,0.53725
142.31884,0.83806,0.51569
126.53465,0.46119,0.57059
189.55414,0.87709,0.35098
63.60515,0.96680,0.47255
22.50000,0.55556,0.42353
287.65714,0.76419,0.44902
258.96552,0.72500,0.47059
46.42857,0.62687,0.73725
127.79221,0.64706,0.76667
226.69683,0.95671,0.54706
222.85714,0.97610,0.50784
75.23810,0.44056,0.28039
339.09091,0.80488,0.32157
163.25581,0.50988,0.49608
210.66667,0.95745,0.72353
163.77049,0.49194,0.51373
301.18812,0.80159,0.49412
161.37931,0.14573,0.60980
237.17647,0.39171,0.57451
263.30579,0.96800,0.75490
79.80296,0.82186,0.51569
173.33333,0.22222,0.68235
351.37725,0.78404,0.58235
185.80645,0.36471,0.33333
33.40206,0.85841,0.55686
41.20879,0.85849,0.41569
244.61538,0.18841,0.40588
195.33835,0.74302,0.35098
121.46341,0.98400,0.50980
194.81481,0.97590,0.16275
93.48837,0.53975,0.46863
347.87234,0.41964,0.56078
188.35443,0.91860,0.33725
191.26761,0.90638,0.46078
293.12102,0.79695,0.61373
345.00000,0.83200,0.50980
75.34884,0.83226,0.69608
36.73469,0.78400,0.50980
287.88462,0.49524,0.41176
222.81081,0.74899,0.48431
227.06897,0.56863,0.40000
328.48485,0.81818,0.52549
37.20000,0.56180,0.34902
240.74074,0.75000,0.42353
106.45161,0.75000,0.48627
202.40964,0.50920,0.31961
319.59799,0.98030,0.39804
342.30769,0.67241,0.54510
260.00000,0.26214,0.40392
274.73684,0.58163,0.61569
316.80000,0.10638,0.53922
265.00000,0.82759,0.22745
117.40541,0.74297,0.51176
290.86957,0.57025,0.47451
35.05263,0.86364,0.43137
111.90698,0.96413,0.43725
83.37662,0.72642,0.41569
41.53846,0.12621,0.59608
308.27586,0.50877,0.33529
241.12150,0.51196,0.59020
95.00000,0.33333,0.21176
277.09677,0.87736,0.41569
236.77419,0.83784,0.78235
242.63158,0.90476,0.50588
176.52893,0.60199,0.60588
206.07143,0.70000,0.47059
241.30435,0.41818,0.56863
40.99379,0.93064,0.66078
133.63636,0.34737,0.62745
75.21127,0.65138,0.78627
284.44444,0.54000,0.60784
290.55556,0.56250,0.37647
211.11111,0.36486,0.29020
308.57143,0.91919,0.38824
175.71429,0.17647,0.46667
83.24324,0.70701,0.69216
213.60000,0.18797,0.26078
20.65116,0.98174,0.42941
358.16594,0.91968,0.48824
164.11765,0.98837,0.66275
89.26829,0.74545,0.21569
268.42105,0.95798,0.53333
244.44444,0.34177,0.15490
279.51220,0.56164,0.85686
157.31092,0.61658,0.62157
79.45946,0.71845,0.59608
109.81132,0.89076,0.46667
312.53731,0.72043,0.36471
51.08911,0.48792,0.59412
150.90909,0.90411,0.71373
150.37975,0.31727,0.48824
281.22137,0.55274,0.46471
256.68639,0.74449,0.44510
343.33333,0.59341,0.64314
180.35928,0.68163,0.51961
164.05594,0.62996,0.44510
42.90503,0.76170,0.53922
222.09424,0.83406,0.44902
199.31034,0.45078,0.37843
266.66667,0.35196,0.64902
283.86555,0.58049,0.59804
182.17742,0.97638,0.49804
42.00000,0.78125,0.12549
345.28302,0.90598,0.54118
76.46018,0.45382,0.51176
264.00000,0.28571,0.13725
173.41463,0.32283,0.49804
12.76596,0.24607,0.62549
21.13990,0.98974,0.61765
120.00000,0.85366,0.08039
198.75000,0.67797,0.23137
119.43925,0.96396,0.43529
43.44828,0.97753,0.82549
292.94118,0.75221,0.44314
346.32353,0.61261,0.56471
216.64122,0.59817,0.42941
154.05405,0.15745,0.53922
61.38728,0.74892,0.45294
208.15385,0.73864,0.65490
240.00000,0.08387,0.69608
281.53846,0.34211,0.29804
36.92308,0.89041,0.85686
170.82353,0.40670,0.59020
16.03053,0.84516,0.30392
223.76471,0.35865,0.46471
53.41935,0.82011,0.37059
338.57143,0.41525,0.46275
50.80645,1.00000,0.48627
53.53846,0.52846,0.48235
61.39535,0.68254,0.87647
160.21978,0.85047,0.79020
65.37313,0.82041,0.48039
261.49254,0.82716,0.47647
171.33333,0.70312,0.25098
242.50000,0.41739,0.54902
41.44330,1.00000,0.80980
113.33333,0.65854,0.67843
271.02273,1.00000,0.65490
151.57895,0.94570,0.56667
49.92366,0.67179,0.38235
191.20000,0.54745,0.26863
9.65517,0.78378,0.56471
313.01205,0.97647,0.83333
351.15789,0.61290,0.69608
276.76056,0.75532,0.63137
310.00000,0.71560,0.42745
199.53488,0.57848,0.43725
136.59574,0.61572,0.44902
349.89474,0.42986,0.56667
171.42857,0.80000,0.58824
288.13187,0.97849,0.36471
324.00000,0.27919,0.61373
157.83133,0.98419,0.49608
350.70423,0.71717,0.80588
179.40299,0.82716,0.52353
35.10204,0.90184,0.31961
359.06250,0.80000,0.15686
35.45455,0.46316,0.62745
76.78571,0.90323,0.63529
332.81250,0.93204,0.40392
1.70213,0.74603,0.37059
249.37500,0.34043,0.63137
311.63265,0.41525,0.46275
57.66234,0.86517,0.17451
198.40491,0.84456,0.62157
150.00000,0.07692,0.40784
268.62745,0.73913,0.59412
90.15228,0.94258,0.59020
126.66667,0.95745,0.46078
248.25000,0.45455,0.65490
355.38462,0.91228,0.77647
102.16216,0.22981,0.31569
328.15385,0.90278,0.28235
337.94872,0.49787,0.46078
225.90604,0.93711,0.31176
85.03597,0.95862,0.71569
273.80282,0.58678,0.47451
353.73134,0.87013,0.84902
95.76923,0.78788,0.38824
279.45205,0.65766,0.43529
302.52101,0.74843,0.31176
178.46154,0.50215,0.54314
151.70984,0.91469,0.58627
230.58824,0.54839,0.81765
247.44186,0.57333,0.55882
335.86957,0.47423,0.38039
112.22798,0.88940,0.42549
217.84615,0.84416,0.69804
238.86792,0.82812,0.25098
358.18182,0.16751,0.61373
152.00000,0.60000,0.50980
259.20000,1.00000,0.09804
25.71429,0.17949,0.15294
191.57143,0.90909,0.30196
355.71429,0.50515,0.61961
356.75676,0.89372,0.59412
142.44275,0.66497,0.61373
274.28571,0.34653,0.19804
81.16071,0.94915,0.53725
177.29323,0.58079,0.55098
278.50000,0.92308,0.74510
281.09091,0.87302,0.62941
4.28571,0.63636,0.74118
286.66667,0.39130,0.31569
329.08163,0.89908,0.42745
106.36364,0.28696,0.54902
323.92405,0.97531,0.31765
223.40426,0.85455,0.43137
219.75000,0.41667,0.62353
83.30097,1.00000,0.59608
209.03226,0.73228,0.75098
259.05882,0.77982,0.42745
18.80597,0.36612,0.35882
10.58824,0.15044,0.55686
247.50000,0.13559,0.23137
288.63158,0.81197,0.22941
16.18605,0.88477,0.47647
130.08000,0.80645,0.30392
209.23077,0.92126,0.50196
40.34483,0.51786,0.56078
343.63636,0.35106,0.63137
74.11765,0.10180,0.67255
345.28302,0.76812,0.59412
356.82353,0.70833,0.47059
339.37500,0.52033,0.51765
318.77551,0.86982,0.66863
205.26316,0.52569,0.49608
269.24370,0.66480,0.35098
253.63636,0.18033,0.76078
111.57895,0.81818,0.40980
147.67241,0.98305,0.53725
97.59494,0.71818,0.43137
157.39535,0.89212,0.52745
260.25000,0.49383,0.68235
253.60000,0.57252,0.25686
32.41379,0.82857,0.58824
70.74074,0.80198,0.60392
258.88889,0.38571,0.27451
226.07143,0.29787,0.63137
252.97297,0.72549,0.60000
213.23077,0.69892,0.63529
23.07692,0.80247,0.31765
33.02521,0.93701,0.49804
292.70718,0.90050,0.60588
347.72727,0.55000,0.52941
230.52632,0.89700,0.54314
101.19403,0.89333,0.55882
21.92308,0.50485,0.59608
9.74359,0.67630,0.66078
341.00000,0.73171,0.51765
17.75510,0.44144,0.43529
85.49020,0.62963,0.47647
189.09953,0.96347,0.57059
130.34483,0.80237,0.50392
94.13793,0.55238,0.58824
276.83721,0.93074,0.54706
197.14286,0.10000,0.72549
186.69421,1.00000,0.47451
246.90265,0.93388,0.47451
336.14458,0.91209,0.17843
127.27273,0.52800,0.50980
283.44828,0.46032,0.24706
353.77358,0.56383,0.36863
264.39024,0.72781,0.33137
347.29927,0.68844,0.39020
231.78082,0.48344,0.29608
240.00000,0.30769,0.45882
175.83333,0.70588,0.60000
64.80000,0.12690,0.38627
355.63636,1.00000,0.56863
309.78261,0.77966,0.46275
52.70270,0.33945,0.42745
81.72414,0.50435,0.45098
261.84971,0.74892,0.54706
157.64706,0.72857,0.72549
53.33333,0.56250,0.06275
292.09581,1.00000,0.32745
44.17582,0.84259,0.42353
53.90625,0.72727,0.34510
237.44681,0.85455,0.32353
128.33333,0.60504,0.53333
333.72973,0.80786,0.55098
333.70787,0.84762,0.79412
176.69492,0.99160,0.53333
137.53846,0.58559,0.56471
25.90909,0.66667,0.61176
267.42857,0.92105,0.44706
86.96629,0.58940,0.70392
19.05882,0.69106,0.51765
174.00000,0.84746,0.76863
89.18919,0.73267,0.39608
172.54658,0.92000,0.34314
270.26549,0.51598,0.57059
32.63158,0.95531,0.35098
313.68421,0.54286,0.41176
58.07487,0.83111,0.44118
305.96685,0.84186,0.42157
190.13514,0.78723,0.36863
100.80000,0.82938,0.58627
161.35922,0.50739,0.60196
320.48780,0.68333,0.76471
298.06452,0.29524,0.58824
189.70588,0.68000,0.39216
257.14286,0.85366,0.83922
213.69458,0.99024,0.40196
157.77778,0.98953,0.37451
356.59091,0.96703,0.35686
61.44578,0.77570,0.79020
94.00000,0.55556,0.21176
30.35714,0.66667,0.50588
180.85714,0.97222,0.85882
204.24490,0.99190,0.48431
97.19008,0.51055,0.46471
282.59259,1.00000,0.31765
12.95455,0.36975,0.46667
196.66667,0.35526,0.29804
72.00000,0.34653,0.19804
334.00000,0.50562,0.65098
121.37405,0.58744,0.56275
154.92537,0.53600,0.49020
19.88571,0.68627,0.50000
211.39535,0.34127,0.49412
12.50000,0.86747,0.32549
74.88372,0.83226,0.30392
245.52147,0.98788,0.67647
61.57895,0.84821,0.56078
140.96386,0.43915,0.37059
99.71223,0.93289,0.29216
286.71141,0.66816,0.43725
1.15385,0.30952,0.32941
232.61905,1.00000,0.50588
158.62069,0.86139,0.39608
328.07692,0.70270,0.43529
201.19565,0.94845,0.38039
105.00000,0.90323,0.24314
121.66667,0.99213,0.49804
56.75676,0.49333,0.85294
197.14286,0.86928,0.30000
338.59155,0.92208,0.45294
65.82524,0.85124,0.47451
219.38931,0.59276,0.56667
86.05263,0.33043,0.45098
203.85542,0.66400,0.24510
130.58824,0.22078,0.54706
279.72973,0.48052,0.69804
56.08696,0.21495,0.58039
132.00000,0.02674,0.36667
114.00000,0.10204,0.80784
299.74468,0.96708,0.47647
140.00000,0.40206,0.61961
290.52632,0.85586,0.78235
290.47619,0.42857,0.71176
327.42857,0.21212,0.32353
70.93596,0.93548,0.57451
74.57143,0.63636,0.43137
340.17857,0.91057,0.48235
25.54455,0.82114,0.75882
133.08271,0.76000,0.65686
225.92593,0.88043,0.63922
89.73684,0.95798,0.53333
112.94118,0.80952,0.79412
289.03226,0.80870,0.22549
222.35294,0.16832,0.39608
168.55263,0.64957,0.45882
154.53659,0.87983,0.45686
341.53846,0.91351,0.36275
157.33333,0.20179,0.43725
227.74194,0.68889,0.26471
266.33094,0.59657,0.54314
56.19718,0.56349,0.50588
229.75610,0.93182,0.34510
179.15493,0.55906,0.50196
140.84211,0.78512,0.52549
250.12987,0.95062,0.84118
245.37313,0.31163,0.57843
201.44928,0.97183,0.58235
343.66337,0.90991,0.56471
184.02439,0.75229,0.42745
176.12903,0.84545,0.43137
336.70588,0.36481,0.54314
349.45946,0.62185,0.53333
317.69784,0.79429,0.34314
101.78571,0.71795,0.84706
36.41618,0.69478,0.51176
34.28571,0.08300,0.49608
306.46154,0.84416,0.45294
197.64706,0.90265,0.55686
157.46193,0.91628,0.42157
193.94366,0.79775,0.34902
135.57252,0.64532,0.39804
154.44444,0.36986,0.71373
301.04348,0.48523,0.53529
112.04082,0.59036,0.32549
193.10924,0.75796,0.30784
64.95413,0.60894,0.35098
7.37705,0.53982,0.44314
273.33333,0.94737,0.55294
150.24793,0.57895,0.40980
240.00000,0.45299,0.54118
37.14286,0.89362,0.18431
238.61272,0.84390,0.40196
128.30769,0.83333,0.30588
208.81890,0.65128,0.61765
149.56522,0.45098,0.30000
120.00000,0.91736,0.52549
129.89691,0.77600,0.49020
202.78481,0.92941,0.66667
268.04734,0.91351,0.36275
47.83784,0.56061,0.74118
234.03727,0.73516,0.42941
45.16854,0.66917,0.26078
130.82707,0.71123,0.36667
172.40964,0.66935,0.51373
286.95652,0.20721,0.78235
102.63158,0.55882,0.73333
2.34783,0.97458,0.46275
144.28571,0.57798,0.57255
223.90909,0.94017,0.54118
217.29730,0.67273,0.89216
70.90909,0.08730,0.50588
250.87500,0.71429,0.56078
76.71642,0.98049,0.40196
8.85906,0.90303,0.67647
114.44444,0.55102,0.38431
245.78313,0.44385,0.63333
9.94083,0.78605,0.57843
215.09434,0.89831,0.65294
306.62338,0.75490,0.60000
284.87395,0.82069,0.28431
230.55556,0.45378,0.46667
339.84000,0.74850,0.67255
333.81818,0.34591,0.31176
214.28571,1.00000,0.60196
85.71429,0.12575,0.32745
111.42857,0.90674,0.62157
13.63636,0.28571,0.69804
294.34555,0.96954,0.61373
26.87500,0.41739,0.45098
313.13869,0.98561,0.27255
132.85714,0.63636,0.56863
293.11475,0.85915,0.58235
131.57143,0.98592,0.72157
127.09677,0.42466,0.42941
262.96296,0.78641,0.59608
9.82456,0.81043,0.41373
316.39752,0.77778,0.59412
120.89552,0.30594,0.57059
288.79121,0.40088,0.55490
237.93103,0.31522,0.36078
266.72986,0.96347,0.42941
114.41860,0.34400,0.49020
255.25424,0.84689,0.59020
234.00000,0.22059,0.26667
134.38356,0.61864,0.53725
159.67742,0.31959,0.61961
356.47059,0.53125,0.87451
98.51528,0.94239,0.47647
3.89189,0.78059,0.53529
101.05263,0.40426,0.72353
198.89764,0.78882,0.68431
182.70270,0.59358,0.36667
