hue,saturation,value
173.76623,0.91667,0.32941
251.21495,0.83922,1.00000
81.45078,0.77510,0.97647
123.42857,0.73684,0.74510
97.56098,0.62755,0.76863
318.84615,0.77612,0.78824
6.66667,0.07965,0.44314
298.56000,0.58685,0.83529
125.96859,0.81277,0.92157
71.28713,0.42437,0.93333
264.33333,0.96257,0.73333
228.78505,0.95111,0.88235
189.37500,0.72727,0.17255
237.65854,0.92760,0.86667
277.71429,0.15695,0.87451
7.00000,0.96257,0.73333
135.69231,0.50781,0.50196
112.92135,0.95699,0.72941
134.81013,0.67234,0.92157
339.09091,0.86842,0.29804
90.47619,0.47368,0.52157
253.92857,0.89600,0.98039
60.53333,0.98684,0.89412
36.71642,0.46528,0.56471
308.57143,0.41481,0.52941
50.71823,0.73577,0.96471
2.63736,0.39224,0.90980
26.66667,0.04687,0.75294
63.52941,0.62673,0.85098
116.58228,0.66667,0.92941
108.57143,0.16667,0.49412
42.68041,0.40928,0.92941
121.22449,0.20332,0.94510
260.27027,0.77083,0.37647
197.69784,0.69849,0.78039
117.87879,0.90826,0.85490
167.26415,0.96364,0.86275
341.31148,0.68539,0.34902
216.22642,0.44538,0.46667
192.51534,0.81910,0.78039
339.58763,0.54190,0.70196
82.75862,0.43284,0.78824
263.18182,0.37607,0.91765
39.37500,0.93204,0.40392
129.79592,0.41880,0.45882
98.86364,0.42105,0.81961
170.05525,0.84579,0.83922
66.66667,0.34914,0.90980
120.72289,0.57241,0.56863
296.97479,0.97541,0.47843
21.17647,0.86932,0.69020
52.09756,0.93607,0.85882
274.37500,0.71111,0.52941
287.43243,0.67890,0.85490
163.63636,0.64706,0.40000
125.82524,0.54497,0.74118
187.05882,0.67699,0.88627
37.50000,0.82759,0.45490
51.96429,0.66667,0.65882
29.76378,0.68649,0.72549
106.87500,0.61538,0.20392
267.09677,0.60784,1.00000
108.18182,0.67692,0.76471
195.00000,0.60606,0.51765
122.24299,0.64458,0.65098
3.75000,0.07442,0.84314
189.47368,0.69343,0.53725
190.00000,0.63636,0.51765
319.31034,0.97207,0.70196
339.41606,0.64929,0.82745
63.91304,0.60526,0.59608
252.41379,0.24268,0.93725
292.28571,0.56911,0.48235
330.44335,0.97129,0.81961
312.85714,0.16800,0.98039
106.81614,0.91770,0.95294
317.14286,0.18026,0.91373
143.45455,0.63953,0.67451
344.40678,0.75966,0.91373
120.00000,0.97345,0.88627
141.60000,0.29412,1.00000
205.26316,0.51913,0.71765
340.00000,0.63158,0.29804
298.16327,0.50256,0.76471
56.59574,0.94631,0.58431
203.03571,0.88889,0.49412
226.19048,0.85714,0.57647
293.22581,0.33333,0.72941
230.25641,0.93600,0.49020
249.71429,0.47727,0.86275
111.37500,0.64257,0.97647
310.74627,0.66667,0.78824
234.00000,0.23364,0.83922
51.92982,0.81429,0.82353
167.05882,0.22467,0.89020
2.55319,0.21267,0.86667
280.48780,0.82000,0.58824
288.49741,0.87727,0.86275
216.99248,0.76437,0.68235
235.10204,0.41880,0.91765
268.47458,0.96721,0.23922
317.14286,0.97748,0.87059
341.93878,0.78088,0.98431
227.58621,0.25893,0.43922
256.70103,0.39113,0.97255
111.21951,0.35652,0.45098
330.00000,0.04188,0.74902
63.24324,0.18878,0.76863
121.72249,1.00000,0.81961
131.50000,0.64171,0.73333
186.42857,0.26291,0.83529
244.37500,0.40506,0.92941
219.88235,0.73276,0.90980
277.02857,0.82547,0.83137
329.55224,0.40854,0.64314
291.76471,0.40157,0.49804
314.41341,0.99444,0.70588
57.21854,0.59921,0.98824
333.41317,0.92265,0.70980
298.92857,0.26047,0.84314
295.71429,0.70391,0.70196
40.69565,0.45635,0.98824
10.38462,0.63415,0.32157
190.80745,0.64400,0.98039
348.59729,0.97357,0.89020
249.37500,0.35165,0.35686
121.81818,0.25984,0.49804
245.90674,0.96985,0.78039
244.10959,0.98649,0.29020
287.19101,0.36475,0.95686
106.36364,0.84615,0.91765
270.76923,0.63934,0.71765
214.05405,0.36634,0.39608
302.85714,0.63636,0.77647
344.00000,0.06073,0.96863
188.85714,0.88235,0.93333
249.92481,0.54959,0.94902
355.92233,0.81423,0.99216
155.55556,0.70742,0.89804
306.31579,0.63333,0.35294
145.10204,0.39676,0.96863
126.26866,0.84810,0.30980
188.02817,0.76344,0.72941
101.81818,0.77647,1.00000
279.20455,0.84615,0.81569
212.72727,0.56522,0.99216
240.59406,0.93519,0.84706
1.62162,0.91736,0.47451
19.33054,0.95984,0.97647
221.53846,0.55026,0.74118
52.84974,0.76285,0.99216
14.11765,0.40865,0.81569
231.07143,0.97110,0.67843
139.60000,0.81967,0.71765
11.42857,0.94915,0.69412
172.94118,0.19101,0.34902
55.33333,0.53254,0.66275
336.42857,0.90741,0.84706
225.25424,0.53153,0.87059
82.89855,0.96729,0.83922
326.82692,0.87029,0.93725
120.68966,0.69048,0.98824
142.22222,0.67839,0.78039
131.00000,0.84507,0.27843
220.85890,0.66803,0.95686
179.03226,0.82119,0.59216
31.74603,0.83628,0.88627
284.02878,0.62054,0.87843
95.90164,0.85315,0.56078
258.62069,0.99571,0.91373
153.46154,0.20884,0.97647
55.90909,0.75536,0.91373
65.35714,0.35000,0.62745
83.18182,0.58278,0.59216
248.94410,0.86559,0.72941
22.59740,0.57463,0.52549
95.50459,0.98643,0.86667
108.51064,0.41964,0.87843
176.86567,0.70157,0.74902
179.23077,0.44318,0.69020
103.39806,0.97630,0.82745
149.24051,0.73832,0.83922
249.20245,0.68487,0.93333
78.88112,0.79006,0.70980
280.00000,0.92195,0.80392
250.67797,0.52444,0.88235
221.48148,0.64032,0.99216
310.85106,0.88679,0.41569
289.91150,0.83704,0.52941
256.66667,0.65854,0.64314
29.44444,0.97297,0.43529
337.02128,0.69458,0.79608
83.14286,0.44025,0.62353
255.13514,0.49333,0.88235
48.19149,0.79325,0.92941
264.62687,0.83750,0.62745
291.87500,0.38095,0.98824
324.06417,0.89904,0.81569
334.88372,0.71074,0.47451
332.06897,0.73885,0.61569
119.31818,0.88000,0.78431
212.67857,0.46862,0.93725
148.20513,0.67630,0.67843
175.23810,0.57014,0.86667
351.56250,0.72316,0.69412
129.81818,0.91667,0.23529
316.90141,0.83529,1.00000
211.11111,0.13706,0.77255
255.57252,0.70811,0.72549
3.07692,0.59391,0.77255
130.37594,0.55882,0.93333
150.36145,0.50920,0.63922
77.70492,0.52814,0.90588
338.04878,0.36283,0.88627
243.50365,0.99275,0.54118
2.00000,0.73171,0.64314
146.66667,0.30583,0.80784
233.68421,0.88889,0.67059
30.44776,0.94366,0.83529
300.91603,0.60930,0.84314
351.60000,0.30120,0.65098
88.07339,0.46383,0.92157
182.33766,0.96250,0.31373
342.43902,0.82329,0.97647
336.25000,0.24000,0.78431
351.29032,0.92537,0.78824
174.80769,0.50485,0.80784
27.36842,0.69512,0.96471
296.04790,0.70763,0.92549
74.75410,0.96825,0.74118
212.35294,0.65806,0.60784
141.29032,0.69925,0.52157
69.23077,0.92083,0.94118
315.00000,0.07018,0.44706
199.79381,0.63816,0.59608
246.90909,0.81683,0.79216
283.98058,0.82072,0.98431
224.08163,0.28000,0.68627
215.78947,0.26147,0.85490
0.00000,0.80567,0.96863
148.20000,0.47847,0.81961
206.13861,0.73723,0.53725
155.49738,0.97949,0.76471
186.66667,0.43612,0.89020
126.50602,0.55705,0.58431
169.05660,0.91379,0.68235
290.00000,0.52703,0.58039
222.46154,0.78788,0.64706
28.11189,0.91667,0.61176
161.53846,0.41489,0.73725
256.84211,0.67857,0.32941
322.30769,0.89143,0.68627
209.56522,0.94954,0.85490
264.00000,0.21858,0.71765
291.04478,0.80723,0.32549
62.48521,0.78241,0.84706
329.27419,0.98024,0.99216
157.59036,0.93258,0.69804
346.05405,0.88942,0.81569
190.24390,0.68908,0.93333
296.00000,0.27607,0.63922
273.50649,0.39896,0.75686
11.85185,0.66393,0.95686
214.48819,0.71751,0.69412
192.00000,0.19231,0.61176
47.72727,0.91667,0.94118
123.62637,0.98913,0.72157
136.12903,0.40260,0.90588
52.28571,0.28455,0.96471
113.83178,0.55155,0.76078
295.00000,0.14035,0.67059
346.28571,0.57065,0.72157
180.00000,0.16309,0.91373
253.10924,0.53125,0.87843
230.00000,0.61538,0.30588
54.09091,0.98507,0.52549
339.82063,0.88492,0.98824
105.97403,0.45562,0.66275
277.95918,0.52128,0.36863
58.53659,0.34599,0.92941
149.01099,0.72222,0.98824
307.13287,0.56746,0.98824
21.53846,0.15726,0.97255
169.43662,0.75936,0.73333
88.88889,0.78099,0.94902
192.42604,0.79717,0.83137
100.37383,0.82946,0.50588
240.00000,0.77647,1.00000
133.78378,0.49007,0.59216
83.94495,0.96460,0.88627
343.75000,0.32215,0.58431
318.66667,0.17787,0.99216
120.00000,0.78022,0.71373
114.60674,0.47090,0.74118
250.00000,0.77419,0.97255
342.90909,0.69620,0.92941
176.02041,0.97030,0.79216
195.75758,0.54098,0.71765
320.00000,0.94872,0.91765
55.55556,0.68528,0.77255
327.85714,0.69136,0.63529
172.09302,0.77711,0.65098
22.41379,0.72500,0.94118
208.57143,0.88732,0.27843
36.36364,0.66000,0.19608
42.85714,0.27632,0.29804
72.52427,0.88793,0.90980
85.27778,0.85039,0.99608
140.00000,0.36207,0.90980
327.22689,0.60101,0.77647
107.38462,0.84416,0.90588
156.84211,0.97436,0.45882
174.00000,0.10471,0.74902
335.93220,0.88060,0.78824
165.50000,0.69767,0.67451
187.96875,0.63054,0.79608
284.55696,0.94048,0.98824
166.28571,0.32110,0.42745
9.90291,0.98565,0.81961
271.55556,0.54878,0.96471
312.11538,0.93694,0.43529
70.31250,0.75294,0.33333
54.28571,0.10769,0.76471
44.15094,0.75177,0.55294
240.48000,0.78125,0.62745
296.66667,0.62609,0.45098
195.40107,0.87383,0.83922
51.00000,0.29703,0.79216
261.31148,0.87143,0.82353
267.60563,0.96380,0.86667
220.74627,0.60090,0.87451
336.66667,0.57325,0.61569
330.00000,0.15859,0.89020
320.00000,0.56170,0.92157
13.44828,0.27358,0.83137
200.00000,0.41753,0.76078
54.72527,0.72800,0.49020
49.60000,0.31381,0.93725
180.00000,0.44262,0.71765
262.70270,0.90244,0.64314
99.76331,0.68145,0.97255
126.52174,0.34074,0.52941
238.62069,0.97207,0.70196
55.93220,0.56190,0.82353
18.64865,0.51389,0.56471
232.96875,0.76190,0.65882
11.78571,1.00000,0.65882
347.30769,0.99522,0.81961
248.94737,0.90476,0.98824
315.71429,0.26415,0.62353
32.78351,0.82553,0.92157
85.78512,0.73333,0.64706
301.17647,0.75556,0.52941
111.89189,0.84733,0.51373
88.04348,0.45545,0.79216
51.69643,0.89243,0.98431
94.66667,0.65534,0.80784
38.13084,0.54315,0.77255
83.43750,0.75740,0.66275
86.82353,0.55195,0.60392
68.66667,0.35714,0.98824
320.88235,0.98077,0.81569
150.00000,0.45418,0.98431
38.13953,0.56579,0.89412
239.39394,0.98020,0.39608
277.61194,0.85897,0.91765
328.57143,0.61765,0.93333
77.58621,0.35366,0.64314
270.94737,0.75397,0.98824
74.43609,0.67513,0.77255
65.45455,0.90411,0.28627
75.00000,0.84615,0.81569
168.83721,0.58371,0.86667
232.63158,0.68675,0.65098
262.10526,0.34545,0.43137
266.27219,0.81250,0.81569
166.25000,0.75000,0.50196
284.72727,0.82090,0.78824
246.66667,0.20930,0.84314
75.56757,0.74899,0.96863
259.18033,0.48606,0.98431
188.64198,0.96047,0.99216
76.20000,0.95238,0.41176
211.11111,0.93506,0.90588
48.83721,0.97727,0.86275
116.93431,0.83537,0.64314
270.00000,0.52336,0.41961
17.14286,0.74757,0.80784
219.37500,0.39506,0.63529
210.86705,0.72385,0.93725
72.69231,0.55914,0.36471
160.00000,0.46154,0.56078
155.46667,0.92593,0.95294
272.94118,0.92727,0.43137
342.37288,0.72245,0.96078
357.78689,0.97992,0.97647
17.83784,0.68519,0.21176
320.70796,0.45935,0.96471
107.74194,0.77500,0.94118
162.16216,0.88446,0.98431
135.24324,0.77406,0.93725
101.73913,0.41818,0.86275
290.55118,0.81410,0.61176
265.49223,0.82479,0.91765
3.21951,0.87983,0.91373
313.16327,0.84483,0.90980
190.30043,0.97490,0.93725
207.61905,0.60287,0.81961
275.59322,0.78146,0.59216
138.10651,0.69262,0.95686
190.56338,0.81609,0.68235
124.05405,0.39153,0.74118
355.50000,0.35714,0.43922
315.86207,0.67442,0.50588
72.00000,0.60811,0.29020
354.68354,0.73832,0.83922
230.28902,0.75877,0.89412
277.94118,0.85000,0.62745
176.17021,0.43119,0.42745
234.32432,0.90798,0.63922
348.24324,0.69811,0.83137
91.23288,0.68224,0.41961
67.60976,0.82329,0.97647
256.82540,0.81818,0.90588
322.00000,0.44776,0.26275
83.68421,0.85586,0.87059
292.78195,0.69271,0.75294
332.30769,0.73387,0.97255
209.37063,0.56299,0.99608
76.36364,0.09821,0.87843
332.82353,0.90909,0.73333
143.52941,0.92169,0.65098
27.97546,0.76526,0.83529
172.40506,0.65021,0.95294
218.32599,0.91903,0.96863
353.07692,0.61611,0.82745
92.30769,0.98734,0.92941
276.42857,0.85590,0.89804
143.20000,0.65789,0.44706
198.15126,0.55607,0.83922
4.04494,0.52047,0.67059
113.06122,0.70335,0.81961
228.88889,0.57857,0.54902
308.70968,0.93939,0.25882
250.83333,0.70936,0.79608
80.71942,0.59657,0.91373
322.10526,0.70000,0.74510
203.80165,0.66484,0.71373
255.00000,0.09756,0.96471
265.67308,0.89655,0.90980
119.27273,0.82915,0.78039
189.19708,0.62844,0.85490
61.70213,0.89241,0.61961
51.71053,0.69406,0.85882
143.02326,0.45263,0.74510
194.59459,0.56923,0.25490
209.79310,0.64732,0.87843
151.30435,0.10132,0.89020
216.89840,0.97396,0.75294
317.93103,0.67969,0.50196
94.11765,0.62195,0.32157
41.56098,0.85062,0.94510
99.56897,0.92430,0.98431
6.87500,0.40506,0.92941
261.55340,0.50490,0.80000
297.69231,0.99454,0.71765
135.67164,0.53815,0.97647
39.00000,0.95238,0.41176
321.05263,0.33728,0.66275
103.37838,0.58730,0.98824
178.23529,0.98837,0.67451
196.87500,0.28571,0.43922
61.39535,0.51190,0.98824
247.32824,0.63592,0.80784
207.50000,0.72727,0.51765
40.60606,0.46047,0.84314
265.80645,0.59615,0.61176
158.95522,0.56067,0.93725
178.55072,0.95833,0.84706
149.63415,0.79612,0.80784
300.00000,0.50000,0.83137
159.41860,0.73191,0.92157
172.28571,0.47945,0.57255
30.26087,0.92000,0.98039
171.69231,0.95122,0.80392
131.34146,0.82828,0.77647
74.86239,1.00000,0.85490
269.17431,0.48018,0.89020
185.21739,0.34328,0.52549
8.84462,1.00000,0.98431
74.16309,0.94332,0.96863
161.50685,0.70192,0.81569
310.85714,0.89362,0.92157
1.09091,0.91286,0.94510
114.87179,0.47951,0.95686
193.24675,0.64167,0.94118
33.75000,0.87500,0.50196
77.87234,0.72308,0.25490
270.00000,0.99608,1.00000
90.54545,0.32353,0.66667
240.00000,0.39286,0.54902
126.34615,0.57459,0.70980
258.57143,0.63959,0.77255
277.91411,0.84021,0.76078
179.59732,0.81421,0.71765
9.71831,0.76757,0.72549
177.15976,0.89894,0.73725
34.04651,0.97285,0.86667
100.00000,0.75000,0.37647
110.25000,0.63745,0.98431
198.33333,0.28125,0.50196
128.23529,0.44934,0.89020
326.54867,0.60428,0.73333
264.00000,0.32258,0.48627
44.71154,0.93274,0.87451
80.08368,0.97154,0.96471
353.50515,0.89401,0.85098
38.18182,0.88442,0.78039
126.00000,0.64327,0.67059
232.71845,0.86192,0.93725
264.28571,0.97674,0.50588
269.62025,0.36744,0.84314
234.44444,0.43902,0.96471
105.15464,0.55429,0.68627
300.00000,0.58929,0.65882
136.98113,0.95495,0.43529
239.45455,0.65868,0.65490
296.03524,0.99127,0.89804
111.83673,0.63090,0.91373
144.90566,0.80711,0.77255
356.88312,0.34685,0.87059
115.80420,0.84118,0.66667
202.08333,0.94118,0.60000
51.37500,0.93567,0.67059
279.71831,0.83529,1.00000
54.24242,0.81481,0.95294
180.85714,0.80000,0.68627
69.79592,0.49000,0.78431
256.92308,0.18483,0.82745
243.03797,0.94048,0.65882
41.18644,0.72840,0.63529
75.70093,0.86640,0.96863
8.85246,0.25207,0.94902
84.40678,0.69412,0.66667
244.00000,0.99174,0.94902
37.68293,0.88172,0.72941
125.80645,0.53680,0.90588
347.27273,0.84255,0.92157
344.03670,0.60556,0.70588
309.92126,0.52697,0.94510
294.11765,0.51515,0.38824
336.61538,0.91981,0.83137
258.38710,0.52991,0.91765
348.57143,0.66403,0.99216
11.50685,0.68224,0.41961
253.63636,0.26295,0.98431
64.54545,0.98507,0.52549
57.32484,0.90230,0.68235
39.23077,0.93413,0.65490
244.34783,0.76667,0.70588
64.10256,0.60622,0.75686
44.10596,0.61134,0.96863
33.44262,0.63874,0.74902
258.75000,0.85207,0.66275
308.62275,0.83500,0.78431
260.86957,0.56442,0.63922
210.39648,0.92653,0.96078
200.28777,0.58650,0.92941
176.57143,0.48276,0.56863
206.19048,0.80255,0.61569
143.79310,0.50000,0.90980
291.78082,0.61864,0.92549
338.02326,0.96629,0.69804
231.48649,0.77487,0.74902
135.00000,0.33962,0.83137
289.64602,0.89683,0.98824
213.48837,0.48045,0.70196
100.00000,0.78000,0.98039
291.54930,0.30603,0.90980
4.68750,0.32821,0.76471
81.63934,0.37195,0.64314
31.13924,0.31984,0.96863
16.82927,0.70386,0.91373
262.54777,0.72685,0.84706
144.45652,0.85981,0.83922
304.92537,0.81707,0.64314
54.16667,0.52941,0.53333
82.57426,0.47642,0.83137
257.96791,0.89048,0.82353
345.67164,0.56780,0.46275
8.68966,0.66514,0.85490
192.25532,0.92157,1.00000
78.82353,0.30909,0.64706
178.75000,0.38095,0.98824
314.09639,0.87831,0.74118
326.18182,0.29891,0.72157
144.78261,0.74797,0.48235
103.06452,0.80000,0.60784
290.59908,0.86800,0.98039
145.41176,0.63910,0.52157
148.30189,0.89831,0.23137
199.56522,0.34328,0.52549
250.50000,0.35088,0.44706
254.16667,0.72000,0.39216
94.19355,0.38115,0.95686
310.51095,0.58051,0.92549
17.33333,0.19651,0.89804
339.84733,0.60648,0.84706
178.66667,0.42453,0.41569
285.68182,0.55696,0.61961
56.00000,0.73770,0.23922
247.05882,0.60355,0.66275
75.61644,0.87952,0.32549
345.23810,0.73684,0.67059
280.95238,0.66316,0.74510
19.26316,0.80508,0.92549
171.76471,0.42678,0.93725
218.69565,0.73797,0.73333
136.36364,0.60000,0.43137
304.14634,0.98400,0.98039
261.49254,0.77011,0.68235
228.94737,0.26207,0.56863
8.75000,0.98969,0.76078
31.71975,0.91813,0.67059
73.58491,0.76812,0.27059
72.63158,0.48101,0.92941
111.05590,0.70925,0.89020
70.54054,0.47742,0.60784
120.67416,0.72065,0.96863
181.55172,0.92800,0.98039
30.24793,0.58738,0.80784
91.15385,0.36879,0.55294
160.45872,0.89344,0.95686
26.22222,0.57447,0.92157
337.28155,0.47907,0.84314
278.26087,0.84146,0.64314
186.51429,0.95628,0.71765
282.70270,0.67273,0.64706
213.65854,0.57477,0.83922
232.83582,0.37853,0.69412
240.00000,0.61053,0.37255
156.00000,0.52326,0.33725
303.60656,0.81696,0.87843
267.14286,0.97110,0.67843
147.11538,0.50242,0.81176
114.62687,0.41615,0.63137
26.66667,0.67220,0.94510
193.66337,0.56111,0.70588
310.25126,0.83264,0.93725
85.05495,0.38075,0.93725
46.31579,0.76339,0.87843
110.37037,0.66393,0.47843
331.20000,0.60976,0.64314
257.10280,0.88066,0.95294
115.23810,0.68478,0.36078
125.38462,0.81675,0.74902
266.53846,0.27660,0.73725
351.56250,0.62745,0.80000
252.54545,0.65868,0.65490
248.24176,0.71937,0.99216
344.65116,0.83092,0.81176
190.86957,0.59740,0.90588
282.09677,0.75152,0.64706
90.60403,0.59363,0.98431
207.97753,0.84762,0.82353
111.52941,0.85000,0.78431
20.00000,0.93750,0.50196
280.71429,0.92181,0.95294
2.76923,0.79592,0.96078
0.00000,0.13360,0.96863
163.22034,0.78146,0.59216
265.45455,0.53012,0.97647
43.84615,0.46847,0.43529
358.86792,0.33544,0.61961
32.41706,0.83071,0.99608
271.21951,0.66486,0.72549
346.15385,0.68980,0.96078
270.50000,0.49793,0.94510
200.15625,0.54468,0.92157
140.78740,0.65464,0.76078
49.57627,0.99578,0.92941
49.78723,0.89952,0.81961
347.84314,0.87931,0.68235
272.26415,0.92982,0.44706
105.42857,0.61947,0.88627
156.71642,0.80080,0.98431
356.53846,0.80000,0.50980
140.00000,0.76243,0.70980
56.91176,0.61261,0.87059
241.01695,0.52444,0.88235
332.21477,0.87135,0.67059
319.27273,0.76744,0.84314
136.90141,0.93421,0.29804
206.66667,0.30000,0.82353
222.60000,0.78431,1.00000
7.35849,0.79699,0.52157
114.30380,0.75962,0.81569
61.27660,0.21560,0.85490
150.85714,0.53030,0.77647
20.93750,0.76494,0.98431
13.33333,0.37657,0.93725
74.51613,0.86512,0.84314
220.00000,0.55102,0.96078
32.69841,0.96429,0.76863
316.36364,0.34375,0.25098
304.31373,0.80105,0.74902
36.75676,0.87402,0.49804
44.62312,0.78039,1.00000
107.63359,0.71196,0.72157
333.33333,0.18443,0.95686
241.66667,0.14694,0.96078
183.12139,0.89175,0.76078
184.00000,0.67839,0.78039
98.13084,0.60112,0.69804
336.66667,0.48387,0.72941
49.20000,0.63291,0.30980
221.53846,0.74590,0.47843
26.08696,0.73182,0.86275
239.07692,0.38922,0.65490
6.94215,0.74691,0.63529
287.60000,0.77720,0.75686
93.91304,0.34328,0.78824
213.47826,0.88462,0.61176
65.62500,0.31527,0.79608
276.45161,0.84163,0.86667
33.63636,0.26087,0.99216
47.47253,0.95288,0.74902
260.00000,0.96196,0.72157
196.84211,0.23554,0.94902
170.33898,0.97521,0.47451
109.77778,0.78947,0.67059
45.54217,0.69167,0.47059
277.91411,0.77251,0.82745
284.19162,0.86979,0.75294
212.67606,0.98611,0.84706
223.04348,0.46701,0.77255
254.57143,0.30568,0.89804
292.50000,0.51282,0.91765
134.11765,0.46789,0.85490
317.14286,0.66316,0.37255
210.61224,0.28161,0.68235
305.34031,0.76096,0.98431
104.32161,0.85776,0.90980
306.70391,0.90863,0.77255
216.05634,0.99533,0.83922
236.05263,0.76768,0.77647
320.16393,0.68156,0.70196
99.62264,0.96364,0.64706
347.41935,0.89423,0.81569
37.50000,0.17680,0.70980
348.00000,0.12605,0.93333
151.76471,0.82126,0.81176
220.95238,0.54783,0.45098
293.28358,0.77907,0.67451
181.66667,0.15063,0.93725
185.56701,0.47783,0.79608
310.56818,0.82243,0.83922
217.34694,0.39200,0.98039
67.68473,0.95305,0.83529
330.50000,0.99174,0.94902
118.22034,0.94400,0.98039
119.26829,0.67490,0.95294
205.14970,0.78774,0.83137
12.53731,0.58261,0.45098
164.92611,0.90222,0.88235
38.12155,0.92821,0.76471
178.09524,0.42857,0.57647
211.65354,0.55702,0.89412
98.78788,0.90826,0.42745
213.77778,0.65534,0.80784
265.20000,0.33557,0.58431
98.57143,0.20388,0.80784
105.88235,0.69388,0.57647
304.13793,0.29442,0.77255
9.29577,0.41040,0.67843
252.16783,0.76064,0.73725
242.44898,0.80769,0.71373
180.00000,0.61818,0.21569
15.00000,0.68670,0.91373
114.00000,0.76271,0.92549
277.50000,0.48120,0.52157
292.82609,0.58228,0.61961
328.06452,0.62626,0.38824
333.69863,0.57255,1.00000
98.37838,0.79856,0.54510
50.62500,0.14159,0.88627
4.10256,0.95902,0.95686
104.81928,0.85128,0.76471
130.00000,0.86441,0.92549
273.10345,0.34940,0.65098
326.84211,0.16102,0.92549
337.15736,0.90367,0.85490
180.63158,0.45894,0.81176
296.78571,0.68016,0.96863
13.43284,0.30876,0.85098
257.94393,0.82308,0.50980
231.42857,0.19774,0.69412
25.38462,0.31902,0.63922
102.08531,0.92140,0.89804
35.03356,0.90303,0.64706
96.09959,0.94510,1.00000
155.69620,0.34348,0.90196
191.05263,0.48927,0.91373
194.68085,0.82096,0.89804
95.14286,0.39548,0.69412
313.24675,0.49045,0.61569
38.40000,0.58140,0.16863
266.73575,0.92788,0.81569
21.56863,0.70507,0.85098
315.45064,0.95492,0.95686
221.34715,0.90187,0.83922
276.70588,0.57432,0.58039
245.42169,0.88770,0.73333
102.10526,0.36538,0.61176
36.66667,0.59016,0.71765
55.28090,0.83568,0.83529
161.75676,0.84091,0.69020
131.08280,0.92353,0.66667
59.41463,0.80392,1.00000
355.86207,0.30526,0.37255
95.12195,0.29078,0.55294
335.32995,0.83830,0.92157
197.41935,0.72515,0.67059
44.89510,0.64706,0.86667
63.68421,0.96610,0.46275
346.05634,0.66355,0.83922
280.94421,0.92095,0.99216
328.75000,0.78689,0.71765
146.44550,0.87552,0.94510
106.48352,0.73092,0.97647
230.66667,0.75949,0.92941
12.18750,0.27234,0.92157
162.75000,0.36036,0.87059
6.00000,0.24291,0.96863
124.95868,0.75625,0.62745
210.00000,0.51309,0.74902
254.91329,0.68924,0.98431
24.82759,0.78733,0.86667
121.93548,0.39407,0.92549
351.14754,0.34078,0.70196
128.78981,0.92353,0.66667
255.00000,0.30000,0.78431
166.29630,0.79803,0.79608
95.73529,0.71579,0.74510
191.52318,0.61885,0.95686
275.62500,0.58182,0.21569
144.21053,0.78621,0.56863
30.32967,0.81982,0.43529
160.25806,0.66524,0.91373
211.46853,0.65899,0.85098
290.80000,0.69767,0.84314
254.10138,0.90041,0.94510
270.29126,1.00000,0.40392
216.98113,0.90341,0.69020
9.57983,0.94821,0.98431
328.48101,0.83598,0.74118
232.14953,0.69935,0.60000
100.78431,0.67699,0.88627
317.06422,0.46383,0.92157
109.24528,0.85141,0.97647
151.35135,0.96943,0.89804
206.92913,0.50800,0.98039
12.25532,0.96311,0.95686
279.51220,0.80000,0.80392
325.71429,0.92647,0.53333
277.02128,0.33813,0.54510
236.49635,0.78286,0.68627
209.44785,0.96450,0.66275
171.86441,0.47390,0.97647
343.37349,0.72174,0.45098
157.89474,0.74219,0.50196
76.18257,0.99177,0.95294
111.52174,0.47179,0.76471
134.81013,0.77833,0.79608
324.17266,0.76796,0.70980
276.00000,0.65341,0.69020
217.50000,0.98765,0.63529
252.00000,0.97059,0.66667
46.71429,0.56911,0.96471
160.26316,0.69725,0.85490
151.33333,0.83333,0.42353
0.57143,0.84000,0.49020
15.92920,0.72903,0.60784
140.64516,0.89855,0.81176
13.56522,0.63889,0.70588
201.40541,0.76132,0.95294
112.13793,0.93548,0.60784
8.40000,0.63291,0.92941
87.09677,0.19136,0.63529
13.07692,0.44828,0.68235
277.40741,0.77885,0.81569
296.73469,0.58800,0.98039
240.00000,0.55288,0.81569
110.67961,0.57542,0.70196
127.01299,0.69058,0.87451
125.50459,0.66061,0.64706
167.14286,1.00000,0.16471
98.43750,0.75294,0.33333
187.94118,0.53333,1.00000
281.47651,0.74129,0.78824
19.42857,0.56452,0.72941
164.55090,0.86979,0.75294
159.39394,0.99000,0.78431
256.63866,0.87500,0.53333
115.62500,0.84581,0.89020
286.71141,0.61066,0.95686
22.83186,0.63842,0.69412
325.71429,0.40807,0.87451
38.84615,0.85246,0.71765
142.70270,0.71154,0.81569
335.00000,0.07453,0.63137
164.66667,0.89109,0.79216
280.13514,0.68203,0.85098
10.21978,0.95789,0.74510
36.66667,0.23789,0.89020
107.27273,0.14537,0.89020
193.19149,0.61304,0.90196
146.66667,0.90000,0.43137
208.18182,0.67347,0.38431
97.50000,0.32653,0.38431
129.34132,0.99405,0.65882
84.55696,0.95181,0.97647
68.73239,0.99533,0.83922
210.26087,0.52511,0.85882
290.72727,0.95652,0.45098
160.32787,0.99187,0.48235
213.98230,0.46311,0.95686
181.77778,0.96429,0.54902
28.65169,0.78414,0.89020
3.71134,0.94634,0.80392
234.33962,0.79500,0.78431
320.00000,0.59155,0.83529
204.38710,0.73810,0.82353
258.85714,0.91304,0.45098
216.07595,0.64490,0.96078
252.10084,0.80405,0.58039
174.22460,0.96392,0.76078
91.55556,0.61927,0.85490
72.41379,0.58586,0.38824
37.29730,0.88942,0.81569
212.94118,0.20400,0.98039
352.72727,0.67808,0.57255
274.13793,0.26728,0.85098
226.62651,0.97076,0.67059
283.97727,0.83810,0.82353
220.54054,0.48366,0.60000
242.79070,0.60849,0.83137
318.71560,0.52913,0.80784
141.13043,0.92369,0.97647
207.85714,0.17834,0.61569
72.63158,0.75397,0.98824
133.46154,0.95122,0.64314
280.66667,0.51724,0.68235
188.26531,0.77470,0.99216
196.14213,0.83830,0.92157
143.21608,0.90045,0.86667
351.31579,0.91566,0.97647
105.00000,0.15459,0.81176
170.00000,0.10405,0.67843
102.07792,0.98718,0.61176
8.57143,0.45370,0.42353
148.90052,0.94554,0.79216
182.30769,0.54622,0.93333
172.10526,0.67059,0.66667
288.00000,0.04237,0.46275
50.58824,0.50000,0.40000
120.00000,0.56180,0.69804
183.75000,0.47257,0.92941
181.42857,0.63636,0.25882
171.73653,0.89785,0.72941
358.85714,0.90909,0.90588
197.14286,0.38889,0.07059
338.37838,0.59043,0.73725
168.82759,0.67130,0.84706
285.64417,0.77619,0.82353
340.72398,0.92857,0.93333
275.02146,0.95102,0.96078
238.23529,0.46575,0.85882
130.80000,0.85227,0.69020
131.64179,0.58261,0.45098
118.70270,0.79399,0.91373
33.18182,0.53012,0.97647
123.36449,0.74825,0.56078
192.23684,0.83516,0.71373
348.46154,0.53886,0.75686
334.56221,0.98190,0.86667
80.68966,0.44615,0.50980
203.64532,0.83539,0.95294
146.63415,0.87983,0.91373
262.20000,0.45249,0.86667
51.54930,0.32870,0.84706
244.13793,0.35510,0.96078
111.78082,0.90871,0.94510
252.00000,0.15873,0.98824
185.50000,0.69767,0.67451
255.46392,0.88991,0.42745
116.00000,1.00000,0.17647
260.40609,0.77255,1.00000
54.33962,0.23556,0.88235
230.14925,0.66337,0.39608
265.28571,0.55336,0.99216
223.18471,0.71364,0.86275
112.77108,0.76852,0.84706
123.31034,0.94771,0.60000
73.37143,0.74468,0.92157
191.59091,0.52071,0.66275
309.44444,0.57143,0.74118
106.02740,0.69524,0.41176
343.24324,0.90984,0.95686
343.60825,0.97980,0.77647
130.61538,0.86093,0.59216
131.61290,1.00000,0.60784
103.25581,0.55128,0.30588
223.89474,0.74510,1.00000
111.47727,0.76856,0.89804
86.21849,0.95200,0.98039
289.48052,0.93333,0.64706
35.57143,0.77348,0.70980
110.58824,0.63354,0.63137
128.33333,0.74227,0.38039
329.84127,0.74409,0.99608
169.09091,0.81481,0.21176
38.02817,0.68269,0.81569
184.20000,0.56180,0.69804
328.67925,0.80303,0.77647
214.72081,0.94258,0.81961
213.75000,0.97166,0.96863
331.73913,0.87342,0.61961
262.35294,0.65385,0.61176
145.17857,0.95726,0.91765
300.00000,0.93000,0.78431
284.93151,0.98206,0.87451
102.52427,0.86555,0.46667
100.64516,0.14904,0.81569
209.61538,0.80829,0.75686
325.71429,0.92216,0.65490
334.50000,0.85837,0.91373
123.58209,0.66337,0.79216
302.72727,0.18182,0.94902
89.23077,0.30000,0.50980
130.20000,0.90090,0.43529
231.88406,0.85892,0.94510
246.94737,0.46569,0.80000
50.72165,0.66897,0.56863
168.83721,0.19725,0.85490
146.43357,0.73333,0.76471
257.00787,0.75148,0.66275
347.63819,0.91284,0.85490
240.00000,0.24242,0.90588
3.63636,0.71429,0.90588
23.02326,0.55844,0.60392
60.00000,0.60084,0.93333
37.80000,0.59524,0.65882
231.47929,0.76126,0.87059
88.25806,0.62500,0.97255
77.34940,0.70638,0.92157
301.73077,0.60819,0.67059
41.02941,0.71204,0.74902
126.85714,0.99190,0.96863
216.00000,0.18135,0.75686
129.12000,0.63131,0.77647
235.81395,0.55844,0.30196
206.84211,0.20765,0.71765
21.12245,0.98492,0.78039
300.00000,0.40909,0.51765
141.57303,0.39035,0.89412
225.00000,0.33333,0.23529
340.99010,0.94836,0.83529
176.40000,0.87719,0.67059
34.40000,0.35714,0.82353
281.92771,0.66135,0.98431
261.20690,0.54717,0.83137
240.98361,0.54955,0.43529
198.42105,0.69091,0.64706
38.46154,0.89655,0.34118
138.16901,0.71357,0.78039
353.29949,0.82773,0.93333
29.18919,0.26812,0.54118
20.70175,1.00000,0.67059
104.41558,0.52381,0.57647
133.86667,0.90000,0.98039
72.43902,0.72247,0.89020
316.20438,0.64019,0.83922
8.00000,0.43689,0.80784
179.67213,0.75620,0.94902
189.13043,0.28931,0.62353
154.75610,0.72889,0.88235
344.68085,0.75806,0.48627
276.84211,0.87245,0.76863
160.73684,0.77869,0.95686
66.98276,1.00000,0.90980
24.11215,0.42800,0.98039
157.35849,0.65702,0.94902
35.29412,0.95775,0.27843
214.41176,0.64762,0.82353
170.00000,0.26613,0.97255
0.00000,0.66397,0.96863
317.52809,0.62238,0.56078
260.38835,0.41036,0.98431
183.48214,0.92562,0.94902
190.34483,0.88776,0.76863
313.91304,0.44516,0.60784
323.73134,0.66667,0.78824
72.17391,0.89032,0.60784
51.25000,0.53631,0.70196
130.96154,0.69333,0.58824
9.37500,0.16931,0.74118
116.12903,0.82301,0.88627
183.08571,0.94086,0.72941
251.86047,0.34959,0.96471
286.53061,0.24378,0.78824
262.74725,0.76471,0.93333
118.18182,0.65347,0.39608
66.48649,0.74000,0.39216
330.98361,0.67403,0.70980
67.50000,0.57831,0.32549
204.00000,0.33333,0.58824
188.57143,0.70000,0.43137
321.81818,0.88000,0.68627
221.11111,0.21687,0.97647
106.20968,0.97638,0.99608
172.50000,0.23333,0.94118
329.18919,0.50917,0.85490
112.23529,0.99415,0.67059
66.66667,0.14118,1.00000
201.88679,0.63347,0.98431
0.78947,0.97436,0.30588
156.00000,0.50725,0.54118
223.03665,0.88018,0.85098
310.00000,0.83333,0.14118
301.12150,0.66460,0.63137
273.00000,0.57971,0.81176
22.90909,0.96070,0.89804
27.69231,0.10236,0.99608
141.00000,0.15873,0.49412
127.02703,0.48261,0.90196
299.04255,0.80342,0.91765
326.76923,0.56769,0.89804
173.42466,0.93191,0.92157
171.42857,0.17004,0.96863
38.65385,0.61176,0.66667
38.21053,0.75099,0.99216
172.77108,0.74439,0.87451
324.89362,0.45631,0.80784
301.36364,0.95652,0.36078
326.63265,0.78088,0.98431
36.00000,0.38690,0.65882
281.00000,0.28708,0.81961
356.14679,0.87200,0.49020
1.95652,0.96335,0.74902
47.14286,0.58333,0.94118
14.91525,0.85507,0.81176
132.55814,0.66667,0.50588
316.00000,0.46154,0.76471
322.16216,0.99107,0.87843
175.12195,0.51681,0.93333
274.32432,0.99552,0.87451
222.85714,0.74172,0.59216
250.56995,0.96985,0.78039
78.22222,0.66832,0.79216
34.28571,0.54959,0.94902
210.72000,0.66845,0.73333
249.79592,0.41004,0.93725
60.00000,0.40000,0.43137
229.23077,0.98113,0.62353
230.00000,0.28966,0.56863
27.92079,0.48325,0.81961
295.57895,0.88785,0.41961
179.22078,0.78974,0.76471
202.16749,0.99510,0.80000
44.44444,0.23478,0.90196
238.70968,0.48947,0.74510
211.25000,0.63436,0.89020
166.70886,0.74178,0.83529
239.40594,0.92237,0.85882
16.51007,0.60816,0.96078
238.48101,0.36744,0.84314
46.80000,0.50505,0.38824
318.36066,0.75934,0.94510
95.00000,0.17391,0.27059
30.98901,0.97849,0.72941
137.01493,0.35829,0.73333
133.82488,0.86800,0.98039
55.90909,0.87302,0.98824
356.05263,0.53147,0.56078
50.45455,0.33846,0.50980
218.95522,0.78363,0.67059
170.49505,0.71127,0.55686
315.21531,0.82283,0.99608
205.96154,0.59091,0.69020
55.10730,0.99573,0.91765
244.93506,0.90588,1.00000
63.46154,0.87395,0.46667
204.67532,0.95062,0.95294
91.33758,0.89205,0.69020
204.13043,0.78632,0.45882
82.75862,0.57540,0.98824
301.25000,0.28916,0.65098
16.31068,0.88412,0.91373
29.22078,0.64167,0.94118
328.47458,0.62105,0.74510
235.68862,0.72294,0.90588
245.10000,0.92593,0.84706
34.86486,0.44848,0.64706
62.34637,0.72764,0.96471
342.53731,0.55833,0.94118
273.64486,0.83922,1.00000
281.89944,0.87745,0.80000
187.77778,0.70435,0.90196
111.36364,0.54098,0.95686
111.42857,0.24852,0.66275
4.86486,0.82222,0.17647
320.18182,0.82707,0.52157
329.71963,0.83594,0.50196
205.75916,0.91388,0.81961
46.42857,0.86598,0.38039
242.95082,0.58095,0.41176
83.47826,0.45771,0.78824
201.44796,0.96087,0.90196
196.15385,0.53425,0.57255
270.56604,0.61628,0.33725
243.21429,0.24670,0.89020
74.14286,0.78212,0.70196
10.39370,0.54274,0.91765
306.84211,0.95000,0.94118
158.28947,0.64135,0.92941
75.10791,0.66507,0.81961
112.36364,0.56122,0.38431
241.84049,0.65200,0.98039
281.29032,0.49468,0.73725
256.46018,0.73377,0.60392
210.00000,0.96774,0.48627
29.74790,0.69186,0.67451
174.95798,0.72561,0.64314
272.76923,0.83871,0.60784
325.71429,0.94915,0.23137
268.75000,0.59627,0.63137
219.52096,0.71064,0.92157
270.66667,0.80000,0.88235
140.27778,0.84706,1.00000
308.57143,0.87892,0.87451
317.50000,0.29150,0.96863
145.21739,0.95833,0.56471
133.25000,0.98765,0.95294
99.64912,0.74672,0.89804
197.43243,0.69484,0.83529
329.41176,0.60714,0.32941
331.91489,0.66197,0.27843
321.29032,0.51240,0.94902
230.27027,0.90244,0.80392
280.90909,0.10837,0.79608
299.55882,1.00000,0.53333
134.89933,0.65351,0.89412
163.33333,0.78261,0.54118
276.92308,0.40625,0.37647
47.76699,0.81746,0.98824
20.00000,0.61111,0.63529
286.48352,0.91457,0.78039
126.92308,0.17931,0.56863
44.53125,0.78528,0.63922
261.93548,0.47938,0.76078
266.58228,0.34498,0.89804
350.22624,0.97357,0.89020
271.67702,0.70000,0.90196
286.36364,0.34921,0.74118
153.54331,0.63819,0.78039
316.44444,1.00000,0.52941
99.80769,0.51232,0.79608
321.62791,0.46739,0.72157
230.90909,0.71121,0.90980
270.61224,0.52688,0.72941
75.42857,0.88983,0.46275
230.71429,0.34711,0.94902
32.91667,0.77419,0.72941
6.48649,0.58964,0.98431
194.66667,0.38136,0.46275
178.37838,0.84733,0.51373
40.00000,0.22000,0.58824
104.73373,0.72222,0.91765
353.73134,0.35638,0.73725
15.55556,0.31395,0.33725
106.41509,0.73611,0.28235
159.13043,0.63448,0.56863
264.70588,0.58874,0.90588
195.00000,0.78008,0.94510
252.00000,0.40146,0.53725
186.31579,0.86857,0.68627
236.42384,0.63983,0.92549
74.31193,0.92373,0.92549
111.42857,0.41722,0.59216
170.60606,0.89593,0.86667
304.61538,0.27660,0.55294
307.81065,0.88021,0.75294
296.35359,0.84977,0.83529
23.15789,0.36306,0.61569
172.36364,0.76037,0.85098
284.31818,0.96703,0.71373
205.90909,0.42308,0.40784
142.36686,0.77523,0.85490
289.04348,0.76667,0.58824
71.66667,0.17476,0.80784
87.27273,0.44395,0.87451
306.71642,0.70526,0.74510
341.47059,0.37989,0.70196
292.63158,0.32571,0.68627
263.15789,0.77027,0.87059
323.44828,0.90625,0.75294
216.45570,0.39698,0.78039
148.29268,0.68715,0.70196
165.00000,0.27211,0.57647
173.19328,0.98755,0.94510
102.47788,0.83704,0.52941
181.07143,0.97110,0.67843
265.26316,0.23950,0.93333
41.03896,0.96653,0.93725
30.00000,0.37500,0.87843
332.36842,0.82609,0.36078
146.08696,0.84018,0.85882
188.51064,0.66197,0.83529
107.30769,0.45614,0.44706
125.10638,0.65888,0.83922
100.37383,0.95964,0.87451
65.62500,0.57658,0.43529
188.20144,0.67476,0.80784
269.64286,0.94915,0.69412
339.67742,0.56364,0.86275
105.97403,0.90058,0.67059
10.46512,0.42157,0.80000
244.84472,0.65182,0.96863
303.63636,0.93522,0.96863
233.46535,0.52604,0.75294
192.00000,0.65844,0.95294
255.67568,0.89516,0.48627
271.76471,0.55349,0.84314
338.18182,0.26442,0.81569
103.37349,0.32677,0.99608
77.39130,0.38764,0.69804
62.20408,0.96838,0.99216
333.83721,0.81905,0.82353
179.26829,0.80000,0.80392
228.19672,0.26407,0.90588
49.68750,0.77108,0.32549
128.88889,0.43548,0.72941
131.09244,0.96356,0.96863
301.63934,0.85514,0.83922
60.00000,0.83673,0.19216
171.01796,0.81068,0.80784
194.41860,0.71271,0.70980
313.38843,0.90977,0.52157
207.04225,0.91026,0.61176
331.60714,0.94118,0.93333
69.69697,0.51562,0.75294
229.68750,0.89510,0.56078
335.27027,0.78723,0.73725
158.78788,0.71739,0.54118
130.30303,0.46047,0.84314
121.69492,0.97790,0.70980
295.64246,0.88177,0.79608
340.80000,0.28736,0.34118
6.08696,0.54331,0.99608
138.11321,1.00000,0.41569
34.57627,0.54630,0.42353
132.58741,0.57430,0.97647
47.77778,0.85263,0.74510
300.63830,0.51087,0.72157
253.95349,0.23118,0.72941
6.00000,0.68182,0.34510
69.71429,0.87866,0.93725
357.93103,0.94694,0.96078
142.50000,0.52747,0.35686
357.33333,0.77586,0.68235
156.07843,0.98077,0.61176
68.85714,0.86066,0.95686
215.00000,0.32432,0.43529
233.01587,0.92647,0.80000
259.14286,0.82677,0.99608
201.45455,0.70815,0.91373
276.47059,0.26154,0.76471
258.68852,0.40667,0.58824
137.27273,0.55932,0.92549
69.29032,0.74163,0.81961
213.10345,0.17365,0.65490
191.79487,0.79054,0.58039
147.16981,0.84800,0.49020
107.29412,0.79439,0.41961
183.57143,0.45405,0.72549
13.76471,0.88083,0.75686
99.70588,0.54618,0.97647
97.15596,0.90456,0.94510
11.33333,0.75000,0.94118
251.88119,0.81452,0.97255
115.26316,0.69725,0.42745
101.52000,0.98814,0.99216
238.46154,0.90698,0.50588
112.28070,0.97714,0.68627
349.56522,0.09274,0.97255
18.44156,0.92032,0.98431
125.08475,0.73750,0.62745
87.01571,0.77016,0.97255
224.28571,0.59155,0.83529
272.47423,0.76680,0.99216
83.20755,0.42231,0.98431
294.33962,0.43443,0.95686
2.59259,0.73636,0.86275
163.77551,0.83404,0.92157
129.29577,0.46104,0.60392
198.00000,0.52885,0.81569
254.08163,0.63226,0.60784
129.85075,0.54918,0.95686
319.40299,0.83402,0.94510
356.21053,0.71429,0.52157
198.63014,0.99095,0.86667
96.00000,0.12195,0.64314
54.46154,0.52000,0.49020
100.75472,0.21721,0.95686
212.00000,0.18634,0.63137
131.53846,0.98113,0.41569
142.40000,0.47170,0.62353
258.91892,0.61667,0.70588
259.12088,0.43961,0.81176
109.01408,0.51449,0.54118
150.00000,0.27660,0.73725
75.00000,0.11494,0.68235
131.61290,0.93000,0.78431
203.07692,0.55556,0.91765
113.92070,0.97009,0.91765
199.34426,0.81696,0.87843
246.42857,0.58333,0.75294
213.52227,0.99197,0.97647
149.32584,0.90355,0.77255
298.70504,0.60435,0.90196
74.17085,0.79600,0.98039
238.00000,0.62241,0.94510
101.77570,0.85600,0.98039
49.23077,0.33913,0.90196
306.23377,0.39286,0.76863
159.23077,0.21053,0.96863
237.53425,0.60581,0.94510
160.42105,0.74510,1.00000
240.91603,0.60369,0.85098
97.56098,0.66848,0.72157
19.53488,0.94161,0.53725
109.85915,0.28063,0.99216
286.17512,0.93534,0.90980
172.34043,0.84685,0.43529
247.71429,0.84337,0.97647
167.14286,0.63636,0.43137
186.92308,0.68421,0.89412
301.81818,0.25984,0.49804
164.80519,0.61600,0.98039
16.30435,0.44444,0.81176
152.16216,0.95279,0.91373
249.23077,0.19697,0.77647
43.03030,0.86842,0.44706
204.29752,0.61421,0.77255
73.75000,0.23415,0.80392
50.41420,0.66798,0.99216
174.29752,0.96414,0.98431
245.35714,0.68571,0.96078
321.70213,0.43721,0.84314
255.09677,0.60784,1.00000
49.72973,0.94872,0.91765
54.04959,0.49794,0.95294
325.76471,0.73593,0.90588
19.65517,0.25551,0.89020
33.27273,0.70968,0.60784
338.97810,0.55918,0.96078
28.58639,0.91388,0.81961
11.92771,0.68033,0.95686
72.35294,0.44444,0.60000
331.11111,0.88889,0.95294
52.91339,0.57727,0.86275
206.25000,0.48731,0.77255
93.93939,0.47368,0.81961
217.38220,0.84889,0.88235
204.32432,0.64069,0.90588
57.64706,0.26425,0.75686
331.76471,0.06996,0.95294
24.11215,0.51691,0.81176
174.04959,0.84615,0.56078
231.89873,0.97934,0.94902
194.41341,0.80631,0.87059
148.00000,0.57692,0.91765
188.28947,0.61044,0.97647
356.44970,0.67600,0.98039
276.00000,0.05495,0.35686
111.81818,0.21569,0.80000
88.59813,0.59444,0.70588
151.44231,0.92035,0.88627
173.87234,0.94000,0.98039
139.09091,0.56652,0.91373
103.34802,0.95378,0.93333
247.43363,0.76871,0.57647
60.00000,0.23757,0.70980
34.11765,0.40476,0.49412
337.23077,0.98485,0.77647
186.99387,0.74771,0.85490
89.34307,0.78736,0.68235
76.48352,0.76471,0.46667
270.00000,0.75000,0.15686
46.84211,0.79720,0.56078
237.76398,0.69099,0.91373
215.13812,0.95263,0.74510
216.66667,0.54000,0.39216
156.81818,0.75862,0.22745
248.00000,0.16304,0.72157
167.20588,0.59649,0.89412
47.44186,0.85572,0.78824
126.06742,0.68462,0.50980
62.66667,0.95745,0.73725
314.70199,0.66814,0.88627
302.18182,0.97345,0.88627
254.46154,0.98485,0.77647
114.12587,0.93464,0.60000
32.72727,0.88591,0.58431
195.31915,0.96311,0.95686
177.44681,0.19421,0.94902
63.48387,0.65678,0.92549
183.71134,0.86222,0.88235
120.00000,0.23684,0.44706
48.00000,0.64972,0.69412
185.60000,0.83333,0.70588
92.63158,0.59375,0.75294
328.00000,0.88235,0.60000
235.00000,0.29508,0.47843
330.79646,0.85606,0.51765
53.25000,0.88889,0.70588
111.76471,0.99351,0.60392
0.44118,0.73118,0.72941
139.82143,0.46281,0.94902
7.27273,0.97059,0.53333
106.87500,0.67227,0.93333
136.11940,0.31455,0.83529
269.72222,0.96000,0.88235
158.07692,0.52792,0.77255
326.93878,0.48756,0.78824
0.00000,0.74502,0.98431
80.95238,0.82895,0.29804
249.89011,0.53529,0.66667
70.63291,0.81443,0.38039
140.41885,0.80932,0.92549
138.15126,0.77778,0.60000
296.37363,0.85446,0.83529
145.08197,0.93846,0.50980
230.80292,0.62273,0.86275
180.34483,0.80184,0.85098
217.20000,0.86580,0.90588
8.87324,0.81609,0.68235
74.31818,0.95652,0.36078
215.51020,0.35507,0.54118
356.93182,0.81481,0.84706
40.39604,0.87069,0.45490
31.57895,0.10795,0.69020
307.05882,0.69959,0.95294
231.79856,0.57676,0.94510
208.69565,0.37705,0.23922
195.93750,0.51822,0.96863
276.20690,0.75983,0.89804
253.90244,0.65339,0.98431
117.36264,0.42723,0.83529
330.41667,0.79558,0.70980
148.44828,0.93173,0.97647
316.47059,0.84066,0.71373
352.25806,0.88571,0.13725
260.90909,0.53012,0.97647
121.76471,0.76923,0.86667
190.00000,0.95385,0.76471
10.00000,0.39196,0.78039
38.46154,0.88136,0.69412
321.75439,0.90957,0.73725
34.42623,0.95812,0.74902
170.55118,0.66842,0.74510
304.14747,0.90795,0.93725
6.90909,0.83756,0.77255
88.72038,0.93363,0.88627
264.90000,0.87336,0.89804
3.13043,0.95041,0.94902
189.82759,0.84058,0.54118
281.05263,0.29008,0.51373
74.16667,0.72362,0.78039
149.36170,0.98947,0.74510
288.29268,0.64062,0.75294
193.04348,0.69697,0.25882
98.75776,0.71875,0.87843
297.46032,0.79412,0.93333
301.67442,0.94298,0.89412
207.69231,0.64039,0.79608
3.38028,0.36224,0.76863
275.12195,0.89130,0.90196
61.84615,0.78947,0.96863
132.13483,0.41589,0.83922
119.11765,0.67662,0.78824
54.28571,0.48837,0.84314
306.79245,0.60227,0.34510
8.23529,0.43404,0.92157
115.16129,0.86512,0.84314
120.26432,0.96186,0.92549
50.86957,0.51111,0.35294
317.22772,0.55495,0.71373
102.63158,0.23171,0.64314
62.93478,0.80349,0.89804
120.40000,0.71429,0.82353
52.50000,0.85393,0.69804
112.04420,0.80088,0.88627
102.21344,1.00000,0.99216
197.14286,1.00000,0.85098
149.23077,0.95510,0.96078
87.58621,0.46524,0.73333
320.66986,0.93722,0.87451
8.57143,0.93548,0.85098
31.37615,0.55330,0.77255
170.38168,0.57205,0.89804
195.37500,0.96970,0.64706
300.00000,0.79459,0.72549
256.76471,0.44737,0.59608
261.22642,0.83137,1.00000
117.93103,0.25664,0.44314
349.00524,0.94089,0.79608
178.44560,0.79424,0.95294
23.57143,0.60086,0.91373
355.26316,0.50667,0.29412
214.77273,0.37288,0.92549
169.09091,0.81915,0.36863
359.29412,0.42289,0.78824
353.40000,0.42017,0.93333
355.54455,0.93519,0.84706
243.94737,0.49351,0.60392
357.71429,0.42857,0.96078
326.30137,0.66972,0.85490
177.95455,0.35772,0.96471
316.41026,0.71341,0.64314
317.19298,0.91935,0.72941
353.11475,0.58095,0.82353
332.30769,0.80247,0.63529
184.32990,0.53297,0.71373
149.43396,0.64634,0.64314
64.59574,0.97917,0.94118
315.78947,0.60181,0.86667
251.32867,0.81250,0.69020
2.36842,0.93827,0.95294
308.05970,0.27801,0.94510
184.20561,0.86992,0.96471
340.00000,0.26939,0.96078
102.35294,0.81731,0.40784
290.00000,0.98230,0.88627
282.00000,0.31746,0.74118
49.67442,0.86694,0.97255
332.79070,0.68254,0.98824
102.24490,0.84848,0.90588
138.38710,0.60194,0.40392
158.49057,0.97248,0.42745
131.42857,0.75773,0.76078
322.81250,0.94581,0.79608
216.12903,0.40611,0.89804
2.50000,0.94737,0.29804
354.83871,0.39407,0.92549
175.53191,0.69118,0.53333
7.61194,0.83230,0.63137
80.96386,0.72807,0.44706
66.44295,0.80108,0.72941
268.50000,0.88889,0.88235
282.11921,0.67411,0.87843
227.26415,0.88333,0.94118
48.45070,0.91810,0.90980
60.00000,0.42500,0.47059
310.43478,0.85185,0.31765
331.40625,0.83660,0.60000
199.43662,0.54615,0.50980
194.34783,0.36948,0.97647
294.72222,0.88525,0.95686
42.00000,0.04237,0.92549
166.53061,0.21212,0.90588
221.69492,0.95935,0.96471
27.34177,0.42473,0.72941
120.00000,0.45333,0.29412
227.59777,0.70472,0.99608
316.80000,0.89686,0.87451
268.52459,0.39103,0.61176
254.28571,0.88318,0.83922
313.91304,0.80702,0.67059
243.91304,0.84663,0.63922
17.14286,0.16055,0.85490
140.82192,0.92797,0.92549
338.32258,0.68584,0.88627
175.00000,0.89083,0.89804
11.11111,0.85375,0.99216
240.00000,0.23529,1.00000
22.60870,0.99519,0.81569
337.50000,0.07207,0.87059
272.68966,0.84302,0.67451
337.84615,0.58559,0.87059
207.08861,0.96341,0.96471
300.65217,0.70229,0.51373
176.84211,0.73077,0.91765
136.92308,0.91406,0.50196
359.42308,0.95853,0.85098
56.84211,0.73786,0.80784
137.85124,0.63351,0.74902
270.27027,0.50000,0.87059
100.00000,0.24490,0.57647
220.78652,0.82407,0.84706
223.10680,0.44978,0.89804
10.08850,0.62088,0.71373
17.26027,0.74112,0.77255
171.78947,0.54286,0.68627
9.92481,0.82099,0.63529
233.20755,0.41406,0.50196
116.60377,0.31361,0.66275
49.00763,0.79394,0.64706
245.86466,0.91096,0.57255
83.30097,0.70068,0.57647
79.72603,0.60331,0.47451
324.64286,0.77778,0.56471
284.80000,0.66372,0.44314
250.69307,0.87826,0.45098
16.32653,0.76963,0.74902
318.79121,0.94792,0.75294
88.08511,0.20000,0.92157
26.06061,0.90000,0.86275
259.41176,0.38418,0.69412
341.73913,0.75000,0.72157
97.14286,0.29167,0.84706
291.83099,0.89496,0.93333
181.80451,0.85256,0.61176
280.90909,0.91667,0.84706
328.00000,0.40268,0.58431
249.30000,0.91324,0.85882
333.42857,0.90517,0.90980
26.31016,0.80603,0.90980
222.00000,0.40359,0.87451
201.57895,0.55340,0.80784
274.09091,0.26036,0.66275
18.36735,0.22273,0.86275
254.40000,0.14368,0.68235
105.58952,0.97034,0.92549
162.80255,0.63563,0.96863
351.06383,0.51087,0.72157
266.36943,0.70721,0.87059
162.47788,0.84328,0.52549
44.85981,0.60112,0.69804
348.75000,0.66116,0.47451
359.40000,0.83682,0.93725
354.66667,0.36585,0.96471
55.23810,0.51852,0.95294
290.12658,0.66109,0.93725
263.11927,0.71711,0.59608
329.32331,0.91724,0.56863
343.29897,0.52717,0.72157
0.92784,0.80165,0.94902
181.89873,0.90286,0.68627
154.28571,0.46667,0.35294
113.93258,0.40826,0.85490
313.03279,0.98387,0.97255
244.50000,0.16529,0.94902
26.04396,0.98913,0.72157
314.63415,0.36283,0.88627
66.88525,0.43262,0.55294
307.34694,0.36029,0.53333
1.38889,0.95154,0.89020
221.45455,0.90164,0.23922
125.86466,0.55417,0.94118
91.08434,0.35169,0.92549
182.66667,0.82192,0.85882
5.91549,0.71000,0.78431
126.31579,0.22093,0.33725
263.85542,0.45109,0.72157
35.20661,0.61111,0.77647
334.06780,0.97521,0.47451
308.57143,0.11814,0.92941
325.31250,0.80503,0.62353
85.41176,0.97701,0.68235
63.52941,0.22667,0.88235
292.14286,0.84848,0.38824
181.10092,0.51415,0.83137
234.00000,0.42373,0.92549
237.32143,0.95726,0.45882
174.92958,0.61739,0.45098
33.81818,0.97633,0.66275
10.76923,0.89655,0.68235
137.61468,0.44856,0.95294
174.85714,0.66456,0.61961
221.20482,0.58451,0.55686
95.12953,0.94608,0.80000
338.42105,0.60963,0.73333
132.60274,0.99095,0.86667
88.13793,0.57312,0.99216
146.32258,0.89595,0.67843
169.61538,0.32298,0.63137
118.23529,0.68000,0.58824
334.41176,0.39306,0.67843
115.20000,0.55556,0.52941
281.42857,0.89362,0.36863
230.07874,0.52263,0.95294
253.33333,0.15319,0.92157
128.72727,0.23504,0.91765
8.68966,0.88957,0.63922
272.11765,0.79812,0.83529
271.62562,0.84232,0.94510
269.87013,0.97881,0.92549
358.69565,0.78970,0.91373
140.86957,0.50365,0.53725
107.79661,0.46457,0.49804
85.12821,0.65000,0.70588
263.42857,0.88235,0.46667
217.53304,0.93802,0.94902
196.84932,0.90123,0.63529
322.50000,0.10256,0.30588
107.00000,0.44118,0.53333
148.30645,0.97638,0.99608
20.81633,0.82584,0.69804
93.94737,0.88372,0.33725
180.75949,0.68398,0.90588
29.01961,0.76884,0.78039
156.40777,0.82731,0.97647
195.67164,0.68367,0.76863
244.47205,0.81313,0.77647
75.50562,0.73859,0.94510
90.16043,0.87383,0.83922
195.23810,0.55752,0.88627
346.93878,0.60996,0.94510
56.75676,0.58115,0.74902
52.06897,0.87879,0.77647
152.39437,0.91416,0.91373
208.57143,0.19091,0.43137
356.25000,0.98765,0.31765
315.52941,0.36638,0.90980
62.85714,0.58065,0.85098
60.93264,0.82128,0.92157
289.04348,0.77181,0.58431
40.90909,0.57642,0.89804
292.70270,0.77895,0.74510
86.47059,0.34000,0.39216
85.76087,0.85581,0.84314
268.87500,0.66390,0.94510
340.00000,0.26250,0.62745
344.30233,0.71667,0.94118
319.49045,0.68559,0.89804
6.48649,0.48684,0.29804
285.19824,0.92276,0.96471
334.83871,0.93373,0.65098
246.90647,0.61233,0.89020
346.76471,0.75978,0.70196
346.28571,0.93960,0.58431
296.28866,0.81857,0.92941
344.83516,0.36111,0.98824
84.66667,0.36000,0.98039
349.92000,0.60096,0.81569
144.54545,0.92632,0.37255
101.70732,0.90110,0.35686
114.00000,0.31579,0.37255
149.30233,0.70879,0.71373
144.34783,0.91189,0.89020
225.81818,0.73826,0.58431
21.63934,0.32973,0.72549
44.09302,0.98174,0.85882
255.57252,0.68947,0.74510
154.96689,0.72596,0.81569
34.80519,0.98298,0.92157
82.87293,0.84579,0.83922
94.73684,0.76000,0.09804
39.00000,0.49505,0.79216
57.22543,0.71488,0.94902
8.90323,0.79082,0.76863
67.55906,0.75148,0.66275
320.00000,0.87342,0.30980
296.81416,1.00000,0.44314
241.48760,0.81208,0.58431
306.38298,0.42727,0.86275
274.34783,0.74194,0.72941
251.25000,0.68376,0.45882
239.55882,0.84472,0.63137
92.14286,0.35000,0.62745
240.00000,0.52542,0.92549
41.08108,0.75000,0.58039
307.33032,0.96507,0.89804
188.16000,0.72254,0.67843
180.00000,0.88571,0.68627
189.50495,0.48095,0.82353
304.74576,0.80455,0.86275
113.95349,0.79630,0.63529
108.50000,0.53812,0.87451
94.00000,0.94737,0.37255
53.92405,0.35111,0.88235
316.88889,0.75843,0.69804
290.76923,0.44828,0.90980
73.61963,0.68487,0.93333
0.00000,0.33708,0.69804
28.72340,0.60645,0.60784
176.80851,0.51366,0.71765
312.92308,0.63415,0.80392
103.86207,0.87349,0.65098
287.60870,0.86385,0.83529
252.45283,0.67660,0.92157
100.87912,0.61905,0.57647
196.77419,0.98936,0.73725
268.66071,0.89960,0.97647
348.00000,0.96916,0.89020
38.00000,0.57325,0.61569
185.66524,0.92095,0.99216
68.96552,0.37662,0.90588
54.66667,0.56962,0.92941
262.00000,0.90000,0.39216
217.21154,0.92035,0.88627
263.79310,0.83254,0.81961
85.20000,0.84746,0.46275
180.00000,0.03556,0.88235
300.00000,0.27679,0.43922
321.97183,0.35149,0.79216
263.15789,0.81429,0.27451
190.09901,0.49029,0.80784
314.75410,0.48800,0.49020
80.00000,0.14706,0.40000
139.02439,0.27891,0.57647
14.45026,0.75494,0.99216
78.62069,0.36025,0.63137
108.37838,0.94068,0.92549
136.90141,0.57258,0.48627
137.41935,0.48947,0.74510
240.85308,0.85425,0.96863
230.76923,0.69149,0.73725
256.89655,0.80556,0.84706
235.20000,0.24390,0.80392
305.80645,0.18452,0.65882
319.32203,0.29064,0.79608
277.42574,1.00000,0.79216
335.20000,0.39267,0.74902
89.58140,0.99078,0.85098
318.46154,0.58647,0.52157
330.00000,0.21978,0.71373
287.04545,0.37447,0.92157
275.19231,0.50732,0.80392
316.68449,0.78243,0.93725
150.69767,0.49425,0.34118
330.32609,0.76033,0.94902
82.97143,0.93085,0.73725
198.24561,0.67589,0.99216
157.19008,0.56019,0.84706
181.38462,0.55319,0.92157
110.80645,0.51883,0.93725
191.68831,0.90945,0.99608
287.43243,0.62712,0.92549
271.20000,0.56818,0.51765
291.21951,0.27333,0.58824
153.07692,0.94737,0.96863
61.93548,0.12757,0.95294
200.65574,0.48800,0.98039
305.00000,0.35714,0.65882
264.32432,0.52358,0.83137
24.60000,0.88496,0.44314
296.62921,0.89899,0.77647
257.14286,0.18792,0.58431
355.97015,0.58009,0.90588
149.13043,0.54545,0.99216
190.58824,0.44156,0.30196
185.80645,0.98190,0.86667
134.59459,0.24183,0.60000
28.67257,0.93388,0.47451
258.65285,0.94608,0.80000
281.19403,0.38286,0.68627
110.00000,0.12766,0.55294
245.06024,0.65873,0.49412
147.61364,0.69565,0.99216
187.76471,0.82126,0.81176
337.16129,1.00000,0.60784
144.84848,0.99000,0.39216
237.76744,0.91489,0.92157
213.12000,0.71023,0.69020
227.94258,0.83267,0.98431
64.00000,0.71429,0.08235
20.23669,0.71915,0.92157
289.41176,0.27530,0.96863
149.46746,0.71610,0.92549
138.62069,0.24576,0.46275
282.72727,0.77193,0.67059
290.32258,0.68132,0.35686
166.04651,0.38393,0.43922
93.96226,0.79899,0.78039
258.42520,0.90714,0.54902
138.23529,0.49756,0.80392
203.37662,0.92216,0.65490
198.20225,0.37083,0.94118
333.33333,0.68610,0.87451
151.33333,0.60000,0.58824
174.37500,0.69565,0.72157
100.00000,0.49333,0.88235
328.62385,0.98198,0.87059
73.00000,0.78431,0.60000
283.84615,0.23853,0.85490
146.31579,0.75000,0.89412
172.81690,0.73575,0.75686
19.87013,0.72300,0.83529
266.66667,0.59091,0.77647
120.00000,0.60976,0.80392
28.66242,0.95732,0.64314
97.50000,0.20513,0.45882
81.66667,0.29630,0.95294
11.48936,0.87850,0.41961
290.57143,0.95238,0.57647
265.14706,0.61538,0.86667
273.11475,0.77872,0.92157
178.27751,0.89316,0.91765
214.05405,0.49115,0.88627
184.13793,0.15026,0.75686
156.37795,0.90714,0.54902
313.44828,0.49362,0.92157
96.87500,0.55814,0.67451
33.84615,0.66477,0.69020
305.59322,0.57561,0.80392
340.16529,0.99180,0.47843
44.05063,0.82292,0.75294
113.77358,0.92174,0.45098
282.60870,0.32857,0.82353
56.12903,0.98413,0.49412
230.63415,0.90708,0.88627
138.80000,0.61224,0.96078
115.29412,0.99029,0.40392
152.78351,0.85463,0.89020
201.42857,0.95455,0.86275
302.30769,0.97908,0.93725
108.71287,0.80478,0.98431
57.14286,0.64815,0.63529
274.73684,0.58850,0.88627
213.13953,0.88660,0.76078
97.50000,0.72441,0.99608
188.80000,0.92593,0.63529
193.25153,0.84456,0.75686
8.04124,0.62179,0.61176
120.55556,0.80000,0.52941
356.92308,0.79592,0.57647
219.87097,0.83333,0.72941
194.76923,0.32178,0.79216
55.89474,0.86364,0.86275
150.47619,0.98438,0.50196
292.68293,0.80392,0.60000
278.91892,0.97368,0.89412
97.58621,0.84466,0.80784
188.57143,0.38182,0.21569
41.86047,0.65816,0.76863
253.15068,0.61864,0.46275
195.93750,0.83117,0.60392
329.10000,0.79681,0.98431
88.31776,0.95111,0.88235
271.27962,0.85772,0.96471
74.21053,0.82251,0.90588
180.00000,0.70051,0.77255
110.00000,0.27273,0.69020
88.07882,0.80876,0.98431
324.00000,0.95455,0.43137
226.39175,0.91509,0.83137
283.08511,0.82096,0.89804
330.52632,0.30481,0.73333
52.97297,0.93277,0.46667
302.09790,0.61905,0.90588
189.02256,0.76000,0.68627
7.88571,0.95109,0.72157
291.42857,0.15730,0.34902
301.63934,0.95312,0.75294
203.75000,0.45283,0.83137
120.53097,0.74834,0.59216
306.92308,0.51316,0.59608
33.33333,0.09783,0.36078
246.13953,0.93886,0.89804
180.85714,0.47297,0.58039
30.99338,0.61134,0.96863
11.68831,0.66957,0.45098
324.39560,0.68939,0.51765
22.14765,0.86127,0.67843
258.49315,0.81111,0.70588
212.21477,0.86628,0.67451
341.87919,0.94904,0.61569
261.06383,0.37450,0.98431
150.49180,0.95812,0.74902
261.39130,0.51111,0.88235
118.68996,0.91600,0.98039
185.62500,0.67606,0.55686
344.48276,0.23577,0.96471
278.18182,0.99052,0.82745
354.58333,0.73469,0.76863
85.36913,0.65351,0.89412
334.03509,0.80282,0.83529
204.92308,0.89041,0.85882
327.83505,0.42174,0.90196
264.80000,0.49669,0.59216
130.84337,0.58451,0.55686
55.31915,0.79661,0.69412
282.18182,0.79710,0.81176
207.07317,0.40000,0.80392
182.03390,0.58416,0.79216
133.42857,0.91304,0.90196
318.78261,0.59278,0.76078
345.73427,0.80791,0.69412
288.24742,0.89401,0.85098
85.93220,0.54884,0.84314
72.66932,0.98819,0.99608
94.37500,0.38554,0.97647
17.77778,0.65323,0.48627
340.94118,0.67460,0.98824
292.94118,0.77273,0.08627
248.00000,0.11905,0.49412
241.27119,0.99160,0.93333
138.37838,0.53883,0.80784
5.57377,0.75934,0.94510
261.00000,0.32787,0.23922
325.89928,0.60173,0.90588
308.90625,1.00000,0.50196
284.91429,0.85784,0.80000
112.84404,0.50230,0.85098
198.94737,0.36076,0.61961
217.05069,0.97748,0.87059
161.96721,0.76250,0.94118
310.81967,0.58095,0.82353
18.57143,0.97674,0.84314
319.10828,0.64876,0.94902
43.82022,0.40090,0.87059
45.00000,0.46602,0.80784
265.27919,0.82427,0.93725
49.27374,1.00000,0.70196
186.58065,0.69196,0.87843
73.40102,0.97044,0.79608
150.31579,0.71429,0.52157
47.50000,0.83721,0.33725
80.11173,0.96237,0.72941
194.06250,0.67725,0.74118
121.39535,0.76331,0.66275
269.83051,0.71371,0.97255
49.65517,0.50289,0.67843
256.27119,0.75966,0.91373
170.96774,0.50820,0.71765
250.49327,0.87451,1.00000
198.46154,0.67532,0.30196
111.81818,0.75122,0.80392
132.00000,0.72727,0.64706
91.94805,0.35484,0.85098
131.17647,0.68456,0.58431
168.63905,0.84080,0.78824
54.33962,0.66250,0.31373
136.20000,0.56818,0.69020
86.15385,0.50649,0.30196
192.18750,0.69565,0.72157
201.79104,0.83058,0.94902
316.77419,0.38115,0.95686
132.00000,0.75540,0.54510
314.65116,0.81905,0.82353
115.17241,0.44615,0.76471
23.15789,0.77027,0.87059
307.20000,0.11161,0.87843
313.56784,0.91705,0.85098
238.82353,0.56983,0.70196
237.77778,0.98381,0.96863
313.82199,0.87215,0.85882
200.81633,0.88554,0.65098
189.87342,0.70852,0.87451
291.08108,0.34742,0.83529
96.61765,0.68342,0.78039
168.57143,0.70000,0.82353
116.41026,0.47561,0.96471
280.78125,0.59259,0.84706
197.39130,0.59227,0.91373
176.87861,0.80465,0.84314
218.59649,0.79167,0.84706
222.08333,0.66055,0.85490
42.32877,0.58400,0.98039
332.15311,0.86008,0.95294
170.85366,0.82828,0.77647
238.96552,0.33721,0.67451
134.66667,0.90000,0.58824
168.00000,0.18248,0.53725
267.18750,0.97462,0.77255
128.04124,0.83621,0.90980
277.77778,0.31395,0.33725
229.25373,0.92627,0.85098
311.25000,0.32000,0.39216
184.20382,0.89714,0.68627
159.71014,0.81176,1.00000
204.61538,0.86283,0.88627
172.06612,0.65405,0.72549
83.22581,0.93939,0.77647
135.53957,0.58898,0.92549
322.18487,0.80952,0.57647
284.51613,0.12400,0.98039
196.71233,0.97768,0.87843
168.26087,0.19913,0.90588
291.25000,0.41558,0.90588
1.19403,0.98049,0.80392
258.05825,0.86920,0.92941
100.85890,0.83590,0.76471
233.33333,0.52381,0.74118
43.92857,0.30108,0.72941
59.56204,0.80117,0.67059
35.89744,0.72671,0.63137
249.26829,0.97619,0.49412
122.72727,0.26829,0.96471
267.69231,0.62400,0.49020
322.04082,0.79032,0.72941
158.18182,0.10377,0.41569
328.50000,0.96774,0.97255
67.91667,0.99310,0.56863
23.07692,0.31967,0.47843
198.83721,0.67717,0.99608
157.84615,0.35714,0.71373
139.14894,0.62389,0.88627
170.00000,0.33750,0.62745
310.08621,0.91700,0.99216
116.31579,0.91935,0.97255
13.33333,0.21514,0.98431
180.89552,0.29911,0.87843
346.04651,0.48864,0.69020
317.53846,0.28139,0.90588
183.18584,0.48498,0.91373
278.85714,0.91304,0.45098
175.71429,0.25112,0.87451
31.07143,0.22672,0.96863
224.26230,0.92424,0.51765
334.35897,0.66102,0.69412
106.25698,0.88614,0.79216
85.00000,0.73469,0.76863
131.61290,0.99200,0.49020
150.00000,0.65385,0.20392
247.75510,0.79032,0.72941
175.33981,0.47465,0.85098
327.16981,0.87603,0.94902
223.53982,0.98690,0.89804
316.76471,0.27755,0.96078
337.34043,0.80000,0.92157
121.33333,0.42056,0.83922
16.84211,0.80282,0.83529
54.04959,0.59606,0.79608
75.91837,0.32667,0.58824
6.20690,0.47541,0.95686
5.53846,0.48507,0.52549
207.69231,0.20635,0.98824
185.07042,0.58921,0.94510
224.39306,0.76549,0.88627
353.83178,0.49537,0.84706
240.00000,0.05093,0.84706
157.24138,0.91339,0.99608
332.97710,0.65174,0.78824
266.73913,0.92462,0.78039
41.35922,0.90749,0.89020
318.61111,0.96000,0.88235
343.78378,0.44578,0.32549
144.00000,0.58824,0.53333
244.69565,0.64246,0.70196
28.40000,0.59524,0.98824
346.66667,0.53425,0.85882
64.28571,0.15054,0.72941
273.55102,1.00000,0.96078
75.81395,0.76786,0.65882
136.36364,0.51163,0.84314
139.17160,0.67063,0.98824
359.57143,0.70352,0.78039
181.35338,0.61290,0.85098
338.40000,0.36946,0.79608
95.29412,0.37118,0.89804
327.34177,0.89773,0.34510
173.73134,0.72432,0.72549
17.23404,0.79325,0.92941
223.57143,0.42857,0.76863
315.75000,0.47904,0.65490
262.25806,0.82667,0.58824
226.66667,0.75000,0.94118
112.04082,0.38735,0.99216
254.61538,0.73239,0.83529
97.89474,0.87356,0.34118
132.88136,0.92670,0.74902
325.88235,0.93578,0.85490
255.97990,0.85043,0.91765
196.98113,0.67373,0.92549
127.76119,0.80400,0.98039
231.42857,0.38889,0.42353
31.11111,0.22785,0.92941
246.34615,0.96296,0.42353
273.66516,0.90574,0.95686
353.87755,0.89091,0.43137
121.35747,0.90574,0.95686
3.42857,0.56452,0.48627
114.59459,0.58730,0.74118
277.60000,0.61475,0.95686
240.00000,0.66270,0.98824
30.00000,0.18257,0.94510
343.04348,0.84663,0.63922
266.43564,0.84167,0.94118
123.71681,0.99123,0.89412
175.90909,0.89796,0.19216
203.50000,0.89552,0.52549
231.00000,0.57416,0.81961
171.62791,0.78539,0.85882
268.50000,0.94488,0.49804
185.58140,0.77477,0.87059
126.07595,0.45665,0.67843
55.51402,0.87705,0.95686
218.67769,0.74233,0.63922
65.80645,0.59330,0.81961
145.38462,0.60185,0.84706
325.71429,0.73134,0.78824
228.00000,0.69307,0.79216
192.92308,0.97990,0.78039
119.43396,0.61272,0.67843
249.78261,0.85981,0.83922
348.57143,0.46256,0.89020
214.09091,0.54772,0.94510
13.33333,0.31395,0.67451
90.00000,0.28194,0.89020
300.57143,0.90517,0.45490
250.73684,0.57927,0.64314
75.25424,0.37821,0.61176
354.97006,0.71064,0.92157
246.97674,1.00000,0.33725
143.83562,0.37056,0.77255
192.82443,0.73184,0.70196
151.84834,0.98598,0.83922
201.50442,0.99123,0.89412
40.80000,0.58140,0.33725
36.09023,0.68205,0.76471
181.55440,0.79424,0.95294
171.15789,0.77236,0.96471
144.28571,0.17500,0.94118
272.45902,0.84722,0.56471
317.89474,0.26761,0.83529
143.27869,0.81333,0.88235
306.87500,0.91429,0.41176
358.54545,0.76389,0.84706
19.13793,0.52968,0.85882
70.50000,0.24096,0.65098
133.61345,0.49583,0.94118
246.52174,0.68317,0.79216
8.20513,0.82979,0.55294
89.06250,0.39024,0.64314
71.83099,0.60169,0.92549
88.44622,0.98819,0.99608
344.28571,0.64615,0.25490
266.30542,0.84937,0.93725
0.00000,0.70229,0.51373
107.52212,0.93388,0.94902
273.46734,0.91284,0.85490
160.67797,0.81567,0.85098
238.82353,0.46364,0.86275
185.21739,0.71134,0.76078
94.35484,0.63265,0.76863
78.63636,0.74157,0.69804
7.91878,0.78175,0.98824
182.58373,0.89316,0.91765
274.10526,0.74510,1.00000
210.14493,0.89610,0.90588
336.09023,0.90476,0.57647
343.50000,0.80808,0.38824
336.96682,0.92544,0.89412
209.42308,0.95853,0.85098
1.64384,0.31878,0.89804
202.71845,0.41870,0.96471
121.48148,0.61364,0.51765
130.00000,0.73636,0.86275
308.27586,0.46774,0.97255
348.98551,0.94521,0.85882
37.85714,0.90811,0.72549
306.26866,0.26587,0.98824
262.73292,0.87500,0.72157
101.64706,0.71429,0.93333
311.79487,0.79592,0.57647
175.78125,0.54468,0.92157
314.62185,0.62632,0.74510
38.29787,0.53409,0.69020
335.08772,0.83415,0.80392
103.66864,0.96571,0.68627
314.74576,0.90769,0.50980
339.24528,0.82812,0.75294
236.66667,0.19565,0.36078
41.51351,0.91133,0.79608
108.34286,0.96685,0.70980
286.36364,0.39111,0.88235
316.36364,0.25191,0.51373
30.90909,0.78571,0.65882
55.71429,0.43750,0.37647
70.00000,0.43820,0.69804
138.03279,0.71765,1.00000
162.54545,0.46610,0.46275
122.15827,0.55600,0.98039
222.96774,0.79897,0.76078
133.02632,0.77949,0.76471
227.77778,0.89627,0.94510
284.05063,0.75238,0.41176
252.78689,0.96316,0.74510
74.09091,0.52800,0.98039
357.65625,0.96241,0.52157
61.35338,0.84177,0.61961
11.72414,0.39367,0.86667
137.57576,0.39286,0.98824
57.56098,0.64398,0.74902
145.17483,0.57895,0.96863
228.15789,0.91566,0.65098
136.07143,0.26667,0.82353
311.32075,0.28804,0.72157
278.40000,0.24631,0.79608
120.44118,0.59649,0.89412
62.50000,0.10714,0.87843
209.50000,0.53571,0.87843
333.96226,0.64634,0.32157
9.17647,0.64394,0.51765
165.54217,0.56081,0.58039
215.08475,0.94400,0.98039
40.00000,0.89189,0.43529
347.31707,0.50617,0.95294
175.75758,0.44395,0.87451
297.85714,0.45528,0.96471
300.00000,0.55046,0.42745
164.84211,0.51630,0.72157
196.81529,0.95732,0.64314
256.72131,0.92893,0.77255
67.85047,0.82308,0.50980
56.38554,0.38426,0.84706
239.24528,0.82383,0.75686
194.80851,0.98739,0.93333
198.66667,0.21226,0.83137
159.00000,0.08475,0.92549
83.66972,0.60221,0.70980
23.43750,0.51613,0.97255
261.39860,0.74869,0.74902
61.93548,0.59615,0.61176
276.66667,0.87805,0.16078
124.13793,0.91031,0.87451
244.35484,0.84932,0.57255
174.61538,0.61905,0.49412
40.20619,0.65101,0.58431
300.97561,0.58019,0.83137
78.73016,0.95455,0.77647
5.40541,0.69375,0.62745
31.50685,0.89754,0.95686
104.51613,0.67883,0.53725
25.62500,0.94118,0.40000
21.08108,0.28682,0.50588
260.86957,0.92000,0.39216
316.77419,0.89423,0.81569
66.19355,0.73113,0.83137
64.00000,0.68966,0.68235
204.84848,0.57225,0.67843
23.38235,0.62100,0.85882
10.76923,0.88636,0.86275
35.91837,0.66818,0.86275
75.78947,0.22892,0.97647
194.46809,0.77901,0.70980
20.45455,0.25000,0.69020
315.00000,1.00000,0.98824
177.55102,0.84483,0.90980
238.18182,0.76744,0.50588
0.00000,0.82123,0.70196
297.74436,0.73481,0.70980
289.82456,0.95531,0.70196
8.73786,0.69128,0.58431
86.16279,0.91489,0.73725
150.17964,0.75225,0.87059
327.86730,0.97235,0.85098
77.56098,0.94615,0.50980
236.00000,0.17241,0.68235
87.61062,0.57071,0.77647
123.52941,0.32692,0.20392
135.00000,0.05797,0.81176
54.78261,0.10177,0.88627
267.27273,0.72848,0.59216
182.43902,0.89130,0.54118
73.63636,0.36975,0.46667
286.50000,0.41667,0.75294
138.75000,0.34483,0.90980
354.47368,0.93061,0.96078
359.25000,0.70796,0.44314
220.13793,0.64444,0.88235
52.16080,0.89238,0.87451
88.70968,0.93000,0.78431
291.86441,0.78146,0.59216
39.48387,0.69196,0.87843
213.54839,0.37652,0.96863
187.27273,0.14602,0.88627
67.05882,0.30909,0.43137
326.76923,0.77381,0.65882
246.53226,0.98413,0.98824
60.00000,0.52344,0.50196
26.18182,0.58511,0.73725
346.87500,0.84211,0.29804
228.07229,0.97647,0.66667
180.40000,0.86705,0.67843
87.48092,0.69681,0.73725
51.47929,0.77169,0.85882
325.93220,0.48361,0.95686
213.55932,0.33333,0.69412
166.66667,0.53731,0.78824
214.12844,0.43426,0.98431
354.76190,0.60577,0.81569
250.75472,0.87603,0.47451
245.33333,0.88933,0.99216
166.54545,0.79710,0.81176
229.09091,0.19760,0.65490
354.15584,0.61111,0.98824
262.65306,0.60123,0.63922
188.87324,0.92810,0.60000
96.96682,0.95045,0.87059
320.47059,0.72034,0.46275
198.84817,0.77328,0.96863
5.36585,0.80921,0.59608
314.66667,0.54878,0.64314
297.89474,0.74510,0.60000
247.22892,0.77209,0.84314
344.55882,0.54183,0.98431
4.86486,0.69375,0.62745
249.68610,0.89919,0.97255
155.25000,0.50955,0.61569
158.04878,0.98086,0.81961
312.24490,0.60494,0.95294
167.82609,0.75410,0.71765
91.45374,0.95378,0.93333
155.25000,0.72398,0.86667
259.80000,0.58480,0.67059
52.40506,0.33054,0.93725
78.41584,0.99020,0.40000
263.50000,0.63158,0.74510
31.38462,0.75145,0.67843
225.29032,0.82888,0.73333
116.00000,0.81933,0.93333
298.88199,0.69099,0.91373
145.51181,0.78395,0.63529
240.00000,0.30830,0.99216
194.40000,0.45455,0.21569
332.50000,0.66403,0.99216
172.94118,0.63298,0.73725
97.55725,0.51779,0.99216
103.42857,0.52239,0.78824
352.00000,0.33632,0.87451
253.26633,0.84681,0.92157
357.44681,0.37751,0.97647
312.97297,0.71154,0.61176
19.89637,0.97970,0.77255
43.91061,0.73361,0.95686
315.40541,0.72195,0.80392
75.78947,0.22619,0.98824
57.12329,0.90683,0.63137
305.94059,0.47642,0.83137
203.57143,0.60345,0.90980
241.44578,0.36087,0.90196
311.59091,0.54321,0.63529
293.36683,0.86522,0.90196
344.34783,0.58974,0.76471
352.82051,0.54930,0.83529
113.40659,0.37143,0.96078
273.27273,0.50459,0.85490
57.36264,0.74590,0.47843
126.77419,0.33696,0.72157
172.13115,0.28111,0.85098
202.80000,0.68966,0.56863
81.33333,0.83333,0.63529
225.00000,0.53901,0.55294
109.21348,0.95699,0.36471
358.88889,0.84375,0.75294
240.00000,0.63529,1.00000
24.65347,0.83817,0.94510
230.05714,0.80275,0.85490
17.34940,0.39904,0.81569
25.71429,0.91304,0.99216
271.71429,0.54688,0.50196
165.65217,0.22886,0.78824
13.41176,0.69388,0.96078
188.14815,0.84375,0.75294
299.72477,0.93162,0.91765
211.87500,0.31683,0.79216
246.58537,0.49398,0.65098
24.58333,0.64865,0.87059
80.19802,0.50500,0.78431
248.27586,0.53704,0.63529
263.51351,0.61411,0.94510
98.52632,0.39583,0.94118
5.64706,0.57047,0.58431
176.29630,0.34615,0.91765
72.40223,0.78509,0.89412
228.48485,0.39759,0.97647
108.88889,0.31765,0.66667
14.24460,0.56048,0.97255
317.83784,0.37374,0.38824
251.29412,0.38813,0.85882
317.61468,0.78417,0.54510
254.31193,0.42745,1.00000
24.55814,0.85657,0.98431
49.04762,0.88112,0.56078
10.97143,0.98315,0.69804
29.41176,0.94009,0.85098
326.78571,0.76190,0.57647
130.00000,0.88000,0.88235
322.70270,0.88942,0.81569
167.77778,0.76056,0.55686
39.41176,0.99029,0.80784
316.55172,0.59487,0.76471
87.32143,0.71338,0.61569
153.60000,0.20000,0.49020
293.20755,0.42231,0.98431
20.68085,0.96311,0.95686
261.66667,0.18557,0.76078
174.64286,0.23932,0.91765
211.52542,0.95161,0.24314
252.00000,0.35176,0.78039
80.78740,0.56195,0.88627
257.14286,0.41667,0.98824
166.52174,0.72251,0.74902
215.65714,0.86634,0.79216
22.65957,0.91707,0.80392
356.10390,0.93902,0.96471
177.27273,0.94902,1.00000
201.17647,0.18280,0.72941
86.30769,0.72626,0.70196
290.72727,0.50926,0.84706
196.87500,0.24806,0.50588
305.83333,0.36181,0.78039
350.00000,0.69027,0.88627
41.80328,0.68156,0.70196
246.31579,0.41007,0.54510
116.66667,0.71429,0.49412
279.75460,0.78744,0.81176
241.05263,0.48927,0.91373
82.38806,0.54918,0.47843
99.45205,0.97333,0.88235
292.65306,0.92891,0.82745
323.43750,0.33684,0.74510
208.52941,0.82591,0.96863
158.75000,0.28235,0.66667
58.83495,0.99517,0.81176
29.34307,0.57083,0.94118
209.77099,0.91608,0.56078
295.90909,0.17460,0.98824
77.64706,0.82424,0.64706
49.78723,0.91262,0.80784
267.69231,0.75111,0.88235
2.56410,0.64286,0.71373
284.55446,0.81452,0.97255
218.92857,0.70293,0.93725
259.32203,0.75641,0.30588
205.44304,0.65289,0.94902
215.38462,0.90698,0.67451
282.43902,0.90608,0.70980
316.80000,0.52083,0.94118
66.52174,0.85981,0.83922
295.55556,0.22785,0.92941
354.83871,0.97382,0.74902
251.64179,0.40606,0.64706
344.49438,0.60135,0.58039
98.70968,0.20530,0.59216
145.57377,0.98387,0.48627
328.92857,0.53333,0.82353
300.00000,0.31304,0.90196
118.02198,0.40625,0.87843
267.39130,0.79654,0.90588
293.83178,0.67722,0.61961
252.69231,0.71233,0.85882
175.80000,1.00000,0.39216
69.47368,0.59843,0.49804
201.88679,0.73953,0.84314
142.85714,0.73256,0.33725
274.34211,0.95000,0.62745
77.33333,0.61644,0.57255
215.14286,0.90517,0.90980
345.69536,0.78238,0.75686
7.50000,0.23669,0.66275
134.70588,0.82258,0.48627
115.94595,0.76684,0.75686
191.11111,0.74586,0.70980
190.28571,0.96552,0.56863
155.56701,0.80165,0.94902
337.75281,0.38696,0.90196
46.40625,0.53782,0.93333
94.18605,0.86869,0.77647
36.42857,0.97391,0.90196
335.34247,0.57708,0.99216
276.61017,0.33146,0.69804
202.08955,0.99015,0.79608
164.28571,0.49412,0.66667
289.68153,0.66809,0.92157
176.66667,0.07895,0.89412
261.29032,0.93467,0.78039
90.00000,0.36257,0.67059
103.73832,0.45148,0.92941
34.64789,0.52206,0.53333
163.97516,0.70925,0.89020
175.45455,0.28821,0.89804
84.84848,0.95192,0.40784
56.15385,0.92857,0.65882
41.80645,0.61508,0.98824
249.55414,0.67965,0.90588
304.00000,0.75342,0.85882
13.33333,0.39320,0.80784
246.05769,0.86307,0.94510
49.16300,0.96186,0.92549
100.69307,0.85957,0.92157
62.28571,0.98131,0.41961
88.18182,0.86463,0.89804
351.42857,0.88732,0.83529
87.00000,0.33898,0.46275
33.75000,0.89243,0.98431
293.33333,0.46154,0.91765
191.25000,0.79012,0.31765
248.49558,0.91129,0.97255
138.16514,0.89712,0.95294
77.56757,0.97797,0.89020
290.21459,0.96680,0.94510
225.31469,0.79888,0.70196
244.54545,0.29075,0.89020
27.63158,0.80000,0.37255
295.66265,0.56849,0.57255
118.98305,0.31720,0.72941
111.06383,0.20614,0.89412
352.53886,0.89767,0.84314
41.25000,0.71910,0.69804
224.75000,0.96774,0.97255
250.90909,0.81915,0.36863
335.88785,0.77536,0.54118
13.48315,0.97268,0.71765
125.82090,0.88158,0.59608
189.09091,0.17187,0.75294
177.94286,0.78475,0.87451
328.59060,0.80978,0.72157
331.42857,0.83168,0.39608
137.50000,0.09639,0.97647
205.10204,0.57310,0.67059
280.80000,0.60976,0.96471
64.18605,0.28105,0.60000
283.63636,0.51163,0.50588
226.72131,0.53744,0.89020
3.65217,0.67647,0.66667
352.04819,0.73778,0.88235
349.18033,0.82432,0.29020
218.67769,0.87681,0.54118
207.84314,0.81818,0.73333
198.91304,0.37097,0.97255
97.05882,0.42500,0.94118
82.14286,0.94382,0.34902
190.43478,0.17829,0.50588
154.91525,0.82710,0.83922
270.18182,0.66000,0.98039
32.32877,0.96053,0.89412
156.71053,0.79581,0.74902
112.50000,0.43243,0.14510
338.10811,0.68519,0.84706
153.26733,0.92661,0.85490
170.98446,0.81780,0.92549
22.50000,0.84615,0.40784
94.58333,0.64574,0.87451
357.94872,0.46245,0.99216
230.00000,0.63380,0.55686
206.41791,0.74444,0.70588
266.80851,0.57669,0.63922
177.81818,0.53398,0.40392
198.20225,0.44724,0.78039
16.02484,0.93605,0.67451
326.25000,0.33333,0.94118
230.00000,0.56604,0.41569
162.66667,0.71053,0.74510
90.17143,0.87940,0.78039
48.38710,0.91626,0.79608
204.89362,0.41964,0.87843
283.57143,1.00000,0.98824
171.11111,0.97122,0.54510
324.65753,0.96053,0.89412
102.53521,0.86235,0.96863
28.47458,0.24380,0.94902
41.82857,0.76419,0.89804
90.00000,0.22979,0.92157
248.57143,0.22826,0.72157
91.76471,0.84530,0.70980
357.77778,0.64286,0.16471
130.43478,0.47179,0.76471
162.45283,0.42400,0.98039
261.53846,0.30469,0.50196
108.00000,0.86667,0.58824
108.80000,0.69444,0.84706
285.00000,0.82828,0.77647
336.20690,0.99429,0.68627
267.27273,0.77778,0.38824
245.76923,0.77612,0.52549
16.26168,0.63690,0.65882
247.87500,0.63241,0.99216
173.90625,1.00000,0.50196
158.80597,0.81048,0.97255
351.56250,0.27948,0.89804
117.00000,0.37559,0.83529
68.72727,0.84615,0.50980
327.80488,0.46857,0.68627
204.25532,0.64977,0.85098
26.21849,0.61658,0.75686
114.91525,0.81193,0.85490
130.08000,0.67204,0.72941
86.66667,0.65563,0.59216
240.55046,0.55897,0.76471
18.62069,0.84878,0.80392
49.47368,0.70661,0.94902
42.43902,0.48235,0.33333
244.77876,0.77931,0.56863
219.66942,0.83448,0.56863
111.27273,0.95930,0.67451
14.35897,0.75974,0.60392
208.44828,0.92063,0.98824
61.34831,0.70079,0.49804
167.67123,0.95217,0.90196
75.89404,0.65652,0.90196
240.00000,0.79798,0.77647
315.00000,0.69710,0.94510
43.97727,0.72428,0.95294
45.60000,0.12953,0.75686
37.65957,0.42342,0.87059
57.30337,0.67939,0.51373
110.07519,0.52362,0.99608
25.38462,0.60748,0.83922
4.78873,0.98611,0.84706
202.19178,0.29435,0.97255
145.38462,0.78313,0.65098
199.78022,0.98913,0.36078
281.29870,0.43017,0.70196
162.35294,0.20079,0.99608
222.35294,0.60714,0.65882
138.60000,0.59880,0.65490
199.09091,0.14765,0.58431
225.93750,0.94581,0.79608
96.92308,0.18396,0.83137
120.75000,0.77670,0.40392
204.40678,0.71951,0.64314
82.00000,0.30928,0.38039
185.76923,0.25000,0.81569
117.11538,0.64596,0.63137
216.00000,0.44843,0.87451
250.00000,0.42857,0.43922
67.01299,0.87500,0.34510
90.00000,0.45968,0.97255
351.57895,0.34132,0.65490
111.55556,0.84906,0.62353
110.16393,0.51695,0.92549
208.37838,0.95279,0.91373
257.62712,0.77974,0.89020
139.04762,0.51852,0.95294
191.70732,0.66667,0.48235
230.84746,0.68605,0.33725
103.63636,0.09442,0.91373
157.33333,0.95745,0.92157
43.27869,0.48221,0.99216
224.00000,0.51724,0.79608
8.18182,0.21154,0.40784
86.00000,0.72581,0.97255
346.12500,0.96386,0.65098
260.44444,0.64904,0.81569
298.77551,0.56977,0.33725
126.76056,0.62832,0.44314
123.61446,0.64844,0.50196
209.61538,0.88136,0.69412
295.42373,0.68605,0.67451
198.24324,0.87574,0.66275
344.13793,0.72500,0.47059
257.40933,0.94146,0.80392
178.51240,0.76582,0.61961
328.00000,0.50000,0.47059
222.58065,0.96875,0.50196
343.07692,0.34211,0.89412
236.06557,0.91045,0.52549
115.63636,0.59783,0.72157
325.31250,0.75294,1.00000
210.00000,0.89362,0.18431
3.64486,0.85259,0.98431
115.26316,0.83978,0.70980
111.42857,0.86344,0.89020
238.75000,0.57143,0.32941
260.76923,0.75728,0.80784
105.77320,0.88991,0.42745
258.07229,0.49112,0.66275
141.42857,0.17073,0.64314
39.62264,0.49533,0.41961
225.23077,0.28384,0.89804
333.57798,0.53431,0.80000
329.83425,0.95263,0.74510
230.93023,0.38739,0.87059
281.28713,0.80159,0.98824
81.81818,0.87417,0.59216
291.31579,0.63866,0.93333
190.90909,0.26190,0.82353
156.00000,0.69565,0.45098
102.59542,0.64532,0.79608
330.00000,0.22727,0.34510
74.49275,0.81176,1.00000
25.54217,0.99203,0.98431
174.89362,0.50000,0.73725
3.63636,0.28448,0.45490
248.04469,0.74274,0.94510
19.46809,0.95431,0.77255
109.82456,0.75330,0.89020
56.53179,0.72083,0.94118
168.97959,0.24378,0.78824
22.55319,0.61304,0.90196
332.69841,0.98953,0.74902
309.49640,0.56048,0.97255
170.76923,0.84783,0.36078
127.21311,0.78541,0.91373
196.50000,0.35398,0.44314
123.28767,0.85380,0.67059
273.00000,0.40816,0.96078
193.62162,0.87264,0.83137
199.25926,0.43085,0.73725
184.33735,0.48824,0.66667
10.81081,0.44048,0.98824
171.48936,0.69458,0.79608
127.84091,0.90722,0.76078
94.66667,0.19824,0.89020
158.46154,0.59091,0.25882
12.14286,0.70588,0.46667
129.40299,0.65366,0.80392
23.66197,0.41520,0.67059
271.11111,0.75000,0.28235
161.14286,0.94170,0.87451
181.51899,0.81026,0.76471
197.47573,0.48131,0.83922
139.32886,0.90854,0.64314
277.44966,0.67421,0.86667
322.04082,0.45794,0.83922
190.85714,0.66456,0.61961
309.75000,0.99379,0.63137
28.46154,0.75728,0.40392
210.76923,0.21667,0.70588
317.69231,0.98734,0.92941
18.46154,0.85849,0.41569
125.53846,0.26210,0.97255
309.23077,0.74713,0.34118
240.00000,0.81026,0.76471
113.92405,0.98137,0.63137
237.31343,0.81212,0.64706
268.96552,0.27488,0.82745
84.92308,0.61321,0.83137
110.31250,0.88889,0.84706
351.11111,0.45763,0.46275
216.00000,0.09346,0.41961
156.34286,0.95109,0.72157
57.93103,0.11934,0.95294
49.71429,0.66456,0.61961
90.00000,0.16667,0.04706
189.23077,0.23853,0.42745
160.27397,0.30290,0.94510
80.95238,0.26695,0.92549
141.12676,0.70297,0.39608
157.07865,0.97802,0.71373
154.23729,0.72840,0.95294
25.35211,0.94667,0.88235
217.82609,0.45320,0.79608
234.62687,0.49265,0.53333
334.63636,0.94828,0.90980
316.66667,0.62609,0.45098
346.49215,0.85268,0.87843
92.24670,0.93416,0.95294
43.25581,0.94714,0.89020
348.18182,0.26506,0.97647
198.34711,0.54505,0.87059
213.63636,0.47143,0.54902
159.51220,0.78344,0.61569
296.00000,0.41284,0.42745
60.00000,0.61667,0.23529
23.23944,0.87117,0.63922
304.80000,0.67873,0.86667
251.92308,0.61417,0.99608
347.14286,0.08861,0.61961
295.38462,0.06878,0.74118
110.40000,0.28090,0.34902
178.29787,0.77901,0.70980
321.42857,0.11864,0.46275
218.21656,0.66525,0.92549
44.26230,0.51046,0.93725
343.22034,0.73292,0.63137
240.00000,0.51176,0.66667
254.11765,0.84472,0.63137
278.67769,0.49388,0.96078
137.14286,0.72314,0.94902
260.71429,0.68852,0.47843
252.30769,0.98985,0.77255
189.64286,0.52336,0.83922
346.15385,0.82869,0.98431
90.41667,0.64286,0.87843
35.39568,0.64352,0.84706
191.94915,0.97119,0.95294
165.47368,0.67857,0.54902
94.08000,0.89928,0.54510
43.51648,0.83871,0.85098
286.04651,0.27215,0.61961
103.80952,0.89151,0.83137
198.42520,0.52917,0.94118
25.96154,0.95413,0.85490
325.36364,0.96916,0.89020
350.52632,0.66279,0.33725
282.85714,0.89216,0.40000
262.50000,0.80000,0.27451
199.83871,0.78981,0.61569
340.92166,0.96875,0.87843
219.82759,0.63043,0.72157
309.83051,0.77632,0.89412
355.02439,0.95794,0.83922
353.11005,0.93722,0.87451
211.00478,0.82609,0.99216
238.53659,0.57477,0.83922
125.62500,0.41558,0.60392
137.94872,0.86667,0.52941
89.07216,0.91080,0.83529
309.93865,0.97024,0.65882
352.63158,0.98276,0.68235
0.00000,0.51587,0.49412
101.38889,0.91139,0.92941
244.45415,0.95816,0.93725
293.33333,0.19737,0.89412
298.00000,0.13216,0.89020
34.32558,0.89212,0.94510
174.96183,0.54357,0.94510
14.31818,0.98876,0.69804
214.04494,0.96216,0.72549
148.81057,0.91165,0.97647
8.70968,0.88995,0.81961
41.07692,0.60748,0.83922
155.45455,0.25731,0.67059
331.25000,0.30189,0.62353
54.08867,0.88261,0.90196
343.80531,0.99123,0.89412
338.70968,0.70455,0.69020
231.52174,0.41818,0.86275
197.88079,0.96178,0.61569
228.00000,0.40179,0.87843
240.00000,0.22603,0.57255
250.62500,0.66667,0.56471
200.82645,0.76101,0.62353
61.71429,0.67742,0.60784
259.06250,0.86099,0.87451
289.52381,0.56250,0.87843
244.44444,0.83628,0.88627
336.00000,0.15504,0.50588
92.58883,0.81405,0.94902
90.98039,0.64286,0.93333
286.41509,0.75714,0.54902
287.51020,0.99190,0.96863
1.25000,0.81356,0.23137
198.21429,0.23431,0.93725
184.34783,0.83133,0.97647
230.05714,0.98870,0.69412
278.49057,0.65031,0.63922
249.47368,0.12338,0.60392
151.76471,0.88806,0.52549
111.81818,0.42308,0.61176
283.54839,0.26160,0.92941
54.40678,0.80822,0.57255
180.66667,0.94737,0.74510
134.34783,0.93401,0.77255
355.04587,0.86166,0.99216
298.81773,0.92694,0.85882
247.10526,0.40642,0.73333
326.74699,0.48538,0.67059
353.09353,0.82249,0.66275
97.86885,0.47843,1.00000
276.78571,0.70588,0.93333
183.44262,0.82993,0.57647
172.23214,0.96137,0.91373
310.00000,0.77551,0.57647
290.09174,0.49772,0.85882
25.50000,0.98522,0.79608
74.35583,0.68487,0.93333
291.35593,1.00000,0.46275
221.17647,0.80315,0.99608
266.92308,0.70909,0.86275
95.22936,0.59563,0.71765
235.71429,0.43922,1.00000
352.94118,0.38636,0.34510
338.49711,0.83173,0.81569
271.11111,0.75524,0.56078
213.30000,0.95238,0.82353
61.55172,0.58883,0.77255
261.21212,0.97059,0.80000
93.64162,0.87817,0.77255
253.29114,0.86339,0.71765
20.25000,0.74766,0.41961
127.11864,0.84286,0.82353
347.58621,0.23293,0.97647
270.96774,0.37959,0.96078
326.31016,0.99468,0.73725
94.11765,0.82258,0.24314
103.43891,0.96930,0.89412
241.03448,0.81690,0.27843
315.98253,0.95417,0.94118
216.98113,0.63347,0.98431
119.00000,0.39735,0.59216
153.15789,0.74146,0.80392
32.27273,0.76301,0.67843
139.45055,0.82353,0.86667
81.26582,0.83158,0.74510
97.50000,0.55967,0.95294
124.09938,0.80100,0.78824
300.58252,0.69595,0.58039
123.50877,0.79167,0.84706
179.06250,0.92086,0.54510
153.26425,0.79752,0.94902
57.63158,0.44444,0.67059
68.60987,0.89558,0.97647
289.81818,0.85938,0.75294
132.00000,0.45775,0.55686
293.47826,0.62443,0.86667
219.41860,0.77477,0.87059
205.20000,0.89820,0.65490
292.77778,0.68354,0.61961
196.28571,0.82840,0.66275
129.15254,0.85507,0.54118
61.00000,0.38961,0.60392
341.53846,0.15854,0.96471
345.67164,0.65049,0.40392
102.50000,0.67925,0.41569
107.59777,0.92268,0.76078
144.92308,0.98985,0.77255
226.53061,0.39516,0.48627
178.06452,0.12450,0.97647
171.60000,0.40486,0.96863
130.95238,0.56250,0.87843
23.88350,0.88412,0.91373
304.46512,0.90336,0.93333
1.58940,0.68636,0.86275
288.55491,1.00000,0.67843
195.14851,0.94836,0.83529
317.34104,0.76549,0.88627
254.37788,0.97748,0.87059
338.00000,0.93750,0.50196
198.23529,0.40316,0.99216
280.00000,0.94652,0.73333
30.30303,0.67347,0.57647
184.39024,0.64737,0.74510
167.81250,0.83843,0.89804
344.21053,0.67172,0.77647
139.41176,0.43038,0.30980
34.43478,0.82734,0.54510
152.08556,0.85780,0.85490
187.34694,0.60996,0.94510
339.75000,0.95238,0.65882
346.41026,0.92857,0.98824
84.08451,0.97931,0.56863
217.89474,0.43182,0.17255
344.69388,0.55682,0.69020
182.89157,0.71552,0.90980
288.47458,0.71951,0.96471
100.00000,0.14173,0.49804
171.62791,0.79630,0.42353
290.23256,0.54430,0.61961
356.60377,0.65164,0.95686
0.00000,0.97696,0.85098
240.00000,0.51082,0.90588
210.32967,0.82353,0.86667
129.84375,0.97710,0.51373
202.02532,0.40102,0.77255
158.66667,0.25281,0.69804
18.26087,0.58974,0.76471
288.94737,0.59375,0.25098
263.57143,0.49412,0.66667
260.89888,0.70635,0.98824
48.38710,0.14352,0.84706
225.66372,0.53052,0.83529
91.30435,0.71875,0.25098
173.72549,0.82703,0.72549
315.00000,0.32075,0.83137
123.15789,0.33188,0.89804
45.00000,0.67568,0.58039
93.27731,0.92969,0.50196
123.39623,0.38129,0.54510
52.13793,0.59671,0.95294
340.71429,0.33333,0.98824
331.61677,0.72609,0.90196
354.41860,0.30282,0.55686
258.00000,0.20921,0.93725
228.52941,0.84298,0.94902
171.22807,0.79907,0.83922
270.19608,0.68000,0.88235
154.46809,1.00000,0.92157
220.68493,0.74112,0.77255
197.40000,0.88106,0.89020
33.69863,0.30932,0.92549
342.73973,0.86905,0.98824
92.24490,0.83523,0.69020
108.92308,0.81761,0.62353
150.00000,0.75926,0.42353
290.00000,0.63830,0.18431
50.00000,0.60000,0.47059
227.68212,0.73301,0.80784
48.22430,0.46522,0.90196
305.35032,0.89714,0.68627
237.35849,0.90857,0.68627
287.48815,0.85425,0.96863
115.14451,0.72083,0.94118
301.76471,0.46897,0.56863
58.62069,0.75652,0.45098
110.52632,0.20430,0.72941
258.86598,0.82203,0.92549
129.92806,0.83735,0.65098
95.06494,0.92771,0.32549
239.36842,0.61290,0.60784
70.16949,0.70238,0.98824
334.59459,0.56633,0.76863
349.65517,0.39367,0.86667
304.39024,0.92481,0.52157
308.13559,0.42143,0.54902
296.68966,0.68396,0.83137
290.93023,0.39269,0.85882
120.00000,0.59242,0.82745
171.25828,0.70892,0.83529
259.70149,0.81212,0.64706
308.02548,0.62055,0.99216
48.79668,0.97177,0.97255
285.76271,0.56731,0.81569
295.44828,0.78378,0.72549
219.57447,0.57317,0.32157
228.66667,0.35714,0.98824
176.25000,0.60094,0.83529
85.89928,0.77654,0.70196
313.90909,0.90535,0.95294
126.23377,0.33190,0.90980
245.13514,0.96104,0.90588
319.28571,0.78212,0.70196
357.17647,0.51515,0.64706
265.00000,0.15584,0.90588
191.69231,0.79918,0.95686
61.57895,0.37624,0.39608
197.89474,0.99419,0.67451
248.52273,0.70120,0.98431
358.67647,0.70103,0.76078
30.44776,0.36413,0.72157
84.00000,0.74257,0.79216
253.64807,0.92460,0.98824
33.33333,0.90000,0.86275
253.65854,0.67582,0.71373
235.95855,0.85398,0.88627
136.19048,0.82533,0.89804
46.09272,0.72947,0.81176
209.33333,0.50847,0.69412
204.65753,0.30932,0.92549
41.14286,0.97222,0.70588
18.43373,0.94318,0.69020
40.55172,0.70388,0.80784
240.00000,0.57277,0.83529
264.00000,0.36000,0.49020
316.95652,0.67980,0.79608
195.41667,0.79558,0.70980
118.44828,0.98305,0.92549
275.74468,0.24607,0.74902
204.35897,0.99153,0.92549
307.09677,0.98936,0.36863
206.44737,0.83060,0.71765
318.94737,0.52055,0.28627
139.71429,0.30172,0.90980
231.94030,0.34184,0.76863
328.12500,0.83478,0.45098
336.25000,0.70588,0.26667
153.56643,0.60593,0.92549
301.88976,0.54978,0.90588
112.22222,0.93103,0.45490
94.40000,0.35047,0.83922
233.93939,0.79839,0.97255
61.40351,0.71250,0.94118
96.63717,0.52558,0.84314
259.17526,0.55114,0.69020
11.17021,0.85455,0.86275
205.60976,0.39048,0.82353
76.00000,0.61364,0.86275
65.10638,0.40870,0.45098
182.23404,0.89952,0.81961
288.25175,0.91083,0.61569
165.42857,0.87866,0.93725
256.02273,0.91192,0.75686
341.49780,0.91165,0.97647
313.17073,0.88362,0.90980
341.27660,0.82941,0.66667
9.04523,0.91705,0.85098
56.00000,0.57065,0.72157
227.33945,0.44130,0.96863
280.00000,0.92308,0.86667
135.21127,0.59916,0.92941
13.68421,0.98701,0.90588
71.62500,0.80808,0.77647
105.98131,0.74306,0.56471
105.78947,0.34081,0.87451
22.24138,0.60733,0.74902
338.01980,0.56111,0.70588
252.00000,0.12658,0.61961
145.71429,0.40329,0.95294
322.10526,0.29804,1.00000
91.42857,0.41379,0.79608
106.26168,0.88430,0.94902
268.12500,0.40506,0.30980
167.14286,0.16766,0.65490
270.55046,0.94783,0.90196
237.17647,0.37445,0.89020
228.06283,0.79583,0.94118
163.25581,0.22995,0.73333
111.08911,0.82114,0.48235
201.87192,0.87500,0.90980
113.09353,0.78531,0.69412
345.00000,0.98039,0.80000
87.77778,0.87568,0.72549
192.52747,0.46907,0.76078
9.60000,0.40984,0.47843
318.43137,0.85955,0.69804
7.96460,0.48918,0.90588
291.46919,0.95475,0.86667
256.83453,0.54941,0.99216
124.76190,0.50806,0.48627
10.29851,0.64115,0.81961
187.42857,0.83665,0.98431
69.10714,0.91429,0.96078
168.75000,0.30380,0.61961
225.98540,0.76536,0.70196
26.30542,0.84583,0.94118
20.44248,0.89683,0.98824
299.32584,0.76724,0.90980
348.93204,0.86192,0.93725
358.30986,0.60169,0.46275
224.57143,0.33175,0.82745
193.84615,0.68699,0.96471
178.57143,0.57143,0.57647
102.85714,0.91146,0.75294
219.13043,0.40889,0.88235
130.12987,0.39896,0.75686
335.88235,0.84298,0.94902
313.33333,0.12919,0.81961
260.90909,0.58407,0.44314
277.09924,0.90345,0.56863
47.41935,0.35028,0.69412
335.75758,0.82500,0.94118
321.49733,0.77273,0.94902
45.84270,0.37712,0.92549
69.31034,0.24066,0.94510
250.51546,0.88991,0.42745
46.87500,0.71111,0.35294
235.63636,0.67073,0.32157
101.07143,0.74667,0.88235
52.98246,0.72766,0.92157
25.52036,0.86667,1.00000
48.73096,0.95631,0.80784
1.31868,0.64085,0.55686
183.71681,0.56219,0.78824
247.84810,0.94800,0.98039
280.51282,0.97095,0.94510
211.41509,0.83465,0.99608
345.64417,0.65992,0.96863
65.14286,0.92715,0.59216
239.67033,0.99454,0.71765
270.00000,0.15873,0.49412
77.64706,0.96356,0.96863
350.52632,0.26389,0.28235
252.00000,0.59524,0.32941
252.65625,0.89510,0.56078
184.84848,0.79839,0.48627
307.00000,0.83916,0.56078
222.33129,0.87166,0.73333
281.42857,0.45902,0.71765
147.08861,0.95951,0.96863
347.08861,0.79000,0.39216
113.87755,0.56322,0.34118
222.27273,0.87302,0.98824
27.48603,0.71600,0.98039
60.35294,0.72340,0.92157
254.71698,0.22553,0.92157
313.09091,0.42969,0.50196
322.85714,0.99057,0.41569
194.79452,0.32018,0.89412
291.11111,0.46552,0.45490
225.90604,0.61066,0.95686
98.94737,0.25446,0.87843
193.50785,0.75494,0.99216
64.68085,0.87037,0.63529
256.00000,0.51948,0.90588
111.16279,0.64179,0.78824
209.00000,0.37975,0.61961
350.46358,0.82514,0.71765
337.03125,0.87075,0.57647
182.85714,0.27815,0.59216
154.83871,0.16062,0.75686
339.09677,0.77889,0.78039
102.69231,0.28729,0.70980
340.43478,0.20721,0.87059
45.88235,0.45133,0.44314
132.74336,0.55392,0.80000
326.93878,0.22172,0.86667
249.23077,0.57778,0.70588
298.69565,0.20628,0.87451
17.64706,0.34413,0.96863
290.84746,0.66667,0.69412
17.34940,0.92222,0.35294
7.77778,0.83077,0.25490
240.68966,0.40465,0.84314
228.94737,0.32900,0.90588
111.78423,0.95257,0.99216
276.31579,0.25000,0.59608
15.95745,0.79325,0.92941
135.00000,0.83902,0.80392
174.73684,0.98276,0.45490
71.88679,0.70199,0.59216
131.39241,0.66109,0.93725
132.65625,0.58447,0.85882
45.93103,0.60924,0.93333
60.00000,0.17822,0.79216
261.56682,0.90795,0.93725
121.86335,0.99383,0.63529
2.57511,0.91373,1.00000
181.57895,0.40212,0.74118
40.42553,0.90385,0.61176
175.20000,0.38265,0.76863
46.07143,0.28426,0.77255
215.62500,0.90141,0.27843
146.35514,0.61850,0.67843
147.69231,0.80889,0.88235
130.90909,0.78571,0.82353
349.56522,0.29237,0.92549
189.51923,0.87764,0.92941
100.44944,0.84762,0.82353
311.06796,0.94064,0.85882
46.43836,0.68545,0.83529
162.00000,0.28000,0.98039
18.83721,0.67717,0.49804
181.88976,0.77439,0.64314
281.53846,0.47561,0.32157
156.29032,0.51029,0.95294
120.40541,0.64069,0.90588
295.02075,1.00000,0.94510
185.00000,0.63158,0.29804
290.98814,0.99216,1.00000
300.36810,0.67355,0.94902
106.63043,0.86385,0.83529
206.66667,0.86441,0.69412
152.16000,0.76687,0.63922
307.46544,0.93133,0.91373
167.00000,0.86957,0.27059
297.18121,0.88166,0.66275
259.86207,0.98639,0.57647
221.66667,0.99213,0.99608
322.46305,0.87124,0.91373
25.92965,0.83966,0.92941
264.48430,0.93305,0.93725
310.04292,0.95885,0.95294
37.85047,0.84921,0.98824
76.56442,0.68487,0.93333
129.77528,0.97802,0.71373
167.28814,0.71515,0.64706
307.37968,0.78571,0.93333
286.50000,0.27027,0.58039
171.74312,0.95614,0.89412
214.50000,0.30303,0.51765
30.81081,0.78169,0.55686
147.90698,0.63235,0.80000
323.36842,0.38000,0.98039
356.00000,0.36585,0.16078
280.53191,0.82456,0.89412
135.00000,0.71362,0.83529
155.38462,0.20856,0.73333
239.08397,0.56466,0.90980
148.17073,0.98204,0.65490
49.24528,0.92982,0.89412
235.66265,0.47429,0.68627
45.89744,0.93227,0.98431
69.81818,0.95930,0.67451
112.58427,0.92228,0.75686
342.53731,0.89333,0.58824
46.95652,0.29487,0.30588
119.33333,0.59603,0.59216
237.60000,0.72816,0.40392
6.99029,0.54497,0.74118
85.21277,0.78992,0.93333
98.40000,0.47771,0.61569
337.20000,0.29940,0.65490
10.05236,0.86425,0.86667
44.03670,0.49772,0.85882
342.20339,0.63102,0.73333
86.20690,0.48333,0.70588
351.95876,0.45116,0.84314
268.46154,0.40838,0.74902
10.29412,0.99512,0.80392
248.50000,0.88889,0.52941
310.19417,0.82731,0.97647
220.00000,0.20134,0.58431
351.05263,0.92683,0.48235
173.51351,0.60326,0.72157
123.90533,0.69262,0.95686
314.68531,0.77717,0.72157
346.28571,0.50481,0.81569
30.87379,0.83740,0.96471
357.71429,0.70000,0.58824
178.18182,0.13808,0.93725
2.76923,0.81761,0.62353
151.11111,0.88043,0.36078
10.99010,0.80800,0.98039
320.72727,0.74830,0.57647
179.47826,0.75163,0.60000
328.51852,0.84375,0.75294
131.42857,0.38182,0.21569
326.85315,0.87195,0.64314
270.00000,0.53755,0.99216
25.36585,0.67213,0.71765
203.42857,0.51220,0.80392
78.50467,0.43496,0.96471
75.68182,0.86275,0.40000
84.38247,1.00000,0.98431
19.83471,0.69942,0.67843
254.23729,0.52212,0.88627
63.23529,0.91480,0.87451
338.49057,0.71300,0.87451
78.75000,0.57399,0.87451
71.90840,0.62679,0.81961
316.83453,0.80814,0.67451
185.76000,0.58140,0.84314
236.43243,0.79399,0.91373
289.12500,0.94675,0.66275
180.00000,0.38034,0.91765
157.61194,0.66667,0.78824
130.88083,0.98974,0.76471
213.54839,0.39076,0.93333
280.30534,0.71196,0.72157
56.22378,0.69417,0.80784
132.55814,0.43000,0.78431
163.97906,0.95025,0.78824
131.81818,0.57143,0.90588
165.50725,0.84490,0.96078
252.27273,0.44000,0.78431
129.69697,0.41772,0.92941
57.88235,0.86294,0.77255
252.37113,0.80833,0.94118
231.08108,0.79144,0.73333
183.33333,0.68936,0.92157
0.00000,0.93525,0.54510
130.08850,0.64571,0.68627
152.22222,0.37762,0.56078
56.00000,0.70815,0.91373
100.66667,0.48387,0.72941
203.49398,0.88298,0.73725
24.70588,0.93151,0.28627
227.57396,0.71610,0.92549
162.31579,0.70370,0.52941
171.76991,0.89683,0.98824
227.47826,0.48936,0.92157
320.21390,0.82379,0.89020
226.26506,0.45604,0.71373
81.93103,0.79235,0.71765
176.94915,0.50000,0.46275
227.04000,0.52301,0.93725
206.12903,0.93467,0.78039
125.25346,0.98636,0.86275
284.23077,0.93413,0.65490
219.23077,0.20000,0.50980
134.15730,0.59732,0.58431
158.54015,0.59825,0.89804
188.37209,0.22165,0.76078
99.27835,0.88584,0.85882
28.88889,0.28272,0.74902
49.13386,0.76970,0.64706
228.83721,0.38565,0.87451
58.50000,0.66390,0.94510
350.25974,0.90588,0.66667
60.80357,0.87843,1.00000
13.36957,0.90196,0.80000
314.23729,0.60513,0.76471
212.30769,0.97279,0.57647
247.30964,0.78175,0.98824
115.24390,0.68619,0.93725
238.06452,0.85321,0.85490
60.70588,0.72340,0.92157
289.69697,0.85345,0.45490
65.93407,0.44608,0.80000
271.85185,0.73303,0.86667
223.40426,0.58385,0.63137
296.45161,0.77824,0.93725
244.65753,0.85882,1.00000
299.38144,0.52151,0.72941
311.88119,0.53439,0.74118
216.87500,0.47291,0.79608
269.49153,0.70800,0.98039
106.95652,0.88950,0.70980
150.88235,0.86624,0.61569
53.41463,0.53595,0.60000
125.29412,0.19883,0.67059
14.14286,0.59574,0.92157
332.94118,0.26020,0.76863
10.20000,0.43860,0.89412
358.13953,0.50787,0.99608
187.95181,0.78302,0.83137
153.48837,0.53086,0.31765
276.95122,0.92655,0.69412
167.41463,0.82661,0.97255
20.00000,0.44758,0.97255
0.30457,0.97044,0.79608
43.33333,0.77647,1.00000
170.25381,0.85281,0.90588
210.24000,0.73964,0.66275
69.23077,0.63030,0.64706
38.62069,0.84466,0.80784
162.62069,0.82386,0.69020
302.74809,0.53689,0.95686
281.33333,0.95339,0.92549
40.18100,0.90947,0.95294
18.96373,0.99485,0.76078
186.29032,0.62944,0.77255
154.01274,0.74762,0.82353
295.86207,0.95473,0.95294
28.88889,0.18881,0.56078
64.45946,0.63793,0.90980
339.56522,0.63594,0.85098
251.42857,0.20388,0.40392
2.60870,0.56557,0.95686
235.35714,0.79621,0.82745
294.18502,0.92653,0.96078
291.11111,0.17089,0.61961
92.30769,0.38012,0.67059
282.23464,0.87317,0.80392
234.22222,0.57447,0.92157
214.56522,0.76033,0.94902
111.77419,0.70056,0.69412
317.14286,0.32407,0.42353
195.00000,0.91057,0.48235
263.33333,0.95192,0.81569
2.14286,0.56911,0.96471
93.60000,0.65104,0.75294
45.00000,0.17610,0.62353
182.35294,0.22667,0.88235
50.62500,0.78049,0.80392
45.00000,0.88623,0.65490
144.00000,0.88362,0.90980
267.77778,0.35762,0.59216
137.22222,0.52683,0.80392
232.14953,0.66875,0.62745
303.11111,0.55556,0.95294
243.75000,0.14035,0.89412
353.33333,0.09783,0.72157
46.80000,0.85714,0.68627
273.91304,0.74194,0.72941
105.65217,0.27219,0.66275
90.53254,0.72532,0.91373
329.63855,0.40097,0.81176
270.45685,0.89954,0.85882
16.70103,0.72388,0.52549
102.33129,0.70259,0.90980
140.00000,0.36437,0.96863
50.33898,0.92913,0.49804
279.23077,0.64730,0.94510
157.05882,0.35417,0.75294
291.84466,0.56593,0.71373
76.74419,0.59310,0.56863
240.55556,0.51923,0.81569
161.25000,0.13169,0.95294
53.11005,0.96759,0.84706
207.17647,0.67729,0.98431
301.44000,0.56306,0.87059
87.00000,0.75314,0.93725
139.30070,0.83626,0.67059
322.66667,0.17647,1.00000
179.44954,0.91597,0.93333
301.09091,0.94828,0.22745
286.69951,0.80237,0.99216
198.26087,0.42991,0.41961
313.17073,0.46067,0.69804
120.00000,0.70213,0.55294
24.09836,0.58373,0.81961
166.23853,0.75172,0.56863
10.94891,0.77401,0.69412
150.62500,0.68571,0.54902
337.68844,0.84681,0.92157
190.80000,0.98039,0.60000
288.21429,0.91803,0.23922
119.06250,0.93431,0.53725
75.00000,0.22581,0.97255
336.20112,0.75527,0.92941
138.75000,0.94118,0.53333
243.42857,0.33654,0.40784
320.64516,0.49468,0.73725
25.71429,0.47343,0.81176
166.15385,0.30588,0.33333
331.85185,0.36486,0.87059
213.86139,0.53158,0.74510
12.26519,0.87864,0.80784
36.28571,0.90517,0.90980
341.25000,0.08466,0.74118
210.76923,0.53425,0.28627
309.28177,0.82273,0.86275
1.89189,0.96522,0.90196
252.13483,0.46842,0.74510
84.75524,0.65596,0.85490
338.93333,0.95745,0.92157
271.74194,0.65957,0.92157
305.79310,0.72139,0.78824
317.41935,0.86111,0.70588
259.60976,0.93182,0.86275
67.16418,0.57265,0.45882
315.17241,0.63043,0.54118
203.45455,0.56122,0.76863
146.54378,0.95175,0.89412
333.08824,0.93151,0.57255
277.36527,0.66008,0.99216
170.32258,0.73460,0.82745
70.54054,0.30081,0.96471
160.40816,0.80328,0.71765
352.50000,0.92063,0.98824
356.75000,0.95618,0.98431
267.62590,0.87421,0.62353
119.62500,0.62992,0.99608
324.42478,0.45935,0.96471
277.80822,0.36318,0.78824
53.14286,0.43568,0.94510
354.37500,0.87432,0.71765
76.20690,0.98864,0.69020
306.31579,0.87245,0.76863
204.21053,0.93443,0.47843
178.03279,0.24797,0.96471
262.26804,0.88991,0.85490
116.52174,0.86611,0.93725
336.69065,0.73936,0.73725
193.80000,0.88106,0.89020
182.90323,0.44928,0.54118
39.60784,0.60000,1.00000
265.33333,0.76271,0.69412
36.69421,0.65054,0.72941
185.63380,0.85200,0.98039
107.01923,0.83200,0.98039
140.61538,0.79592,0.96078
105.14286,0.49763,0.82745
289.60630,0.55217,0.90196
337.61194,0.55833,0.47059
276.00000,0.15152,0.12941
133.69565,0.48168,0.74902
92.38636,0.92147,0.74902
42.79070,0.70492,0.71765
163.75691,0.88293,0.80392
304.39024,0.18304,0.87843
336.21951,0.90110,0.71373
287.72727,0.65185,0.52941
14.28571,0.23729,0.69412
344.12556,0.93697,0.93333
228.75000,0.77193,0.89412
331.11111,0.61364,0.34510
237.48954,0.95219,0.98431
118.51240,1.00000,0.47451
248.46154,0.34667,0.88235
62.50000,0.88525,0.95686
145.97015,0.40120,0.65490
72.69231,0.58101,0.70196
33.71429,0.54974,0.74902
345.68807,0.57068,0.74902
332.09877,0.99590,0.95686
279.42857,0.18919,0.72549
48.92308,0.99490,0.76863
27.91667,0.57600,0.98039
179.40594,0.61963,0.63922
68.94410,0.66529,0.94902
318.33333,0.73770,0.95686
349.41176,0.84298,0.94902
137.96954,0.81070,0.95294
309.14286,0.89744,0.91765
171.17647,0.98551,0.81176
104.44444,0.46821,0.67843
314.57143,0.58577,0.93725
246.66667,0.51799,0.54510
82.17391,0.51397,0.70196
344.10596,0.64255,0.92157
277.95918,0.30247,0.63529
279.90698,0.84314,1.00000
197.57143,0.80460,0.68235
75.58824,0.85000,0.94118
346.84211,0.95000,0.47059
142.13592,0.75182,0.53725
36.11650,0.83065,0.48627
82.94118,0.15962,0.83529
216.83168,0.52332,0.75686
343.50000,0.69869,0.89804
349.77273,0.42512,0.81176
108.26087,0.27219,0.66275
251.09589,0.69856,0.81961
111.66667,0.89109,0.79216
149.36170,0.87850,0.83922
48.75000,0.96000,0.19608
353.07692,0.86667,0.82353
21.10345,0.80110,0.70980
264.87179,0.95902,0.95686
95.41463,0.81349,0.98824
303.46821,0.94022,0.72157
237.93103,0.86567,0.52549
71.66667,0.15789,0.89412
141.86916,0.65644,0.63922
214.17722,0.41579,0.74510
67.12871,0.88596,0.44706
267.50000,0.70244,0.80392
2.25352,0.83529,1.00000
212.37624,0.87826,0.90196
68.57143,0.45274,0.78824
116.93878,0.46445,0.82745
112.68293,0.52790,0.91373
10.00000,0.47303,0.94510
174.60674,0.93684,0.37255
136.50000,0.60606,0.51765
201.33333,0.43269,0.40784
171.23596,0.95699,0.36471
165.98540,0.61991,0.86667
6.36364,0.93839,0.82745
46.11940,0.64423,0.81569
146.25000,0.15166,0.82745
338.07692,0.22222,0.91765
192.37500,0.98160,0.63922
227.88732,0.94248,0.88627
38.66109,0.99170,0.94510
79.60976,0.88745,0.90588
48.57143,0.99142,0.91373
3.33333,0.09574,0.73725
103.23529,0.87179,0.61176
211.36364,0.24309,0.70980
86.08696,0.65094,0.41569
43.92857,0.34146,0.64314
152.51613,0.68282,0.89020
326.96203,0.78607,0.78824
166.51685,0.87685,0.79608
341.45455,0.98214,0.65882
168.83721,0.57718,0.58431
308.69565,0.32243,0.83922
175.18248,0.78736,0.68235
58.36066,0.75934,0.94510
66.80412,0.99487,0.76471
65.71429,0.66403,0.99216
318.03279,0.72908,0.98431
60.61856,0.68794,0.55294
291.13043,0.83942,0.53725
183.13725,0.62195,0.96471
339.62264,0.27749,0.74902
73.92857,0.92181,0.95294
188.68421,0.31148,0.95686
112.41379,0.96667,0.35294
51.96172,0.84959,0.96471
88.68132,0.82727,0.86275
93.69863,0.92405,0.92941
214.90909,0.94828,0.90980
81.34615,0.66667,0.61176
201.35593,0.58416,0.39608
147.09677,0.73810,0.16471
312.43902,0.66129,0.97255
111.54930,0.40113,0.69412
344.05594,0.60084,0.93333
99.14439,0.99468,0.73725
12.00000,0.62222,0.88235
138.57143,0.63158,0.52157
117.70992,0.91608,0.56078
330.00000,0.89256,0.47451
233.43066,0.66184,0.81176
207.93651,0.74118,1.00000
19.38462,0.60748,0.83922
196.70886,0.81865,0.75686
8.37209,0.52121,0.64706
203.83562,0.49660,0.57647
50.04049,0.99597,0.97255
80.00000,0.06438,0.91373
261.00000,0.15686,1.00000
151.21951,0.49798,0.96863
267.56757,0.94872,0.30588
322.12121,0.95652,0.81176
34.04255,0.83929,0.65882
100.40816,0.38735,0.99216
224.40000,0.24631,0.79608
166.72131,0.67403,0.70980
187.20000,0.19380,0.50588
10.38462,0.61905,0.32941
70.08621,0.97479,0.93333
28.80000,0.18248,0.53725
57.09677,0.86916,0.83922
311.01266,0.63200,0.98039
171.76471,0.49038,0.40784
347.75510,0.44954,0.42745
304.75771,0.95781,0.92941
220.85890,0.79126,0.80784
252.85714,0.64220,0.85490
174.00000,0.34483,0.45490
188.18182,0.50228,0.85882
143.91892,1.00000,0.58039
91.01449,0.96279,0.84314
194.00000,0.16484,0.71373
252.00000,0.42969,0.50196
328.02395,0.65748,0.99608
18.79518,0.56849,0.57255
257.41935,0.26724,0.45490
150.00000,0.76074,0.63922
104.00000,0.25000,0.70588
250.15873,0.80085,0.92549
196.47059,0.37778,0.52941
241.05263,0.58763,0.76078
120.00000,0.17530,0.98431
296.40000,0.22222,0.88235
275.80645,0.89855,0.27059
136.97368,0.62810,0.94902
88.55422,0.95954,0.67843
124.16667,0.81818,0.69020
307.81065,0.83251,0.79608
188.57143,0.03398,0.80784
343.45946,0.95361,0.76078
329.25000,0.73394,0.85490
315.80645,0.84932,0.85882
303.00000,0.33613,0.93333
239.04762,0.68478,0.72157
134.05714,0.87940,0.78039
36.27119,0.81567,0.85098
144.92308,0.79918,0.95686
138.80597,0.66337,0.39608
302.34375,0.60952,0.82353
232.13115,0.58373,0.81961
219.45946,0.63793,0.68235
176.84211,0.15702,0.47451
60.25532,0.93254,0.98824
166.09272,0.81183,0.72941
223.40426,0.68116,0.27059
168.00000,0.45894,0.81176
355.23179,0.60887,0.97255
75.52941,0.95506,0.69804
77.85714,0.76018,0.86667
347.39130,0.57500,0.94118
44.16667,0.42857,0.65882
213.02326,0.55844,0.90588
313.98773,0.71491,0.89412
205.36913,0.61066,0.95686
306.75000,0.85561,0.73333
261.81818,0.14865,0.58039
104.61538,0.96694,0.47451
47.82609,0.57983,0.46667
300.32967,0.75207,0.94902
230.90909,0.44000,0.29412
50.27027,0.59358,0.73333
199.18367,0.70673,0.81569
64.68750,0.27004,0.92941
112.77778,1.00000,0.42353
39.84375,0.58447,0.85882
20.89552,0.97573,0.80784
55.71429,0.40462,0.67843
262.81690,0.28175,0.98824
27.00000,0.17778,0.88235
12.91139,0.68103,0.90980
51.03448,0.41429,0.82353
148.64322,0.81893,0.95294
11.77914,0.96450,0.66275
243.42857,0.33654,0.81569
299.15493,0.58436,0.95294
62.40000,0.11416,0.85882
275.10638,0.60645,0.60784
231.42857,0.96552,0.79608
159.18367,0.21491,0.89412
203.81910,0.92558,0.84314
166.43836,0.69524,0.82353
86.25000,0.80365,0.85882
184.97041,0.66798,0.99216
351.75000,0.38278,0.81961
114.54545,0.08527,0.50588
242.60870,0.96639,0.46667
125.00000,0.88889,0.31765
151.26761,0.28980,0.96078
138.36735,0.40329,0.95294
265.13514,0.88095,0.98824
305.73248,0.61811,0.99608
323.28947,0.70046,0.85098
286.56000,0.68306,0.71765
80.24540,0.77251,0.82745
122.66667,0.74074,0.95294
283.36957,0.78970,0.91373
140.27027,0.69484,0.83529
73.57895,0.91787,0.81176
335.38462,0.33913,0.45098
184.11765,0.64557,0.61961
342.00000,0.68627,0.40000
31.94444,0.88163,0.96078
154.00000,0.68493,0.85882
180.00000,0.34459,0.58039
180.00000,0.04734,0.66275
350.20408,0.40000,0.96078
184.28571,0.97030,0.39608
248.21918,0.32883,0.87059
175.38462,0.86667,0.11765
67.29282,0.85377,0.83137
161.79310,0.77128,0.73725
293.41463,0.84103,0.76471
83.44371,0.59216,1.00000
288.69565,0.54545,0.99216
66.40777,0.51759,0.78039
327.69231,0.88755,0.97647
270.68966,0.74359,0.91765
121.88482,0.77642,0.96471
186.94215,0.77070,0.61569
151.95980,0.88839,0.87843
92.60870,0.40351,0.89412
87.20000,0.71429,0.41176
285.07463,0.85532,0.92157
48.72483,0.78010,0.74902
49.23077,0.51656,0.59216
134.73214,0.89960,0.97647
25.53191,0.87037,0.63529
287.23404,0.41048,0.89804
70.95652,0.57789,0.78039
169.60000,0.70093,0.83922
348.00000,0.06579,0.59608
224.18919,0.70142,0.82745
208.62069,1.00000,0.68235
174.25532,0.42152,0.87451
193.67089,0.42021,0.73725
55.71429,0.97030,0.79216
76.42857,0.47727,0.69020
173.53448,0.97890,0.92941
51.37255,0.79275,0.75686
353.09091,0.92179,0.70196
202.39437,0.72081,0.77255
176.71233,0.34597,0.82745
304.91803,0.35882,0.66667
87.64706,0.43220,0.92549
315.27778,0.98630,0.85882
354.37500,0.26337,0.95294
226.51685,0.83568,0.83529
113.07692,0.56115,0.54510
319.06977,0.72881,0.69412
142.50000,0.09040,0.69412
141.53846,0.16049,0.95294
32.30769,0.32020,0.79608
103.33333,0.47788,0.44314
158.67769,0.58738,0.80784
244.28571,0.51042,0.75294
288.27586,0.74678,0.91373
210.00000,0.04878,0.80392
181.66667,0.65854,0.64314
129.14798,0.90650,0.96471
34.54545,0.65476,0.98824
292.81437,0.66270,0.98824
235.54585,0.94239,0.95294
335.21739,0.66667,0.81176
78.85714,0.25547,0.53725
342.61364,0.78222,0.88235
257.14286,0.39056,0.91373
169.56522,0.70306,0.89804
143.47826,0.16547,0.54510
13.97260,0.31064,0.92157
199.37008,0.52697,0.94510
172.04420,0.89604,0.79216
272.82051,0.68023,0.67451
137.26027,0.65766,0.43529
220.13514,0.74372,0.78039
130.71429,0.22490,0.97647
82.10526,0.60127,0.61961
15.27273,0.37162,0.58039
345.71429,0.95455,0.17255
354.69388,0.68056,0.84706
98.87324,0.64840,0.85882
75.27950,0.78537,0.80392
185.85366,0.53947,0.89412
302.90323,0.68132,0.35686
52.85714,0.53846,0.61176
243.15789,0.76768,0.77647
176.91176,0.70103,0.76078
14.78673,0.95045,0.87059
141.25000,0.69565,0.54118
18.46154,0.34211,0.14902
347.36842,0.18095,0.41176
171.16279,0.65816,0.76863
8.86364,0.37768,0.91373
105.49020,0.76119,0.78824
356.35359,0.82273,0.86275
29.59459,0.89157,0.65098
206.25000,0.68571,0.82353
7.70642,0.48018,0.89020
212.94798,0.88265,0.76863
129.12000,0.91912,0.53333
262.66667,0.21028,0.83922
131.16279,0.28477,0.59216
308.78049,0.51250,0.62745
241.96721,0.45865,0.52157
187.58242,0.88780,0.80392
278.86792,0.96951,0.64314
161.40351,0.69512,0.96471
148.50000,0.88889,0.17647
174.92958,0.39227,0.70980
112.50000,0.99083,0.85490
356.84211,0.97436,0.15294
263.57143,0.73362,0.89804
49.41176,0.47600,0.98039
10.23529,0.80952,0.82353
26.72269,0.66111,0.70588
76.00000,0.94595,0.87059
251.16279,0.83902,0.80392
60.93023,0.54661,0.92549
117.31844,0.73967,0.94902
350.37975,0.93676,0.99216
24.78261,0.58228,0.61961
193.84615,0.56522,0.27059
136.70103,0.65541,0.58039
219.18367,0.61250,0.94118
45.36585,0.19431,0.82745
41.01266,0.94800,0.98039
155.00000,0.23529,0.80000
290.00000,0.35821,0.26275
344.81013,0.84946,0.36471
30.89552,0.62037,0.84706
306.59686,0.75494,0.99216
288.40909,0.90722,0.76078
341.75439,0.73077,0.91765
190.87500,0.92486,0.67843
120.84507,0.36410,0.76471
59.31818,0.94118,0.73333
334.73684,0.63333,0.11765
45.79882,0.74449,0.89020
349.33333,0.89641,0.98431
232.09581,0.85204,0.76863
3.80952,0.74118,1.00000
103.05882,0.44737,0.74510
69.71831,0.61739,0.90196
118.38926,0.67421,0.86667
260.90323,0.62249,0.97647
5.62500,0.84211,0.89412
74.05063,0.71171,0.87059
84.45860,0.75481,0.81569
136.96970,0.98020,0.79216
285.26316,0.28788,0.77647
324.54545,0.35870,0.72157
54.78261,0.44019,0.81961
82.95652,0.95041,0.47451
133.05882,0.68273,0.97647
144.48430,0.93697,0.93333
188.86957,0.98712,0.91373
67.38462,0.29018,0.87843
203.85542,0.41500,0.78431
147.90698,0.86869,0.77647
47.64706,0.26984,0.49412
327.05882,0.81275,0.98431
44.00000,0.93750,0.56471
184.61538,0.06220,0.81961
356.00000,0.44118,0.53333
256.00000,0.47368,0.74510
263.39623,0.68831,0.90588
204.54545,0.70000,0.86275
71.62996,0.99127,0.89804
92.44898,0.80658,0.95294
70.40000,0.61983,0.47451
217.26316,0.53073,0.70196
332.06897,0.54976,0.82745
79.57447,0.70500,0.78431
29.57143,0.67308,0.81569
157.19457,0.98222,0.88235
88.02198,0.75519,0.94510
13.89474,0.39916,0.93333
86.79612,0.87288,0.46275
217.00935,0.92241,0.45490
27.20000,0.97403,0.30196
266.80851,0.83186,0.44314
151.83673,0.75969,0.50588
335.17241,0.11934,0.95294
175.41985,0.77059,0.66667
346.10526,0.46798,0.79608
214.32432,0.89516,0.97255
342.18750,0.69565,0.72157
90.00000,0.64000,0.49020
52.90323,0.85321,0.85490
110.23810,1.00000,0.98824
66.66667,0.99497,0.78039
312.31788,0.98693,0.60000
39.78947,0.78189,0.95294
328.51485,0.92661,0.42745
78.60963,0.97396,0.75294
148.59375,0.50593,0.99216
67.78846,0.87029,0.93725
299.24051,0.83158,0.74510
351.79856,0.89677,0.60784
78.48341,0.90558,0.91373
129.57983,0.91538,0.50980
349.18033,0.99187,0.48235
232.50000,0.60079,0.99216
135.41899,0.77155,0.90980
316.27119,0.92549,1.00000
296.00000,0.35433,0.49804
276.15385,0.98734,0.61961
331.12500,0.64777,0.96863
258.91304,0.39485,0.91373
175.96154,0.45614,0.89412
208.23529,0.76923,0.86667
120.00000,0.18367,0.76863
226.27119,0.54630,0.84706
154.13793,0.36943,0.61569
232.63158,0.44186,0.50588
177.41007,0.82249,0.66275
274.71910,0.80909,0.86275
288.29268,0.47674,0.67451
109.02439,0.67213,0.95686
53.07692,0.72222,0.98824
115.30435,0.77181,0.58431
23.81443,0.91509,0.83137
68.88889,0.34395,0.61569
183.93443,0.93846,0.50980
38.86792,0.72273,0.86275
78.24561,0.87692,0.76471
151.23288,0.35784,0.80000
339.72973,0.79570,0.72941
91.26761,0.68932,0.40392
111.23077,0.58559,0.87059
171.11111,0.30337,0.69804
193.80952,0.69613,0.70980
143.24324,0.99552,0.87451
31.60000,0.83333,0.70588
163.21678,0.95973,0.58431
51.53846,0.37864,0.80784
301.16129,0.74163,0.81961
221.67939,0.78443,0.65490
165.45455,0.78571,0.32941
127.88571,0.72614,0.94510
291.42857,0.18229,0.75294
209.69072,0.92823,0.81961
217.83784,0.97368,0.89412
108.90411,0.84393,0.67843
351.58879,0.96396,0.43529
307.92453,0.50000,0.83137
217.65306,0.86344,0.89020
52.50000,0.82192,0.57255
345.61644,0.75648,0.75686
34.42105,0.87156,0.85490
98.40000,0.89928,0.54510
291.79856,1.00000,0.54510
252.55814,0.42157,0.80000
148.63636,0.32117,0.53725
288.75000,0.54701,0.45882
210.89109,0.45089,0.87843
0.00000,0.40602,0.52157
53.92070,0.91532,0.97255
165.12821,0.81250,0.56471
36.58537,0.50000,0.32157
63.59447,0.93133,0.91373
201.20690,0.96667,0.47059
45.00000,0.79503,0.63137
206.21849,0.99582,0.93725
43.53982,0.72436,0.61176
247.50000,0.79208,0.39608
153.88601,0.82128,0.92157
309.04110,0.48344,0.59216
359.43925,0.44958,0.93333
230.58824,0.24519,0.81569
202.30088,0.97414,0.90980
339.38650,0.68201,0.93725
63.36449,0.56316,0.74510
139.75610,0.44324,0.72549
327.77778,0.89503,0.70980
103.33333,0.59434,0.83137
143.57143,0.88608,0.61961
218.65031,0.84456,0.75686
237.89474,0.28788,0.77647
103.63636,0.61638,0.90980
97.34940,0.97647,1.00000
320.16000,0.94697,0.51765
100.00000,0.88525,0.95686
81.13208,0.95210,0.65490
241.98347,0.84615,0.56078
333.91304,0.51685,0.34902
164.84848,0.48529,0.80000
146.88525,0.86321,0.83137
285.14286,0.54688,0.75294
41.93548,0.99465,0.73333
246.78571,0.76018,0.86667
51.57895,0.60963,0.73333
295.38462,0.55085,0.92549
333.58974,0.96296,0.95294
324.25532,0.82456,0.22353
346.87500,0.52675,0.95294
283.78378,0.95690,0.90980
66.36872,0.79204,0.88627
71.20000,0.90000,0.98039
356.84211,0.15020,0.99216
342.00000,0.70485,0.89020
246.76056,0.53788,0.51765
172.54658,0.70000,0.90196
282.85714,0.58947,0.37255
290.81633,0.65333,0.58824
49.20000,0.28902,0.67843
12.66332,0.82917,0.94118
322.35849,0.96364,0.86275
76.52174,0.97872,0.55294
108.30189,0.75355,0.82745
277.63314,0.69262,0.95686
105.07772,0.91469,0.82745
199.02439,0.31298,0.51373
247.56303,0.47222,0.98824
350.57143,0.38674,0.70980
286.66667,0.40678,0.69412
215.91837,0.58566,0.98431
136.97561,0.85417,0.94118
236.66667,0.45378,0.46667
20.83832,0.69008,0.94902
265.71429,0.14286,0.38431
338.40000,0.51020,0.96078
325.60976,0.82828,0.77647
24.70588,0.56667,0.94118
212.27273,0.55000,0.94118
228.88889,0.71053,0.74510
15.65217,0.09237,0.97647
40.40816,0.54144,0.70980
265.36585,0.60591,0.79608
351.09375,0.94815,0.52941
232.07547,0.60227,0.69020
343.84615,0.49057,0.83137
174.20455,0.69565,0.99216
5.90164,0.30348,0.78824
318.46154,0.77717,0.72157
277.07317,0.90441,0.53333
207.59124,0.63426,0.84706
326.82353,0.34137,0.97647
159.34426,0.49593,0.96471
52.17391,0.46939,0.19216
296.73913,0.80702,0.89412
86.25000,0.78571,0.87843
156.81818,0.72131,0.71765
41.63265,0.89091,0.21569
144.39024,0.92481,0.52157
247.94521,0.95217,0.90196
248.69565,0.51493,0.52549
334.28571,0.38693,0.78039
100.97561,0.92135,0.34902
140.00000,0.29630,0.95294
92.16495,0.56395,0.67451
201.71429,0.92105,0.89412
37.32283,0.66842,0.74510
229.02857,0.71429,0.96078
140.80000,0.70093,0.83922
42.46575,0.98649,0.87059
347.58621,0.16111,0.70588
59.14286,0.72165,0.38039
56.33803,0.86939,0.96078
188.18182,0.39759,0.65098
22.27545,0.69583,0.94118
49.77273,0.77193,0.89412
230.46025,0.97154,0.96471
0.00000,0.73636,0.86275
171.30435,0.92825,0.87451
230.52632,0.61290,0.24314
252.45902,0.83182,0.86275
340.76336,0.58222,0.88235
48.40909,0.96703,0.35686
45.30612,0.55682,0.69020
347.53846,0.75581,0.67451
79.38462,0.99237,0.51373
178.24561,0.82609,0.81176
351.78947,0.69853,0.53333
342.35294,0.77273,0.25882
223.12500,0.44651,0.84314
249.60000,0.20492,0.95686
136.36364,0.98621,0.56863
102.55319,0.65581,0.84314
132.80335,0.93725,1.00000
354.54545,0.28947,0.44706
177.80488,0.94798,0.67843
238.68996,0.95021,0.94510
173.60000,0.45455,0.64706
313.72549,0.60000,1.00000
298.33333,0.16981,0.83137
176.30769,0.30660,0.83137
210.49180,0.63542,0.75294
104.57143,1.00000,0.82353
285.49020,0.60956,0.98431
15.44910,0.81463,0.80392
132.00000,0.87444,0.87451
117.56098,0.49004,0.98431
159.69231,0.54393,0.93725
309.67742,0.71759,0.84706
346.97143,0.69170,0.99216
111.21951,0.75460,0.63922
138.80000,0.81522,0.72157
138.15789,0.32900,0.90588
41.29032,0.94898,0.38431
266.94611,0.87895,0.74510
58.97436,0.52941,0.86667
334.40000,0.30992,0.94902
258.46154,0.18841,0.54118
186.39344,0.91729,0.52157
82.31405,0.63021,0.75294
125.20000,0.70093,0.83922
52.39024,0.95349,0.84314
6.22222,0.87097,0.60784
46.44068,0.83491,0.83137
178.88199,0.76303,0.82745
226.09756,0.95349,0.33725
316.03960,0.99020,0.80000
145.86207,0.25328,0.89804
316.09756,0.21809,0.73725
98.91892,0.16518,0.87843
81.92893,0.78175,0.98824
315.00000,0.27869,0.95686
314.69388,0.91163,0.84314
41.81818,0.85161,0.60784
104.80000,0.71090,0.82745
135.65217,0.10550,0.85490
10.44944,0.80909,0.86275
249.50000,0.86957,0.54118
207.76596,0.87850,0.83922
0.00000,0.25161,0.60784
245.58140,0.19635,0.85882
254.01198,0.65748,0.99608
201.92308,0.90435,0.90196
181.97802,0.45500,0.78431
203.33333,0.92308,0.91765
152.83019,0.92174,0.90196
164.25000,0.63241,0.99216
222.00000,0.57143,0.27451
58.95954,0.95055,0.71373
220.14085,0.62281,0.89412
242.21053,0.98446,0.75686
285.00000,0.99548,0.86667
324.78873,0.84861,0.98431
168.18182,0.70213,0.36863
261.66667,0.81818,0.69020
330.00000,0.09524,0.65882
227.64706,0.94444,0.42353
189.04762,0.61765,0.80000
171.05590,0.78922,0.80000
4.16667,0.37895,0.74510
168.26087,0.49730,0.72549
179.31429,0.88832,0.77255
283.54839,0.32292,0.75294
74.19355,0.72941,1.00000
117.85714,0.60870,0.36078
169.14894,0.64828,0.56863
316.55172,0.12775,0.89020
266.42202,0.86853,0.98431
244.28571,0.44444,0.49412
201.14537,0.98268,0.90588
160.69565,0.48319,0.93333
242.88462,0.90830,0.89804
90.00000,0.34921,0.49412
50.00000,0.85207,0.66275
352.61538,0.77689,0.98431
121.29032,0.86916,0.41961
254.69388,0.78400,0.49020
141.39860,0.60084,0.93333
16.88623,0.71983,0.90980
246.66667,0.28125,0.37647
118.42105,0.90119,0.99216
267.73585,0.50237,0.82745
166.95652,0.11275,0.80000
309.65854,0.91518,0.87843
291.52174,0.96335,0.74902
185.31646,0.37441,0.82745
5.22822,0.98770,0.95686
304.31655,0.57676,0.94510
188.57143,0.57143,0.96078
204.94382,0.53939,0.64706
47.79661,0.76293,0.90980
314.70968,0.66810,0.90980
56.64804,0.73663,0.95294
231.38462,0.80247,0.95294
105.55556,0.44813,0.94510
352.25806,0.57764,0.63137
269.04459,0.96914,0.63529
352.77108,0.35931,0.90588
137.14286,0.30837,0.89020
295.02762,0.79736,0.89020
347.21311,0.95312,0.25098
195.84906,0.71622,0.58039
247.10526,0.60800,0.98039
295.67568,0.51152,0.85098
293.33333,0.89503,0.70980
208.23529,0.28333,0.47059
222.85714,0.50424,0.92549
197.64706,0.34171,0.78039
276.75000,0.62992,0.49804
123.52941,0.71163,0.84314
93.04348,0.84836,0.95686
95.35714,0.55721,0.78824
336.63934,0.97992,0.97647
156.53631,0.77489,0.90588
156.96429,0.47660,0.92157
25.64885,0.85621,0.60000
325.53191,0.39662,0.92941
155.66434,0.58848,0.95294
277.50000,0.87805,0.96471
220.00000,0.66467,0.65490
24.37500,0.19632,0.63922
81.60000,0.94086,0.72941
298.60465,0.87755,0.38431
311.53846,0.28889,0.70588
207.34177,0.77451,0.40000
85.71429,0.51012,0.96863
292.85714,0.54902,0.60000
146.73913,0.80000,0.90196
83.60656,0.57009,0.83922
56.97842,0.94558,0.57647
203.43195,0.76471,0.86667
202.50000,0.31373,0.20000
86.25000,0.32653,0.38431
76.98113,0.43621,0.95294
301.03448,0.88325,0.77255
9.37500,0.46377,0.54118
239.31034,0.68235,1.00000
197.14286,0.71963,0.41961
112.61538,0.64677,0.78824
205.16129,0.52766,0.92157
81.25714,0.75107,0.91373
146.82353,0.46448,0.71765
39.40299,0.55833,0.47059
100.80000,0.94697,0.51765
132.00000,0.43956,0.71373
210.00000,0.07619,0.82353
39.27273,0.52885,0.81569
308.85246,0.80617,0.89020
19.11504,0.97835,0.90588
319.20000,0.72254,0.67843
20.00000,0.41475,0.85098
307.05882,0.13386,0.49804
276.76301,0.86935,0.78039
228.37838,0.88446,0.98431
82.14286,0.36681,0.89804
213.33333,0.59155,0.83529
82.33766,0.91667,0.98824
351.75000,0.57143,0.54902
141.81818,0.30677,0.98431
87.09677,0.50270,0.72549
226.09756,0.42932,0.74902
122.66010,0.92694,0.85882
15.00000,0.54148,0.89804
245.13369,0.93035,0.78824
343.01205,0.87368,0.74510
272.28700,0.94492,0.92549
120.72727,0.66802,0.96863
201.63934,0.23922,1.00000
192.94118,0.62577,0.63922
276.56250,0.60377,0.41569
255.91837,0.60000,0.96078
211.73913,0.66029,0.81961
24.79042,0.91758,0.71373
281.18182,0.89069,0.96863
310.25316,0.72146,0.85882
17.22222,0.49770,0.85098
111.81818,0.89535,0.67451
135.22388,0.26587,0.98824
281.69492,0.50427,0.45882
76.68293,0.85062,0.94510
163.25581,0.22280,0.75686
234.19355,0.75000,0.97255
331.23288,0.41477,0.69020
290.66038,0.88333,0.94118
252.95455,0.47568,0.72549
326.00000,0.46875,0.50196
293.33333,0.83133,0.97647
184.70588,0.82927,0.96471
277.73585,0.99375,0.62745
61.94595,0.76446,0.94902
313.58491,0.85946,0.72549
99.40828,0.80476,0.82353
301.24352,0.86937,0.87059
159.56757,0.84862,0.85490
293.78049,0.80000,0.80392
137.14286,0.36992,0.96471
338.53211,0.89344,0.95686
155.65714,0.70000,0.98039
26.01770,0.45565,0.97255
239.25000,0.73733,0.85098
142.31884,0.88085,0.92157
126.53465,0.51531,0.76863
189.55414,0.93452,0.65882
63.60515,0.98312,0.92941
22.50000,0.71429,0.65882
287.65714,0.86634,0.79216
258.96552,0.84058,0.81176
46.42857,0.36522,0.90196
127.79221,0.32906,0.91765
226.69683,0.88400,0.98039
222.85714,0.97222,0.98824
75.23810,0.61165,0.40392
339.09091,0.89189,0.58039
163.25581,0.67539,0.74902
210.66667,0.53571,0.98824
163.77049,0.63542,0.75294
301.18812,0.88987,0.89020
161.37931,0.17059,0.66667
237.17647,0.44974,0.74118
263.30579,0.47826,0.99216
79.80296,0.87124,0.91373
173.33333,0.18750,0.75294
351.37725,0.71983,0.90980
185.80645,0.53448,0.45490
33.40206,0.81172,0.93725
41.20879,0.92386,0.77255
244.61538,0.31707,0.48235
195.33835,0.85256,0.61176
121.46341,0.97233,0.99216
194.81481,0.98780,0.32157
93.48837,0.70109,0.72157
347.87234,0.49474,0.74510
188.35443,0.95758,0.64706
191.26761,0.95089,0.87843
293.12102,0.66809,0.92157
345.00000,0.88889,0.91765
75.34884,0.53306,0.94902
36.73469,0.85965,0.89412
287.88462,0.66242,0.61569
222.81081,0.85648,0.84706
227.06897,0.72500,0.62745
328.48485,0.84979,0.91373
37.20000,0.71942,0.54510
240.74074,0.85714,0.74118
106.45161,0.85714,0.85098
202.40964,0.67480,0.48235
319.59799,0.99005,0.78824
342.30769,0.71889,0.85098
260.00000,0.41538,0.50980
274.73684,0.53271,0.83922
316.80000,0.16667,0.58824
265.00000,0.90566,0.41569
117.40541,0.82960,0.87451
290.86957,0.72632,0.74510
35.05263,0.92683,0.80392
111.90698,0.98174,0.85882
83.37662,0.84153,0.71765
41.53846,0.15758,0.64706
308.27586,0.67442,0.50588
241.12150,0.52451,0.80000
95.00000,0.50000,0.28235
277.09677,0.93467,0.78039
236.77419,0.37805,0.96471
242.63158,0.93827,0.95294
176.52893,0.56279,0.84314
206.07143,0.82353,0.80000
241.30435,0.48168,0.74902
40.99379,0.64659,0.97647
133.63636,0.34197,0.75686
75.21127,0.30085,0.92549
284.44444,0.51675,0.81961
290.55556,0.72000,0.58824
211.11111,0.53465,0.39608
308.57143,0.95789,0.74510
175.71429,0.30000,0.54902
83.24324,0.47845,0.90980
213.60000,0.31646,0.30980
20.65116,0.99078,0.85098
358.16594,0.95816,0.93725
164.11765,0.66929,0.99608
89.26829,0.85417,0.37647
268.42105,0.91200,0.98039
244.44444,0.50943,0.20784
279.51220,0.17155,0.93725
157.31092,0.54587,0.85490
79.45946,0.65487,0.88627
109.81132,0.94222,0.88235
312.53731,0.83750,0.62745
51.08911,0.50000,0.79216
150.90909,0.53226,0.97255
150.37975,0.48171,0.64314
281.22137,0.71196,0.72157
256.68639,0.85354,0.77647
343.33333,0.49541,0.85490
180.35928,0.77315,0.84706
164.05594,0.77297,0.72549
42.90503,0.78855,0.89020
222.09424,0.90952,0.82353
199.31034,0.62143,0.54902
266.66667,0.31980,0.77255
283.86555,0.56132,0.83137
182.17742,0.98805,0.98431
42.00000,0.87719,0.22353
345.28302,0.86885,0.95686
76.46018,0.60428,0.73333
264.00000,0.44444,0.17647
173.41463,0.48810,0.65882
12.76596,0.25683,0.71765
21.13990,0.75984,0.99608
120.00000,0.92105,0.14902
198.75000,0.80808,0.38824
119.43925,0.98165,0.85490
43.44828,0.34252,0.99608
292.94118,0.85859,0.77647
346.32353,0.64151,0.83137
216.64122,0.74857,0.68627
154.05405,0.23718,0.61176
61.38728,0.85644,0.79216
208.15385,0.56034,0.90980
240.00000,0.07065,0.72157
281.53846,0.50980,0.40000
36.92308,0.25896,0.98431
170.82353,0.44041,0.75686
16.03053,0.91608,0.56078
223.76471,0.52795,0.63137
53.41935,0.90116,0.67451
338.57143,0.58683,0.65490
50.80645,1.00000,0.97255
53.53846,0.69149,0.73725
61.39535,0.17551,0.96078
160.21978,0.36842,0.96863
65.37313,0.90135,0.87451
261.49254,0.90541,0.87059
171.33333,0.82569,0.42745
242.50000,0.51064,0.73725
41.44330,0.38039,1.00000
113.33333,0.47577,0.89020
271.02273,0.69020,1.00000
151.57895,0.83936,0.97647
49.92366,0.80368,0.63922
191.20000,0.70755,0.41569
9.65517,0.75325,0.90588
313.01205,0.32677,0.99608
351.15789,0.42222,0.88235
276.76056,0.61207,0.90980
310.00000,0.83422,0.73333
199.53488,0.73295,0.69020
136.59574,0.76216,0.72549
349.89474,0.49479,0.75294
171.42857,0.71795,0.91765
288.13187,0.98913,0.72157
324.00000,0.29891,0.72157
157.83133,0.99203,0.98431
350.70423,0.29461,0.94510
179.40299,0.85897,0.91765
35.10204,0.94839,0.60784
359.06250,0.88889,0.28235
35.45455,0.43137,0.80000
76.78571,0.68293,0.96471
332.81250,0.96482,0.78039
1.70213,0.85455,0.64706
249.37500,0.33161,0.75686
311.63265,0.58683,0.65490
57.66234,0.92771,0.32549
198.40491,0.67917,0.94118
150.00000,0.14286,0.43922
268.62745,0.67105,0.89412
90.15228,0.79116,0.97647
126.66667,0.97826,0.90196
248.25000,0.38647,0.81176
355.38462,0.41600,0.98039
102.16216,0.37374,0.38824
328.15385,0.94891,0.53725
337.94872,0.66477,0.69020
225.90604,0.96753,0.60392
85.03597,0.55159,0.98824
273.80282,0.73958,0.75294
353.73134,0.26800,0.98039
95.76923,0.88136,0.69412
279.45205,0.79348,0.72157
302.52101,0.85612,0.54510
178.46154,0.59391,0.77255
151.70984,0.78455,0.96471
230.58824,0.21795,0.91765
247.44186,0.62319,0.81176
335.86957,0.64336,0.56078
112.22798,0.94146,0.80392
217.84615,0.53498,0.95294
238.86792,0.90598,0.45882
358.18182,0.19075,0.67843
152.00000,0.73171,0.80392
259.20000,1.00000,0.19608
25.71429,0.30435,0.18039
191.57143,0.95238,0.57647
355.71429,0.47343,0.81176
356.75676,0.75820,0.95686
142.44275,0.59009,0.87059
274.28571,0.51471,0.26667
81.16071,0.89960,0.97647
177.29323,0.64251,0.81176
278.50000,0.48000,0.98039
281.09091,0.67901,0.95294
4.28571,0.36364,0.90588
286.66667,0.56250,0.43922
329.08163,0.94686,0.81176
106.36364,0.38150,0.67843
323.92405,0.98750,0.62745
223.40426,0.92157,0.80000
219.75000,0.40201,0.78039
83.30097,0.80784,1.00000
209.03226,0.39076,0.93333
259.05882,0.87629,0.76078
18.80597,0.53600,0.49020
10.58824,0.21384,0.62353
247.50000,0.23881,0.26275
288.63158,0.89623,0.41569
16.18605,0.93886,0.89804
130.08000,0.89286,0.54902
209.23077,0.95510,0.96078
40.34483,0.57711,0.78824
343.63636,0.34021,0.76078
74.11765,0.09444,0.70588
345.28302,0.68831,0.90588
356.82353,0.82927,0.80392
339.37500,0.65306,0.76863
318.77551,0.60246,0.95686
205.26316,0.68912,0.75686
269.24370,0.79866,0.58431
253.63636,0.10732,0.80392
111.57895,0.90000,0.74510
147.67241,0.91700,0.99216
97.59494,0.83598,0.74118
157.39535,0.88843,0.94902
260.25000,0.37383,0.83922
253.60000,0.72816,0.40392
32.41379,0.73418,0.92941
70.74074,0.68936,0.92157
258.88889,0.55670,0.38039
226.07143,0.29630,0.74118
252.97297,0.65198,0.89020
213.23077,0.57269,0.89020
23.07692,0.89041,0.57255
33.02521,0.96748,0.96471
292.70718,0.73878,0.96078
347.72727,0.65672,0.78824
230.52632,0.86008,0.95294
101.19403,0.82716,0.95294
21.92308,0.50980,0.80000
9.74359,0.51542,0.89020
341.00000,0.81081,0.87059
17.75510,0.61250,0.62745
85.49020,0.77273,0.77647
189.09953,0.84064,0.98431
130.34483,0.88261,0.90196
94.13793,0.55769,0.81569
276.83721,0.87045,0.96863
197.14286,0.07292,0.75294
186.69421,1.00000,0.94902
246.90265,0.96581,0.91765
336.14458,0.95402,0.34118
127.27273,0.67347,0.76863
283.44828,0.63043,0.36078
353.77358,0.72109,0.57647
264.39024,0.84247,0.57255
347.29927,0.81548,0.65882
231.78082,0.65179,0.43922
240.00000,0.47059,0.60000
175.83333,0.64000,0.88235
64.80000,0.22523,0.43529
355.63636,0.86275,1.00000
309.78261,0.87619,0.82353
52.70270,0.50685,0.57255
81.72414,0.67052,0.67843
261.84971,0.76549,0.88627
157.64706,0.43220,0.92549
53.33333,0.72000,0.09804
292.09581,1.00000,0.65490
44.17582,0.91457,0.78039
53.90625,0.84211,0.59608
237.44681,0.92157,0.60000
128.33333,0.69231,0.81569
333.72973,0.79399,0.91373
333.70787,0.36032,0.96863
176.69492,0.92913,0.99608
137.53846,0.62201,0.81961
25.90909,0.59459,0.87059
267.42857,0.95890,0.85882
86.96629,0.39732,0.87843
19.05882,0.78341,0.85098
174.00000,0.40650,0.96471
89.18919,0.84571,0.68627
172.54658,0.95833,0.65882
270.26549,0.55941,0.79216
32.63158,0.97714,0.68627
313.68421,0.70370,0.63529
58.07487,0.90777,0.80784
305.96685,0.91414,0.77647
190.13514,0.88095,0.65882
100.80000,0.73840,0.92941
161.35922,0.50244,0.80392
320.48780,0.34746,0.92549
298.06452,0.34254,0.70980
189.70588,0.80952,0.65882
257.14286,0.28112,0.97647
213.69458,0.99510,0.80000
157.77778,0.99474,0.74510
356.59091,0.98324,0.70196
61.44578,0.34156,0.95294
94.00000,0.71429,0.32941
30.35714,0.78873,0.83529
180.85714,0.27559,0.99608
204.24490,0.99593,0.96471
97.19008,0.67598,0.70196
282.59259,1.00000,0.63529
12.95455,0.53988,0.63922
196.66667,0.52427,0.40392
72.00000,0.51471,0.26667
334.00000,0.42654,0.82745
121.37405,0.62679,0.81961
154.92537,0.69792,0.75294
19.88571,0.81395,0.84314
211.39535,0.50888,0.66275
12.50000,0.92903,0.60784
74.88372,0.90845,0.55686
245.52147,0.64173,0.99608
61.57895,0.79832,0.93333
140.96386,0.61029,0.53333
99.71223,0.96528,0.56471
286.71141,0.80108,0.72941
1.15385,0.47273,0.43137
232.61905,0.98824,1.00000
158.62069,0.92553,0.73725
328.07692,0.82540,0.74118
201.19565,0.97354,0.74118
105.00000,0.94915,0.46275
121.66667,0.99605,0.99216
56.75676,0.15678,0.92549
197.14286,0.93007,0.56078
338.59155,0.95946,0.87059
65.82524,0.91964,0.87843
219.38931,0.62381,0.82353
86.05263,0.49673,0.60000
203.85542,0.79808,0.40784
130.58824,0.30909,0.64706
279.72973,0.34419,0.84314
56.08696,0.26901,0.67059
132.00000,0.05208,0.37647
114.00000,0.04739,0.82745
299.74468,0.98326,0.93725
140.00000,0.39594,0.77255
290.52632,0.38462,0.96863
290.47619,0.29577,0.83529
327.42857,0.35000,0.39216
70.93596,0.81855,0.97255
74.57143,0.77778,0.70588
340.17857,0.95319,0.92157
25.54455,0.41393,0.95686
133.08271,0.56838,0.91765
225.92593,0.66393,0.95686
89.73684,0.91200,0.98039
112.94118,0.34694,0.96078
289.03226,0.89423,0.40784
222.35294,0.28814,0.46275
168.55263,0.78756,0.75686
154.53659,0.93607,0.85882
341.53846,0.95480,0.69412
157.33333,0.33582,0.52549
227.74194,0.81579,0.44706
266.33094,0.66827,0.81569
56.19718,0.71000,0.78431
229.75610,0.96471,0.66667
179.15493,0.71357,0.78039
140.84211,0.82969,0.89804
250.12987,0.30435,0.99216
245.37313,0.37017,0.70980
201.44928,0.82143,0.98824
343.66337,0.82449,0.96078
184.02439,0.85864,0.74902
176.12903,0.91626,0.79608
336.70588,0.46961,0.70980
349.45946,0.70476,0.82353
317.69784,0.88535,0.61569
101.78571,0.22951,0.95686
36.41618,0.79724,0.85098
34.28571,0.15328,0.53725
306.46154,0.91549,0.83529
197.64706,0.83607,0.95686
157.46193,0.95631,0.80784
193.94366,0.88750,0.62745
135.57252,0.78443,0.65490
154.44444,0.25837,0.81961
301.04348,0.59278,0.76078
112.04082,0.74242,0.51765
193.10924,0.86232,0.54118
64.95413,0.75694,0.56471
7.37705,0.70115,0.68235
273.33333,0.86747,0.97647
150.24793,0.73333,0.64706
240.00000,0.55497,0.74902
37.14286,0.94382,0.34902
238.61272,0.91534,0.74118
128.30769,0.90909,0.56078
208.81890,0.57466,0.86667
149.56522,0.62162,0.43529
120.00000,0.90612,0.96078
129.89691,0.87387,0.87059
202.78481,0.63454,0.97647
268.04734,0.95480,0.69412
47.83784,0.32743,0.88627
234.03727,0.84737,0.74510
45.16854,0.80180,0.43529
130.82707,0.83125,0.62745
172.40964,0.77570,0.83922
286.95652,0.10900,0.82745
102.63158,0.33778,0.88235
2.34783,0.98712,0.91373
144.28571,0.60287,0.81961
223.90909,0.88710,0.97255
217.29730,0.15041,0.96471
70.90909,0.15714,0.54902
250.87500,0.71749,0.87451
76.71642,0.99015,0.79608
8.85906,0.60324,0.96863
114.44444,0.71053,0.59608
245.78313,0.40887,0.79608
9.94083,0.72845,0.90980
215.09434,0.64634,0.96471
306.62338,0.66957,0.90196
284.87395,0.90152,0.51765
230.55556,0.62428,0.67843
339.84000,0.53419,0.91765
333.81818,0.51402,0.41961
214.28571,0.79608,1.00000
85.71429,0.22340,0.36863
111.42857,0.71138,0.96471
13.63636,0.22000,0.78431
294.34555,0.75794,0.98824
26.87500,0.58896,0.63922
313.13869,0.99275,0.54118
132.85714,0.65116,0.84314
293.11475,0.76250,0.94118
131.57143,0.55118,0.99608
127.09677,0.59615,0.61176
262.96296,0.69528,0.91373
9.82456,0.89529,0.74902
316.39752,0.69397,0.90980
120.89552,0.37430,0.70196
288.79121,0.48663,0.73333
237.93103,0.47934,0.47451
266.72986,0.98140,0.84314
114.41860,0.51190,0.65882
255.25424,0.74059,0.93725
234.00000,0.36145,0.32549
134.38356,0.69524,0.82353
159.67742,0.32804,0.74118
356.47059,0.14167,0.94118
98.51528,0.97034,0.92549
3.89189,0.80786,0.89804
101.05263,0.26761,0.83529
198.89764,0.53361,0.93333
182.70270,0.74497,0.58431
